Using pre-set license
Built from '6000.0/release' branch; Version is '6000.0.35f1 (9a3bc604008a) revision 10107846'; Using compiler version '193933523'; Build Type 'Release'
OS: 'Windows 11  (10.0.26100) 64bit Core' Language: 'es' Physical Memory: 31941 MB
BatchMode: 1, IsHumanControllingUs: 0, StartBugReporterOnCrash: 0, Is64bit: 1, IsPro: 1

COMMAND LINE ARGUMENTS:
D:\Unity\Motores de edicion\Editores versiones\6000.0.35f1\Editor\Unity.exe
-adb2
-batchMode
-noUpm
-name
AssetImportWorker2
-projectPath
D:/Carpetas del sistema NO BORRAR/GITHUB DESKTOP REPO/RealidadMixta_Iot_pruebas/Industria_IOT_MR_unity6
-logFile
Logs/AssetImportWorker2.log
-srvPort
59023
-job-worker-count
5
-background-job-worker-count
8
-gc-helper-count
1
Successfully changed project path to: D:/Carpetas del sistema NO BORRAR/GITHUB DESKTOP REPO/RealidadMixta_Iot_pruebas/Industria_IOT_MR_unity6
D:/Carpetas del sistema NO BORRAR/GITHUB DESKTOP REPO/RealidadMixta_Iot_pruebas/Industria_IOT_MR_unity6
[UnityMemory] Configuration Parameters - Can be set up in boot.config
    "memorysetup-bucket-allocator-granularity=16"
    "memorysetup-bucket-allocator-bucket-count=8"
    "memorysetup-bucket-allocator-block-size=33554432"
    "memorysetup-bucket-allocator-block-count=8"
    "memorysetup-main-allocator-block-size=16777216"
    "memorysetup-thread-allocator-block-size=16777216"
    "memorysetup-gfx-main-allocator-block-size=16777216"
    "memorysetup-gfx-thread-allocator-block-size=16777216"
    "memorysetup-cache-allocator-block-size=4194304"
    "memorysetup-typetree-allocator-block-size=2097152"
    "memorysetup-profiler-bucket-allocator-granularity=16"
    "memorysetup-profiler-bucket-allocator-bucket-count=8"
    "memorysetup-profiler-bucket-allocator-block-size=33554432"
    "memorysetup-profiler-bucket-allocator-block-count=8"
    "memorysetup-profiler-allocator-block-size=16777216"
    "memorysetup-profiler-editor-allocator-block-size=1048576"
    "memorysetup-temp-allocator-size-main=16777216"
    "memorysetup-job-temp-allocator-block-size=2097152"
    "memorysetup-job-temp-allocator-block-size-background=1048576"
    "memorysetup-job-temp-allocator-reduction-small-platforms=262144"
    "memorysetup-allocator-temp-initial-block-size-main=262144"
    "memorysetup-allocator-temp-initial-block-size-worker=262144"
    "memorysetup-temp-allocator-size-background-worker=32768"
    "memorysetup-temp-allocator-size-job-worker=262144"
    "memorysetup-temp-allocator-size-preload-manager=33554432"
    "memorysetup-temp-allocator-size-nav-mesh-worker=65536"
    "memorysetup-temp-allocator-size-audio-worker=65536"
    "memorysetup-temp-allocator-size-cloud-worker=32768"
    "memorysetup-temp-allocator-size-gi-baking-worker=262144"
    "memorysetup-temp-allocator-size-gi-baking-worker=262144"
    "memorysetup-temp-allocator-size-gi-baking-worker=262144"
    "memorysetup-temp-allocator-size-gi-baking-worker=262144"
    "memorysetup-temp-allocator-size-gi-baking-worker=262144"
    "memorysetup-temp-allocator-size-gfx=262144"
Player connection [30764]  Target information:

Player connection [30764]  * "[IP] 172.16.195.180 [Port] 0 [Flags] 2 [Guid] 1368641820 [EditorId] 1368641820 [Version] 1048832 [Id] WindowsEditor(7,GAMING03) [Debug] 1 [PackageName] WindowsEditor [ProjectName] Editor" 

Player connection [30764] Host joined multi-casting on [225.0.0.222:54997]...
Player connection [30764] Host joined alternative multi-casting on [225.0.0.222:34997]...
JobSystem: Creating JobQueue using job-worker-count value 5
Input System module state changed to: Initialized.
[Physics::Module] Initialized fallback backend.
[Physics::Module] Id: 0xdecafbad
Library Redirect Path: Library/
[Physics::Module] Selected backend.
[Physics::Module] Name: PhysX
[Physics::Module] Id: 0xf2b8ea05
[Physics::Module] SDK Version: 4.1.2
[Physics::Module] Integration Version: 1.0.0
[Physics::Module] Threading Mode: Multi-Threaded
Refreshing native plugins compatible for Editor in 87.65 ms, found 14 plugins.
Preloading 0 native plugins for Editor in 0.00 ms.
Initialize engine version: 6000.0.35f1 (9a3bc604008a)
[Subsystems] Discovering subsystems at path D:/Unity/Motores de edicion/Editores versiones/6000.0.35f1/Editor/Data/Resources/UnitySubsystems
[Subsystems] Discovering subsystems at path D:/Carpetas del sistema NO BORRAR/GITHUB DESKTOP REPO/RealidadMixta_Iot_pruebas/Industria_IOT_MR_unity6/Assets
GfxDevice: creating device client; kGfxThreadingModeNonThreaded
Direct3D:
    Version:  Direct3D 11.0 [level 11.1]
    Renderer: NVIDIA GeForce RTX 3050 Laptop GPU (ID=0x25a2)
    Vendor:   NVIDIA
    VRAM:     3964 MB
    Driver:   32.0.15.7270
Shader 'Oculus/OVRMRCameraFrameLit': fallback shader 'Alpha-Diffuse' not found
Initialize mono
Mono path[0] = 'D:/Unity/Motores de edicion/Editores versiones/6000.0.35f1/Editor/Data/Managed'
Mono path[1] = 'D:/Unity/Motores de edicion/Editores versiones/6000.0.35f1/Editor/Data/MonoBleedingEdge/lib/mono/unityjit-win32'
Mono config path = 'D:/Unity/Motores de edicion/Editores versiones/6000.0.35f1/Editor/Data/MonoBleedingEdge/etc'
Using monoOptions --debugger-agent=transport=dt_socket,embedding=1,server=y,suspend=n,address=127.0.0.1:56728
Begin MonoManager ReloadAssembly
Registering precompiled unity dll's ...
Register platform support module: D:/Unity/Motores de edicion/Editores versiones/6000.0.35f1/Editor/Data/PlaybackEngines/WindowsStandaloneSupport/UnityEditor.WindowsStandalone.Extensions.dll
Register platform support module: D:/Unity/Motores de edicion/Editores versiones/6000.0.35f1/Editor/Data/PlaybackEngines/MetroSupport/UnityEditor.UWP.Extensions.dll
Register platform support module: D:/Unity/Motores de edicion/Editores versiones/6000.0.35f1/Editor/Data/PlaybackEngines/AndroidPlayer/UnityEditor.Android.Extensions.dll
Registered in 0.010604 seconds.
- Loaded All Assemblies, in  1.232 seconds
Native extension for Android target not found
Android Extension - Scanning For ADB Devices 474 ms
Native extension for UWP target not found
Native extension for WindowsStandalone target not found
Mono: successfully reloaded assembly
- Finished resetting the current domain, in  0.934 seconds
Domain Reload Profiling: 2150ms
	BeginReloadAssembly (832ms)
		ExecutionOrderSort (0ms)
		DisableScriptedObjects (0ms)
		BackupInstance (0ms)
		ReleaseScriptingObjects (0ms)
		CreateAndSetChildDomain (1ms)
	RebuildCommonClasses (50ms)
	RebuildNativeTypeToScriptingClass (12ms)
	initialDomainReloadingComplete (75ms)
	LoadAllAssembliesAndSetupDomain (248ms)
		LoadAssemblies (830ms)
		RebuildTransferFunctionScriptingTraits (0ms)
		AnalyzeDomain (233ms)
			TypeCache.Refresh (230ms)
				TypeCache.ScanAssembly (213ms)
			BuildScriptInfoCaches (0ms)
			ResolveRequiredComponents (1ms)
	FinalizeReload (934ms)
		ReleaseScriptCaches (0ms)
		RebuildScriptCaches (0ms)
		SetupLoadedEditorAssemblies (868ms)
			LogAssemblyErrors (0ms)
			InitializePlatformSupportModulesInManaged (585ms)
			SetLoadedEditorAssemblies (4ms)
			BeforeProcessingInitializeOnLoad (59ms)
			ProcessInitializeOnLoadAttributes (147ms)
			ProcessInitializeOnLoadMethodAttributes (74ms)
			AfterProcessingInitializeOnLoad (0ms)
			EditorAssembliesLoaded (0ms)
		ExecutionOrderSort2 (0ms)
		AwakeInstancesAfterBackupRestoration (0ms)
========================================================================
Worker process is ready to serve import requests
Import Worker Mode flag is 0x00
Begin MonoManager ReloadAssembly
- Loaded All Assemblies, in  3.580 seconds
Script 'CharacterController' has the same name as built-in Unity component.
AddComponent and GetComponent will not work with this script.
'Packages/com.meta.xr.sdk.core/Editor/BuildingBlocks/BlocksWindow.cs' contains partial class of Unity.Object, exactly 1 of the partial classes needs to be in a file with the same filename. This is to know the one that can be referenced from ie. GameObjects
'Packages/com.meta.xr.sdk.core/Editor/BuildingBlocks/BlocksWindowDetailsExtension.cs' contains partial class of Unity.Object, exactly 1 of the partial classes needs to be in a file with the same filename. This is to know the one that can be referenced from ie. GameObjects
'Packages/com.meta.xr.sdk.core/Editor/BuildingBlocks/BlocksWindowCollectionsPageExtension.cs' contains partial class of Unity.Object, exactly 1 of the partial classes needs to be in a file with the same filename. This is to know the one that can be referenced from ie. GameObjects
Refreshing native plugins compatible for Editor in 23.60 ms, found 14 plugins.
Native extension for Android target not found
Native extension for UWP target not found
Native extension for WindowsStandalone target not found
Package Manager log level set to [2]
[Package Manager] Failed to launch server process. Reason: Unity was launched with the -noUpm command-line argument
[Package Manager] Unable to send message (not connected to server process).
[Package Manager] Cannot connect to Unity Package Manager local server
[Package Manager] Failed to launch server process. Reason: Unity was launched with the -noUpm command-line argument
[Package Manager] Unable to send message (not connected to server process).
[Package Manager] Cannot connect to Unity Package Manager local server
Refreshing native plugins compatible for Editor in 25.12 ms, found 14 plugins.
[Package Manager] Failed to launch server process. Reason: Unity was launched with the -noUpm command-line argument
[Package Manager] Unable to send message (not connected to server process).
[Package Manager] Cannot connect to Unity Package Manager local server
System.Reflection.TargetInvocationException: Exception has been thrown by the target of an invocation. ---> System.TypeInitializationException: The type initializer for 'UnityEditor.XR.Interaction.Toolkit.Samples.SpatialKeyboard.Editor.SpatialKeyboardSampleProjectValidation' threw an exception. ---> System.NullReferenceException: Object reference not set to an instance of an object
  at Unity.XR.CoreUtils.Editor.PackageVersionUtility.UpdatePackageVersions () [0x00034] in .\Library\PackageCache\com.unity.xr.core-utils@c0df0dd5bced\Editor\ProjectValidation\PackageVersionUtility.cs:46 
  at Unity.XR.CoreUtils.Editor.PackageVersionUtility.GetPackageVersion (System.String packageName) [0x00011] in .\Library\PackageCache\com.unity.xr.core-utils@c0df0dd5bced\Editor\ProjectValidation\PackageVersionUtility.cs:67 
  at UnityEditor.XR.Interaction.Toolkit.Samples.SpatialKeyboard.Editor.SpatialKeyboardSampleProjectValidation..cctor () [0x00023] in D:\Carpetas del sistema NO BORRAR\GITHUB DESKTOP REPO\RealidadMixta_Iot_pruebas\Industria_IOT_MR_unity6\Assets\Samples\XR Interaction Toolkit\3.0.8\Spatial Keyboard\Editor\Scripts\SpatialKeyboardSampleProjectValidation.cs:39 
   --- End of inner exception stack trace ---
  at (wrapper managed-to-native) System.Object.__icall_wrapper_mono_gc_wbarrier_generic_nostore_internal(intptr)
  at (wrapper write-barrier) System.Object.wbarrier_conc(intptr)
  at (wrapper managed-to-native) System.Reflection.RuntimeMethodInfo.InternalInvoke(System.Reflection.RuntimeMethodInfo,object,object[],System.Exception&)
  at System.Reflection.RuntimeMethodInfo.Invoke (System.Object obj, System.Reflection.BindingFlags invokeAttr, System.Reflection.Binder binder, System.Object[] parameters, System.Globalization.CultureInfo culture) [0x0006a] in <191a1970a53948f9819ac1d2e4f5c72e>:0 
   --- End of inner exception stack trace ---
  at System.Reflection.RuntimeMethodInfo.Invoke (System.Object obj, System.Reflection.BindingFlags invokeAttr, System.Reflection.Binder binder, System.Object[] parameters, System.Globalization.CultureInfo culture) [0x00083] in <191a1970a53948f9819ac1d2e4f5c72e>:0 
  at System.Reflection.MethodBase.Invoke (System.Object obj, System.Object[] parameters) [0x00000] in <191a1970a53948f9819ac1d2e4f5c72e>:0 
  at UnityEditor.EditorAssemblies.ProcessInitializeOnLoadMethodAttributes () [0x00056] in <2f9d421960d84dffaa88793de0f4b5f3>:0 
UnityEngine.Debug:ExtractStackTraceNoAlloc (byte*,int,string)
UnityEngine.StackTraceUtility:ExtractStackTrace ()
UnityEngine.DebugLogHandler:Internal_Log (UnityEngine.LogType,UnityEngine.LogOption,string,UnityEngine.Object)
UnityEngine.DebugLogHandler:LogFormat (UnityEngine.LogType,UnityEngine.Object,string,object[])
UnityEngine.Logger:Log (UnityEngine.LogType,object)
UnityEngine.Debug:LogError (object)
UnityEditor.EditorAssemblies:ProcessInitializeOnLoadMethodAttributes ()

Mono: successfully reloaded assembly
[Package Manager] Failed to launch server process. Reason: Unity was launched with the -noUpm command-line argument
[Package Manager] Unable to send message (not connected to server process).
[Package Manager] Cannot connect to Unity Package Manager local server
[Package Manager] Failed to launch server process. Reason: Unity was launched with the -noUpm command-line argument
[Package Manager] Unable to send message (not connected to server process).
[Package Manager] Cannot connect to Unity Package Manager local server
- Finished resetting the current domain, in  2.710 seconds
Domain Reload Profiling: 6260ms
	BeginReloadAssembly (270ms)
		ExecutionOrderSort (0ms)
		DisableScriptedObjects (8ms)
		BackupInstance (0ms)
		ReleaseScriptingObjects (0ms)
		CreateAndSetChildDomain (46ms)
	RebuildCommonClasses (54ms)
	RebuildNativeTypeToScriptingClass (12ms)
	initialDomainReloadingComplete (61ms)
	LoadAllAssembliesAndSetupDomain (3153ms)
		LoadAssemblies (2848ms)
		RebuildTransferFunctionScriptingTraits (0ms)
		AnalyzeDomain (471ms)
			TypeCache.Refresh (330ms)
				TypeCache.ScanAssembly (303ms)
			BuildScriptInfoCaches (110ms)
			ResolveRequiredComponents (26ms)
	FinalizeReload (2711ms)
		ReleaseScriptCaches (0ms)
		RebuildScriptCaches (0ms)
		SetupLoadedEditorAssemblies (2497ms)
			LogAssemblyErrors (0ms)
			InitializePlatformSupportModulesInManaged (16ms)
			SetLoadedEditorAssemblies (8ms)
			BeforeProcessingInitializeOnLoad (303ms)
			ProcessInitializeOnLoadAttributes (1899ms)
			ProcessInitializeOnLoadMethodAttributes (255ms)
			AfterProcessingInitializeOnLoad (16ms)
			EditorAssembliesLoaded (0ms)
		ExecutionOrderSort2 (0ms)
		AwakeInstancesAfterBackupRestoration (7ms)
Shader 'Oculus/OVRMRCameraFrameLit': fallback shader 'Alpha-Diffuse' not found
Launched and connected shader compiler UnityShaderCompiler.exe after 0.02 seconds
Refreshing native plugins compatible for Editor in 27.67 ms, found 14 plugins.
Preloading 0 native plugins for Editor in 0.00 ms.
Unloading 293 Unused Serialized files (Serialized files now loaded: 0)
Unloading 9221 unused Assets / (9.4 MB). Loaded Objects now: 10004.
Memory consumption went from 217.2 MB to 207.9 MB.
Total: 25.341700 ms (FindLiveObjects: 1.555800 ms CreateObjectMapping: 3.322300 ms MarkObjects: 12.187800 ms  DeleteObjects: 8.274200 ms)

========================================================================
Received Import Request.
  Time since last request: 30319.395677 seconds.
  path: Assets/Samples/XR Interaction Toolkit/3.0.8/Hands Interaction Demo/HandsDemoSceneAssets/Prefabs/Arrow.prefab
  artifactKey: Guid(d56cf1aacbea4704cac4d7983df1a0ad) Importer(815301076,1909f56bfc062723c751e8b465ee728b)
Start importing Assets/Samples/XR Interaction Toolkit/3.0.8/Hands Interaction Demo/HandsDemoSceneAssets/Prefabs/Arrow.prefab using Guid(d56cf1aacbea4704cac4d7983df1a0ad) Importer(815301076,1909f56bfc062723c751e8b465ee728b) (PreviewImporter) -> (artifact id: '3506ec2fbd6e6fa609f319ea5e4d3e24') in 0.7616622 seconds
Number of updated asset objects reloaded before import = 0Number of asset objects unloaded after import = 51

========================================================================
Received Import Request.
  Time since last request: 0.000110 seconds.
  path: Assets/Samples/XR Interaction Toolkit/3.0.8/AR Starter Assets/Prefabs/AR Feathered Plane.prefab
  artifactKey: Guid(a6b7ca1d53c75490595d1f0d5f43be38) Importer(815301076,1909f56bfc062723c751e8b465ee728b)
Start importing Assets/Samples/XR Interaction Toolkit/3.0.8/AR Starter Assets/Prefabs/AR Feathered Plane.prefab using Guid(a6b7ca1d53c75490595d1f0d5f43be38) Importer(815301076,1909f56bfc062723c751e8b465ee728b) (PreviewImporter) -> (artifact id: 'fea31fe9789a255506ce487ea72a5127') in 0.0046467 seconds
Number of updated asset objects reloaded before import = 0Number of asset objects unloaded after import = 10

========================================================================
Received Import Request.
  Time since last request: 0.000042 seconds.
  path: Assets/Samples/XR Interaction Toolkit/3.0.8/Hands Interaction Demo/Shaders/Subgraphs/AllFingerHighlights.shadersubgraph
  artifactKey: Guid(31b878b1ba6f0f548bacb4ee6ae992e9) Importer(815301076,1909f56bfc062723c751e8b465ee728b)
Start importing Assets/Samples/XR Interaction Toolkit/3.0.8/Hands Interaction Demo/Shaders/Subgraphs/AllFingerHighlights.shadersubgraph using Guid(31b878b1ba6f0f548bacb4ee6ae992e9) Importer(815301076,1909f56bfc062723c751e8b465ee728b) (PreviewImporter) -> (artifact id: '1444f508714fca111c13188666920f87') in 0.0045815 seconds
Number of updated asset objects reloaded before import = 0Number of asset objects unloaded after import = 1

========================================================================
Received Import Request.
  Time since last request: 0.000040 seconds.
  path: Assets/Samples/XR Interaction Toolkit/3.0.8/Starter Assets/Filters/AnyGazedAtTeleportAnchorFilter.asset
  artifactKey: Guid(0f906c94e2aa0c3488832acc1db04295) Importer(815301076,1909f56bfc062723c751e8b465ee728b)
Start importing Assets/Samples/XR Interaction Toolkit/3.0.8/Starter Assets/Filters/AnyGazedAtTeleportAnchorFilter.asset using Guid(0f906c94e2aa0c3488832acc1db04295) Importer(815301076,1909f56bfc062723c751e8b465ee728b) (PreviewImporter) -> (artifact id: '564826224e4f39f0488ad7a76e4594b6') in 0.0097484 seconds
Number of updated asset objects reloaded before import = 0Number of asset objects unloaded after import = 1

========================================================================
Received Import Request.
  Time since last request: 5193.419071 seconds.
  path: Assets/PROYECTO
  artifactKey: Guid(54ad84bf83bacb44680dd10a367cdd77) Importer(815301076,1909f56bfc062723c751e8b465ee728b)
Start importing Assets/PROYECTO using Guid(54ad84bf83bacb44680dd10a367cdd77) Importer(815301076,1909f56bfc062723c751e8b465ee728b) (PreviewImporter) -> (artifact id: 'b4e84c6906ebada62cc9e37372184172') in 0.0058514 seconds
Number of updated asset objects reloaded before import = 0Number of asset objects unloaded after import = 0

========================================================================
Received Import Request.
  Time since last request: 14.356316 seconds.
  path: Assets/PROYECTO/2_Scripts
  artifactKey: Guid(a25a6d72480b40243b3525c98b9c5ed6) Importer(815301076,1909f56bfc062723c751e8b465ee728b)
Start importing Assets/PROYECTO/2_Scripts using Guid(a25a6d72480b40243b3525c98b9c5ed6) Importer(815301076,1909f56bfc062723c751e8b465ee728b) (PreviewImporter) -> (artifact id: '0aca6e5deff8c5fc90d45ed137618927') in 0.001728 seconds
Number of updated asset objects reloaded before import = 0Number of asset objects unloaded after import = 0

========================================================================
Received Prepare
Script 'CharacterController' has the same name as built-in Unity component.
AddComponent and GetComponent will not work with this script.
'Packages/com.meta.xr.sdk.core/Editor/BuildingBlocks/BlocksWindow.cs' contains partial class of Unity.Object, exactly 1 of the partial classes needs to be in a file with the same filename. This is to know the one that can be referenced from ie. GameObjects
'Packages/com.meta.xr.sdk.core/Editor/BuildingBlocks/BlocksWindowDetailsExtension.cs' contains partial class of Unity.Object, exactly 1 of the partial classes needs to be in a file with the same filename. This is to know the one that can be referenced from ie. GameObjects
'Packages/com.meta.xr.sdk.core/Editor/BuildingBlocks/BlocksWindowCollectionsPageExtension.cs' contains partial class of Unity.Object, exactly 1 of the partial classes needs to be in a file with the same filename. This is to know the one that can be referenced from ie. GameObjects
Shader 'Oculus/OVRMRCameraFrameLit': fallback shader 'Alpha-Diffuse' not found
Refreshing native plugins compatible for Editor in 36.80 ms, found 14 plugins.
Preloading 0 native plugins for Editor in 0.00 ms.
Unloading 19 Unused Serialized files (Serialized files now loaded: 0)
Unloading 9133 unused Assets / (6.1 MB). Loaded Objects now: 10076.
Memory consumption went from 181.5 MB to 175.5 MB.
Total: 82.231100 ms (FindLiveObjects: 2.717800 ms CreateObjectMapping: 3.763500 ms MarkObjects: 67.895200 ms  DeleteObjects: 7.853100 ms)

Prepare: number of updated asset objects reloaded= 0
========================================================================
Received Import Request.
  Time since last request: 23.669448 seconds.
  path: Assets/PROYECTO/2_Scripts/ControladorPaneles.cs
  artifactKey: Guid(adbd045c1d3e75742a63f7413f1bc485) Importer(815301076,1909f56bfc062723c751e8b465ee728b)
Start importing Assets/PROYECTO/2_Scripts/ControladorPaneles.cs using Guid(adbd045c1d3e75742a63f7413f1bc485) Importer(815301076,1909f56bfc062723c751e8b465ee728b) (PreviewImporter) -> (artifact id: 'fa34f82a69b857ad54fb9be906823cc4') in 0.0088557 seconds
Number of updated asset objects reloaded before import = 0Number of asset objects unloaded after import = 0

========================================================================
Received Prepare
Begin MonoManager ReloadAssembly
- Loaded All Assemblies, in  2.136 seconds
Script 'CharacterController' has the same name as built-in Unity component.
AddComponent and GetComponent will not work with this script.
'Packages/com.meta.xr.sdk.core/Editor/BuildingBlocks/BlocksWindow.cs' contains partial class of Unity.Object, exactly 1 of the partial classes needs to be in a file with the same filename. This is to know the one that can be referenced from ie. GameObjects
'Packages/com.meta.xr.sdk.core/Editor/BuildingBlocks/BlocksWindowDetailsExtension.cs' contains partial class of Unity.Object, exactly 1 of the partial classes needs to be in a file with the same filename. This is to know the one that can be referenced from ie. GameObjects
'Packages/com.meta.xr.sdk.core/Editor/BuildingBlocks/BlocksWindowCollectionsPageExtension.cs' contains partial class of Unity.Object, exactly 1 of the partial classes needs to be in a file with the same filename. This is to know the one that can be referenced from ie. GameObjects
Refreshing native plugins compatible for Editor in 22.86 ms, found 14 plugins.
Assertion failed on expression: 'pred(*previous, *i)'
Assertion failed on expression: 'pred(*previous, *i)'
Assertion failed on expression: 'pred(*previous, *i)'
Assertion failed on expression: 'pred(*previous, *i)'
Assertion failed on expression: 'pred(*previous, *i)'
Native extension for Android target not found
Native extension for UWP target not found
Native extension for WindowsStandalone target not found
[Package Manager] Failed to launch server process. Reason: Unity was launched with the -noUpm command-line argument
[Package Manager] Unable to send message (not connected to server process).
[Package Manager] Cannot connect to Unity Package Manager local server
[Package Manager] Failed to launch server process. Reason: Unity was launched with the -noUpm command-line argument
[Package Manager] Unable to send message (not connected to server process).
[Package Manager] Cannot connect to Unity Package Manager local server
Refreshing native plugins compatible for Editor in 26.58 ms, found 14 plugins.
[Package Manager] Failed to launch server process. Reason: Unity was launched with the -noUpm command-line argument
[Package Manager] Unable to send message (not connected to server process).
[Package Manager] Cannot connect to Unity Package Manager local server
System.Reflection.TargetInvocationException: Exception has been thrown by the target of an invocation. ---> System.TypeInitializationException: The type initializer for 'UnityEditor.XR.Interaction.Toolkit.Samples.SpatialKeyboard.Editor.SpatialKeyboardSampleProjectValidation' threw an exception. ---> System.NullReferenceException: Object reference not set to an instance of an object
  at Unity.XR.CoreUtils.Editor.PackageVersionUtility.UpdatePackageVersions () [0x00034] in .\Library\PackageCache\com.unity.xr.core-utils@c0df0dd5bced\Editor\ProjectValidation\PackageVersionUtility.cs:46 
  at Unity.XR.CoreUtils.Editor.PackageVersionUtility.GetPackageVersion (System.String packageName) [0x00011] in .\Library\PackageCache\com.unity.xr.core-utils@c0df0dd5bced\Editor\ProjectValidation\PackageVersionUtility.cs:67 
  at UnityEditor.XR.Interaction.Toolkit.Samples.SpatialKeyboard.Editor.SpatialKeyboardSampleProjectValidation..cctor () [0x00023] in D:\Carpetas del sistema NO BORRAR\GITHUB DESKTOP REPO\RealidadMixta_Iot_pruebas\Industria_IOT_MR_unity6\Assets\Samples\XR Interaction Toolkit\3.0.8\Spatial Keyboard\Editor\Scripts\SpatialKeyboardSampleProjectValidation.cs:39 
   --- End of inner exception stack trace ---
  at (wrapper managed-to-native) System.Object.__icall_wrapper_mono_gc_wbarrier_generic_nostore_internal(intptr)
  at (wrapper write-barrier) System.Object.wbarrier_conc(intptr)
  at (wrapper managed-to-native) System.Reflection.RuntimeMethodInfo.InternalInvoke(System.Reflection.RuntimeMethodInfo,object,object[],System.Exception&)
  at System.Reflection.RuntimeMethodInfo.Invoke (System.Object obj, System.Reflection.BindingFlags invokeAttr, System.Reflection.Binder binder, System.Object[] parameters, System.Globalization.CultureInfo culture) [0x0006a] in <191a1970a53948f9819ac1d2e4f5c72e>:0 
   --- End of inner exception stack trace ---
  at System.Reflection.RuntimeMethodInfo.Invoke (System.Object obj, System.Reflection.BindingFlags invokeAttr, System.Reflection.Binder binder, System.Object[] parameters, System.Globalization.CultureInfo culture) [0x00083] in <191a1970a53948f9819ac1d2e4f5c72e>:0 
  at System.Reflection.MethodBase.Invoke (System.Object obj, System.Object[] parameters) [0x00000] in <191a1970a53948f9819ac1d2e4f5c72e>:0 
  at UnityEditor.EditorAssemblies.ProcessInitializeOnLoadMethodAttributes () [0x00056] in <2f9d421960d84dffaa88793de0f4b5f3>:0 
UnityEngine.Debug:ExtractStackTraceNoAlloc (byte*,int,string)
UnityEngine.StackTraceUtility:ExtractStackTrace ()
UnityEngine.DebugLogHandler:Internal_Log (UnityEngine.LogType,UnityEngine.LogOption,string,UnityEngine.Object)
UnityEngine.DebugLogHandler:LogFormat (UnityEngine.LogType,UnityEngine.Object,string,object[])
UnityEngine.Logger:Log (UnityEngine.LogType,object)
UnityEngine.Debug:LogError (object)
UnityEditor.EditorAssemblies:ProcessInitializeOnLoadMethodAttributes ()

Mono: successfully reloaded assembly
[Package Manager] Failed to launch server process. Reason: Unity was launched with the -noUpm command-line argument
[Package Manager] Unable to send message (not connected to server process).
[Package Manager] Cannot connect to Unity Package Manager local server
- Finished resetting the current domain, in  1.847 seconds
Domain Reload Profiling: 3960ms
	BeginReloadAssembly (671ms)
		ExecutionOrderSort (0ms)
		DisableScriptedObjects (61ms)
		BackupInstance (0ms)
		ReleaseScriptingObjects (1ms)
		CreateAndSetChildDomain (248ms)
	RebuildCommonClasses (62ms)
	RebuildNativeTypeToScriptingClass (19ms)
	initialDomainReloadingComplete (67ms)
	LoadAllAssembliesAndSetupDomain (1292ms)
		LoadAssemblies (1072ms)
		RebuildTransferFunctionScriptingTraits (0ms)
		AnalyzeDomain (456ms)
			TypeCache.Refresh (26ms)
				TypeCache.ScanAssembly (2ms)
			BuildScriptInfoCaches (351ms)
			ResolveRequiredComponents (58ms)
	FinalizeReload (1848ms)
		ReleaseScriptCaches (0ms)
		RebuildScriptCaches (0ms)
		SetupLoadedEditorAssemblies (1482ms)
			LogAssemblyErrors (0ms)
			InitializePlatformSupportModulesInManaged (19ms)
			SetLoadedEditorAssemblies (13ms)
			BeforeProcessingInitializeOnLoad (353ms)
			ProcessInitializeOnLoadAttributes (829ms)
			ProcessInitializeOnLoadMethodAttributes (247ms)
			AfterProcessingInitializeOnLoad (20ms)
			EditorAssembliesLoaded (1ms)
		ExecutionOrderSort2 (0ms)
		AwakeInstancesAfterBackupRestoration (23ms)
Shader 'Oculus/OVRMRCameraFrameLit': fallback shader 'Alpha-Diffuse' not found
Refreshing native plugins compatible for Editor in 46.25 ms, found 14 plugins.
Preloading 0 native plugins for Editor in 0.00 ms.
Unloading 54 Unused Serialized files (Serialized files now loaded: 0)
Unloading 9220 unused Assets / (5.6 MB). Loaded Objects now: 10054.
Memory consumption went from 235.5 MB to 229.9 MB.
Total: 38.829200 ms (FindLiveObjects: 1.945900 ms CreateObjectMapping: 2.931500 ms MarkObjects: 25.084300 ms  DeleteObjects: 8.865100 ms)

Prepare: number of updated asset objects reloaded= 0
========================================================================
Received Prepare
Script 'CharacterController' has the same name as built-in Unity component.
AddComponent and GetComponent will not work with this script.
'Packages/com.meta.xr.sdk.core/Editor/BuildingBlocks/BlocksWindow.cs' contains partial class of Unity.Object, exactly 1 of the partial classes needs to be in a file with the same filename. This is to know the one that can be referenced from ie. GameObjects
'Packages/com.meta.xr.sdk.core/Editor/BuildingBlocks/BlocksWindowDetailsExtension.cs' contains partial class of Unity.Object, exactly 1 of the partial classes needs to be in a file with the same filename. This is to know the one that can be referenced from ie. GameObjects
'Packages/com.meta.xr.sdk.core/Editor/BuildingBlocks/BlocksWindowCollectionsPageExtension.cs' contains partial class of Unity.Object, exactly 1 of the partial classes needs to be in a file with the same filename. This is to know the one that can be referenced from ie. GameObjects
Shader 'Oculus/OVRMRCameraFrameLit': fallback shader 'Alpha-Diffuse' not found
Refreshing native plugins compatible for Editor in 104.95 ms, found 14 plugins.
Preloading 0 native plugins for Editor in 0.00 ms.
Unloading 19 Unused Serialized files (Serialized files now loaded: 0)
Unloading 9133 unused Assets / (3.8 MB). Loaded Objects now: 10044.
Memory consumption went from 192.4 MB to 188.6 MB.
Total: 47.594400 ms (FindLiveObjects: 2.848100 ms CreateObjectMapping: 4.353400 ms MarkObjects: 31.559500 ms  DeleteObjects: 8.830700 ms)

Prepare: number of updated asset objects reloaded= 0
========================================================================
Received Prepare
Begin MonoManager ReloadAssembly
- Loaded All Assemblies, in  1.361 seconds
Script 'CharacterController' has the same name as built-in Unity component.
AddComponent and GetComponent will not work with this script.
'Packages/com.meta.xr.sdk.core/Editor/BuildingBlocks/BlocksWindow.cs' contains partial class of Unity.Object, exactly 1 of the partial classes needs to be in a file with the same filename. This is to know the one that can be referenced from ie. GameObjects
'Packages/com.meta.xr.sdk.core/Editor/BuildingBlocks/BlocksWindowDetailsExtension.cs' contains partial class of Unity.Object, exactly 1 of the partial classes needs to be in a file with the same filename. This is to know the one that can be referenced from ie. GameObjects
'Packages/com.meta.xr.sdk.core/Editor/BuildingBlocks/BlocksWindowCollectionsPageExtension.cs' contains partial class of Unity.Object, exactly 1 of the partial classes needs to be in a file with the same filename. This is to know the one that can be referenced from ie. GameObjects
Refreshing native plugins compatible for Editor in 33.66 ms, found 14 plugins.
Assertion failed on expression: 'pred(*previous, *i)'
Assertion failed on expression: 'pred(*previous, *i)'
Assertion failed on expression: 'pred(*previous, *i)'
Assertion failed on expression: 'pred(*previous, *i)'
Assertion failed on expression: 'pred(*previous, *i)'
Native extension for Android target not found
Native extension for UWP target not found
Native extension for WindowsStandalone target not found
[Package Manager] Failed to launch server process. Reason: Unity was launched with the -noUpm command-line argument
[Package Manager] Unable to send message (not connected to server process).
[Package Manager] Cannot connect to Unity Package Manager local server
[Package Manager] Failed to launch server process. Reason: Unity was launched with the -noUpm command-line argument
[Package Manager] Unable to send message (not connected to server process).
[Package Manager] Cannot connect to Unity Package Manager local server
Refreshing native plugins compatible for Editor in 22.97 ms, found 14 plugins.
[Package Manager] Failed to launch server process. Reason: Unity was launched with the -noUpm command-line argument
[Package Manager] Unable to send message (not connected to server process).
[Package Manager] Cannot connect to Unity Package Manager local server
System.Reflection.TargetInvocationException: Exception has been thrown by the target of an invocation. ---> System.TypeInitializationException: The type initializer for 'UnityEditor.XR.Interaction.Toolkit.Samples.SpatialKeyboard.Editor.SpatialKeyboardSampleProjectValidation' threw an exception. ---> System.NullReferenceException: Object reference not set to an instance of an object
  at Unity.XR.CoreUtils.Editor.PackageVersionUtility.UpdatePackageVersions () [0x00034] in .\Library\PackageCache\com.unity.xr.core-utils@c0df0dd5bced\Editor\ProjectValidation\PackageVersionUtility.cs:46 
  at Unity.XR.CoreUtils.Editor.PackageVersionUtility.GetPackageVersion (System.String packageName) [0x00011] in .\Library\PackageCache\com.unity.xr.core-utils@c0df0dd5bced\Editor\ProjectValidation\PackageVersionUtility.cs:67 
  at UnityEditor.XR.Interaction.Toolkit.Samples.SpatialKeyboard.Editor.SpatialKeyboardSampleProjectValidation..cctor () [0x00023] in D:\Carpetas del sistema NO BORRAR\GITHUB DESKTOP REPO\RealidadMixta_Iot_pruebas\Industria_IOT_MR_unity6\Assets\Samples\XR Interaction Toolkit\3.0.8\Spatial Keyboard\Editor\Scripts\SpatialKeyboardSampleProjectValidation.cs:39 
   --- End of inner exception stack trace ---
  at (wrapper managed-to-native) System.Object.__icall_wrapper_mono_gc_wbarrier_generic_nostore_internal(intptr)
  at (wrapper write-barrier) System.Object.wbarrier_conc(intptr)
  at (wrapper managed-to-native) System.Reflection.RuntimeMethodInfo.InternalInvoke(System.Reflection.RuntimeMethodInfo,object,object[],System.Exception&)
  at System.Reflection.RuntimeMethodInfo.Invoke (System.Object obj, System.Reflection.BindingFlags invokeAttr, System.Reflection.Binder binder, System.Object[] parameters, System.Globalization.CultureInfo culture) [0x0006a] in <191a1970a53948f9819ac1d2e4f5c72e>:0 
   --- End of inner exception stack trace ---
  at System.Reflection.RuntimeMethodInfo.Invoke (System.Object obj, System.Reflection.BindingFlags invokeAttr, System.Reflection.Binder binder, System.Object[] parameters, System.Globalization.CultureInfo culture) [0x00083] in <191a1970a53948f9819ac1d2e4f5c72e>:0 
  at System.Reflection.MethodBase.Invoke (System.Object obj, System.Object[] parameters) [0x00000] in <191a1970a53948f9819ac1d2e4f5c72e>:0 
  at UnityEditor.EditorAssemblies.ProcessInitializeOnLoadMethodAttributes () [0x00056] in <2f9d421960d84dffaa88793de0f4b5f3>:0 
UnityEngine.Debug:ExtractStackTraceNoAlloc (byte*,int,string)
UnityEngine.StackTraceUtility:ExtractStackTrace ()
UnityEngine.DebugLogHandler:Internal_Log (UnityEngine.LogType,UnityEngine.LogOption,string,UnityEngine.Object)
UnityEngine.DebugLogHandler:LogFormat (UnityEngine.LogType,UnityEngine.Object,string,object[])
UnityEngine.Logger:Log (UnityEngine.LogType,object)
UnityEngine.Debug:LogError (object)
UnityEditor.EditorAssemblies:ProcessInitializeOnLoadMethodAttributes ()

Mono: successfully reloaded assembly
[Package Manager] Failed to launch server process. Reason: Unity was launched with the -noUpm command-line argument
[Package Manager] Unable to send message (not connected to server process).
[Package Manager] Cannot connect to Unity Package Manager local server
- Finished resetting the current domain, in  1.557 seconds
Domain Reload Profiling: 2895ms
	BeginReloadAssembly (312ms)
		ExecutionOrderSort (0ms)
		DisableScriptedObjects (6ms)
		BackupInstance (0ms)
		ReleaseScriptingObjects (0ms)
		CreateAndSetChildDomain (93ms)
	RebuildCommonClasses (43ms)
	RebuildNativeTypeToScriptingClass (13ms)
	initialDomainReloadingComplete (51ms)
	LoadAllAssembliesAndSetupDomain (917ms)
		LoadAssemblies (735ms)
		RebuildTransferFunctionScriptingTraits (0ms)
		AnalyzeDomain (320ms)
			TypeCache.Refresh (15ms)
				TypeCache.ScanAssembly (2ms)
			BuildScriptInfoCaches (273ms)
			ResolveRequiredComponents (26ms)
	FinalizeReload (1558ms)
		ReleaseScriptCaches (0ms)
		RebuildScriptCaches (0ms)
		SetupLoadedEditorAssemblies (1270ms)
			LogAssemblyErrors (0ms)
			InitializePlatformSupportModulesInManaged (13ms)
			SetLoadedEditorAssemblies (7ms)
			BeforeProcessingInitializeOnLoad (281ms)
			ProcessInitializeOnLoadAttributes (724ms)
			ProcessInitializeOnLoadMethodAttributes (228ms)
			AfterProcessingInitializeOnLoad (16ms)
			EditorAssembliesLoaded (1ms)
		ExecutionOrderSort2 (0ms)
		AwakeInstancesAfterBackupRestoration (18ms)
Shader 'Oculus/OVRMRCameraFrameLit': fallback shader 'Alpha-Diffuse' not found
Refreshing native plugins compatible for Editor in 39.61 ms, found 14 plugins.
Preloading 0 native plugins for Editor in 0.00 ms.
Unloading 44 Unused Serialized files (Serialized files now loaded: 0)
Unloading 9220 unused Assets / (8.4 MB). Loaded Objects now: 10057.
Memory consumption went from 233.7 MB to 225.3 MB.
Total: 38.497800 ms (FindLiveObjects: 2.332100 ms CreateObjectMapping: 2.621400 ms MarkObjects: 22.670700 ms  DeleteObjects: 10.870900 ms)

Prepare: number of updated asset objects reloaded= 0
========================================================================
Received Import Request.
  Time since last request: 1509.146632 seconds.
  path: Assets/PROYECTO/2_Scripts/ControladorPaneles.cs
  artifactKey: Guid(adbd045c1d3e75742a63f7413f1bc485) Importer(815301076,1909f56bfc062723c751e8b465ee728b)
Start importing Assets/PROYECTO/2_Scripts/ControladorPaneles.cs using Guid(adbd045c1d3e75742a63f7413f1bc485) Importer(815301076,1909f56bfc062723c751e8b465ee728b) (PreviewImporter) -> (artifact id: '8d2d2903b038f485712b436949e5fe90') in 0.0071512 seconds
Number of updated asset objects reloaded before import = 0Number of asset objects unloaded after import = 0

========================================================================
Received Prepare
Script 'CharacterController' has the same name as built-in Unity component.
AddComponent and GetComponent will not work with this script.
'Packages/com.meta.xr.sdk.core/Editor/BuildingBlocks/BlocksWindow.cs' contains partial class of Unity.Object, exactly 1 of the partial classes needs to be in a file with the same filename. This is to know the one that can be referenced from ie. GameObjects
'Packages/com.meta.xr.sdk.core/Editor/BuildingBlocks/BlocksWindowDetailsExtension.cs' contains partial class of Unity.Object, exactly 1 of the partial classes needs to be in a file with the same filename. This is to know the one that can be referenced from ie. GameObjects
'Packages/com.meta.xr.sdk.core/Editor/BuildingBlocks/BlocksWindowCollectionsPageExtension.cs' contains partial class of Unity.Object, exactly 1 of the partial classes needs to be in a file with the same filename. This is to know the one that can be referenced from ie. GameObjects
Shader 'Oculus/OVRMRCameraFrameLit': fallback shader 'Alpha-Diffuse' not found
Refreshing native plugins compatible for Editor in 170.20 ms, found 14 plugins.
Preloading 0 native plugins for Editor in 0.00 ms.
Unloading 19 Unused Serialized files (Serialized files now loaded: 0)
Unloading 9133 unused Assets / (9.5 MB). Loaded Objects now: 10047.
Memory consumption went from 192.1 MB to 182.6 MB.
Total: 32.824300 ms (FindLiveObjects: 2.532400 ms CreateObjectMapping: 3.792700 ms MarkObjects: 17.799000 ms  DeleteObjects: 8.697700 ms)

Prepare: number of updated asset objects reloaded= 0
========================================================================
Received Import Request.
  Time since last request: 502.582122 seconds.
  path: Assets/PROYECTO/2_Scripts/ControladorPaneles.cs
  artifactKey: Guid(adbd045c1d3e75742a63f7413f1bc485) Importer(815301076,1909f56bfc062723c751e8b465ee728b)
Start importing Assets/PROYECTO/2_Scripts/ControladorPaneles.cs using Guid(adbd045c1d3e75742a63f7413f1bc485) Importer(815301076,1909f56bfc062723c751e8b465ee728b) (PreviewImporter) -> (artifact id: '73a8b1c790007ce21eac3c639d44e8ed') in 0.0052801 seconds
Number of updated asset objects reloaded before import = 0Number of asset objects unloaded after import = 0

========================================================================
Received Prepare
Begin MonoManager ReloadAssembly
- Loaded All Assemblies, in  1.391 seconds
Script 'CharacterController' has the same name as built-in Unity component.
AddComponent and GetComponent will not work with this script.
'Packages/com.meta.xr.sdk.core/Editor/BuildingBlocks/BlocksWindow.cs' contains partial class of Unity.Object, exactly 1 of the partial classes needs to be in a file with the same filename. This is to know the one that can be referenced from ie. GameObjects
'Packages/com.meta.xr.sdk.core/Editor/BuildingBlocks/BlocksWindowDetailsExtension.cs' contains partial class of Unity.Object, exactly 1 of the partial classes needs to be in a file with the same filename. This is to know the one that can be referenced from ie. GameObjects
'Packages/com.meta.xr.sdk.core/Editor/BuildingBlocks/BlocksWindowCollectionsPageExtension.cs' contains partial class of Unity.Object, exactly 1 of the partial classes needs to be in a file with the same filename. This is to know the one that can be referenced from ie. GameObjects
Refreshing native plugins compatible for Editor in 27.65 ms, found 14 plugins.
Assertion failed on expression: 'pred(*previous, *i)'
Assertion failed on expression: 'pred(*previous, *i)'
Assertion failed on expression: 'pred(*previous, *i)'
Assertion failed on expression: 'pred(*previous, *i)'
Assertion failed on expression: 'pred(*previous, *i)'
Native extension for Android target not found
Native extension for UWP target not found
Native extension for WindowsStandalone target not found
[Package Manager] Failed to launch server process. Reason: Unity was launched with the -noUpm command-line argument
[Package Manager] Unable to send message (not connected to server process).
[Package Manager] Cannot connect to Unity Package Manager local server
[Package Manager] Failed to launch server process. Reason: Unity was launched with the -noUpm command-line argument
[Package Manager] Unable to send message (not connected to server process).
[Package Manager] Cannot connect to Unity Package Manager local server
Refreshing native plugins compatible for Editor in 21.39 ms, found 14 plugins.
[Package Manager] Failed to launch server process. Reason: Unity was launched with the -noUpm command-line argument
[Package Manager] Unable to send message (not connected to server process).
[Package Manager] Cannot connect to Unity Package Manager local server
System.Reflection.TargetInvocationException: Exception has been thrown by the target of an invocation. ---> System.TypeInitializationException: The type initializer for 'UnityEditor.XR.Interaction.Toolkit.Samples.SpatialKeyboard.Editor.SpatialKeyboardSampleProjectValidation' threw an exception. ---> System.NullReferenceException: Object reference not set to an instance of an object
  at Unity.XR.CoreUtils.Editor.PackageVersionUtility.UpdatePackageVersions () [0x00034] in .\Library\PackageCache\com.unity.xr.core-utils@c0df0dd5bced\Editor\ProjectValidation\PackageVersionUtility.cs:46 
  at Unity.XR.CoreUtils.Editor.PackageVersionUtility.GetPackageVersion (System.String packageName) [0x00011] in .\Library\PackageCache\com.unity.xr.core-utils@c0df0dd5bced\Editor\ProjectValidation\PackageVersionUtility.cs:67 
  at UnityEditor.XR.Interaction.Toolkit.Samples.SpatialKeyboard.Editor.SpatialKeyboardSampleProjectValidation..cctor () [0x00023] in D:\Carpetas del sistema NO BORRAR\GITHUB DESKTOP REPO\RealidadMixta_Iot_pruebas\Industria_IOT_MR_unity6\Assets\Samples\XR Interaction Toolkit\3.0.8\Spatial Keyboard\Editor\Scripts\SpatialKeyboardSampleProjectValidation.cs:39 
   --- End of inner exception stack trace ---
  at (wrapper managed-to-native) System.Object.__icall_wrapper_mono_gc_wbarrier_generic_nostore_internal(intptr)
  at (wrapper write-barrier) System.Object.wbarrier_conc(intptr)
  at (wrapper managed-to-native) System.Reflection.RuntimeMethodInfo.InternalInvoke(System.Reflection.RuntimeMethodInfo,object,object[],System.Exception&)
  at System.Reflection.RuntimeMethodInfo.Invoke (System.Object obj, System.Reflection.BindingFlags invokeAttr, System.Reflection.Binder binder, System.Object[] parameters, System.Globalization.CultureInfo culture) [0x0006a] in <191a1970a53948f9819ac1d2e4f5c72e>:0 
   --- End of inner exception stack trace ---
  at System.Reflection.RuntimeMethodInfo.Invoke (System.Object obj, System.Reflection.BindingFlags invokeAttr, System.Reflection.Binder binder, System.Object[] parameters, System.Globalization.CultureInfo culture) [0x00083] in <191a1970a53948f9819ac1d2e4f5c72e>:0 
  at System.Reflection.MethodBase.Invoke (System.Object obj, System.Object[] parameters) [0x00000] in <191a1970a53948f9819ac1d2e4f5c72e>:0 
  at UnityEditor.EditorAssemblies.ProcessInitializeOnLoadMethodAttributes () [0x00056] in <2f9d421960d84dffaa88793de0f4b5f3>:0 
UnityEngine.Debug:ExtractStackTraceNoAlloc (byte*,int,string)
UnityEngine.StackTraceUtility:ExtractStackTrace ()
UnityEngine.DebugLogHandler:Internal_Log (UnityEngine.LogType,UnityEngine.LogOption,string,UnityEngine.Object)
UnityEngine.DebugLogHandler:LogFormat (UnityEngine.LogType,UnityEngine.Object,string,object[])
UnityEngine.Logger:Log (UnityEngine.LogType,object)
UnityEngine.Debug:LogError (object)
UnityEditor.EditorAssemblies:ProcessInitializeOnLoadMethodAttributes ()

Mono: successfully reloaded assembly
[Package Manager] Failed to launch server process. Reason: Unity was launched with the -noUpm command-line argument
[Package Manager] Unable to send message (not connected to server process).
[Package Manager] Cannot connect to Unity Package Manager local server
- Finished resetting the current domain, in  1.535 seconds
Domain Reload Profiling: 2903ms
	BeginReloadAssembly (314ms)
		ExecutionOrderSort (0ms)
		DisableScriptedObjects (7ms)
		BackupInstance (0ms)
		ReleaseScriptingObjects (0ms)
		CreateAndSetChildDomain (91ms)
	RebuildCommonClasses (47ms)
	RebuildNativeTypeToScriptingClass (15ms)
	initialDomainReloadingComplete (46ms)
	LoadAllAssembliesAndSetupDomain (946ms)
		LoadAssemblies (749ms)
		RebuildTransferFunctionScriptingTraits (0ms)
		AnalyzeDomain (335ms)
			TypeCache.Refresh (18ms)
				TypeCache.ScanAssembly (2ms)
			BuildScriptInfoCaches (286ms)
			ResolveRequiredComponents (25ms)
	FinalizeReload (1536ms)
		ReleaseScriptCaches (0ms)
		RebuildScriptCaches (0ms)
		SetupLoadedEditorAssemblies (1251ms)
			LogAssemblyErrors (0ms)
			InitializePlatformSupportModulesInManaged (16ms)
			SetLoadedEditorAssemblies (7ms)
			BeforeProcessingInitializeOnLoad (262ms)
			ProcessInitializeOnLoadAttributes (753ms)
			ProcessInitializeOnLoadMethodAttributes (197ms)
			AfterProcessingInitializeOnLoad (15ms)
			EditorAssembliesLoaded (1ms)
		ExecutionOrderSort2 (0ms)
		AwakeInstancesAfterBackupRestoration (15ms)
Shader 'Oculus/OVRMRCameraFrameLit': fallback shader 'Alpha-Diffuse' not found
Refreshing native plugins compatible for Editor in 35.24 ms, found 14 plugins.
Preloading 0 native plugins for Editor in 0.00 ms.
Unloading 44 Unused Serialized files (Serialized files now loaded: 0)
Unloading 9220 unused Assets / (7.5 MB). Loaded Objects now: 10060.
Memory consumption went from 233.7 MB to 226.1 MB.
Total: 32.473300 ms (FindLiveObjects: 1.858500 ms CreateObjectMapping: 2.534700 ms MarkObjects: 17.713600 ms  DeleteObjects: 10.364600 ms)

Prepare: number of updated asset objects reloaded= 0
========================================================================
Received Prepare
Script 'CharacterController' has the same name as built-in Unity component.
AddComponent and GetComponent will not work with this script.
'Packages/com.meta.xr.sdk.core/Editor/BuildingBlocks/BlocksWindow.cs' contains partial class of Unity.Object, exactly 1 of the partial classes needs to be in a file with the same filename. This is to know the one that can be referenced from ie. GameObjects
'Packages/com.meta.xr.sdk.core/Editor/BuildingBlocks/BlocksWindowDetailsExtension.cs' contains partial class of Unity.Object, exactly 1 of the partial classes needs to be in a file with the same filename. This is to know the one that can be referenced from ie. GameObjects
'Packages/com.meta.xr.sdk.core/Editor/BuildingBlocks/BlocksWindowCollectionsPageExtension.cs' contains partial class of Unity.Object, exactly 1 of the partial classes needs to be in a file with the same filename. This is to know the one that can be referenced from ie. GameObjects
Shader 'Oculus/OVRMRCameraFrameLit': fallback shader 'Alpha-Diffuse' not found
Refreshing native plugins compatible for Editor in 303.15 ms, found 14 plugins.
Preloading 0 native plugins for Editor in 0.00 ms.
Unloading 19 Unused Serialized files (Serialized files now loaded: 0)
Unloading 9133 unused Assets / (8.6 MB). Loaded Objects now: 10050.
Memory consumption went from 192.3 MB to 183.7 MB.
Total: 31.208500 ms (FindLiveObjects: 3.432600 ms CreateObjectMapping: 3.665200 ms MarkObjects: 15.814000 ms  DeleteObjects: 8.294100 ms)

Prepare: number of updated asset objects reloaded= 0
========================================================================
Received Prepare
Begin MonoManager ReloadAssembly
- Loaded All Assemblies, in  1.376 seconds
Script 'CharacterController' has the same name as built-in Unity component.
AddComponent and GetComponent will not work with this script.
'Packages/com.meta.xr.sdk.core/Editor/BuildingBlocks/BlocksWindow.cs' contains partial class of Unity.Object, exactly 1 of the partial classes needs to be in a file with the same filename. This is to know the one that can be referenced from ie. GameObjects
'Packages/com.meta.xr.sdk.core/Editor/BuildingBlocks/BlocksWindowDetailsExtension.cs' contains partial class of Unity.Object, exactly 1 of the partial classes needs to be in a file with the same filename. This is to know the one that can be referenced from ie. GameObjects
'Packages/com.meta.xr.sdk.core/Editor/BuildingBlocks/BlocksWindowCollectionsPageExtension.cs' contains partial class of Unity.Object, exactly 1 of the partial classes needs to be in a file with the same filename. This is to know the one that can be referenced from ie. GameObjects
Refreshing native plugins compatible for Editor in 26.93 ms, found 14 plugins.
Assertion failed on expression: 'pred(*previous, *i)'
Assertion failed on expression: 'pred(*previous, *i)'
Assertion failed on expression: 'pred(*previous, *i)'
Assertion failed on expression: 'pred(*previous, *i)'
Assertion failed on expression: 'pred(*previous, *i)'
Native extension for Android target not found
Native extension for UWP target not found
Native extension for WindowsStandalone target not found
[Package Manager] Failed to launch server process. Reason: Unity was launched with the -noUpm command-line argument
[Package Manager] Unable to send message (not connected to server process).
[Package Manager] Cannot connect to Unity Package Manager local server
[Package Manager] Failed to launch server process. Reason: Unity was launched with the -noUpm command-line argument
[Package Manager] Unable to send message (not connected to server process).
[Package Manager] Cannot connect to Unity Package Manager local server
Refreshing native plugins compatible for Editor in 22.14 ms, found 14 plugins.
[Package Manager] Failed to launch server process. Reason: Unity was launched with the -noUpm command-line argument
[Package Manager] Unable to send message (not connected to server process).
[Package Manager] Cannot connect to Unity Package Manager local server
System.Reflection.TargetInvocationException: Exception has been thrown by the target of an invocation. ---> System.TypeInitializationException: The type initializer for 'UnityEditor.XR.Interaction.Toolkit.Samples.SpatialKeyboard.Editor.SpatialKeyboardSampleProjectValidation' threw an exception. ---> System.NullReferenceException: Object reference not set to an instance of an object
  at Unity.XR.CoreUtils.Editor.PackageVersionUtility.UpdatePackageVersions () [0x00034] in .\Library\PackageCache\com.unity.xr.core-utils@c0df0dd5bced\Editor\ProjectValidation\PackageVersionUtility.cs:46 
  at Unity.XR.CoreUtils.Editor.PackageVersionUtility.GetPackageVersion (System.String packageName) [0x00011] in .\Library\PackageCache\com.unity.xr.core-utils@c0df0dd5bced\Editor\ProjectValidation\PackageVersionUtility.cs:67 
  at UnityEditor.XR.Interaction.Toolkit.Samples.SpatialKeyboard.Editor.SpatialKeyboardSampleProjectValidation..cctor () [0x00023] in D:\Carpetas del sistema NO BORRAR\GITHUB DESKTOP REPO\RealidadMixta_Iot_pruebas\Industria_IOT_MR_unity6\Assets\Samples\XR Interaction Toolkit\3.0.8\Spatial Keyboard\Editor\Scripts\SpatialKeyboardSampleProjectValidation.cs:39 
   --- End of inner exception stack trace ---
  at (wrapper managed-to-native) System.Object.__icall_wrapper_mono_gc_wbarrier_generic_nostore_internal(intptr)
  at (wrapper write-barrier) System.Object.wbarrier_conc(intptr)
  at (wrapper managed-to-native) System.Reflection.RuntimeMethodInfo.InternalInvoke(System.Reflection.RuntimeMethodInfo,object,object[],System.Exception&)
  at System.Reflection.RuntimeMethodInfo.Invoke (System.Object obj, System.Reflection.BindingFlags invokeAttr, System.Reflection.Binder binder, System.Object[] parameters, System.Globalization.CultureInfo culture) [0x0006a] in <191a1970a53948f9819ac1d2e4f5c72e>:0 
   --- End of inner exception stack trace ---
  at System.Reflection.RuntimeMethodInfo.Invoke (System.Object obj, System.Reflection.BindingFlags invokeAttr, System.Reflection.Binder binder, System.Object[] parameters, System.Globalization.CultureInfo culture) [0x00083] in <191a1970a53948f9819ac1d2e4f5c72e>:0 
  at System.Reflection.MethodBase.Invoke (System.Object obj, System.Object[] parameters) [0x00000] in <191a1970a53948f9819ac1d2e4f5c72e>:0 
  at UnityEditor.EditorAssemblies.ProcessInitializeOnLoadMethodAttributes () [0x00056] in <2f9d421960d84dffaa88793de0f4b5f3>:0 
UnityEngine.Debug:ExtractStackTraceNoAlloc (byte*,int,string)
UnityEngine.StackTraceUtility:ExtractStackTrace ()
UnityEngine.DebugLogHandler:Internal_Log (UnityEngine.LogType,UnityEngine.LogOption,string,UnityEngine.Object)
UnityEngine.DebugLogHandler:LogFormat (UnityEngine.LogType,UnityEngine.Object,string,object[])
UnityEngine.Logger:Log (UnityEngine.LogType,object)
UnityEngine.Debug:LogError (object)
UnityEditor.EditorAssemblies:ProcessInitializeOnLoadMethodAttributes ()

Mono: successfully reloaded assembly
[Package Manager] Failed to launch server process. Reason: Unity was launched with the -noUpm command-line argument
[Package Manager] Unable to send message (not connected to server process).
[Package Manager] Cannot connect to Unity Package Manager local server
- Finished resetting the current domain, in  1.589 seconds
Domain Reload Profiling: 2940ms
	BeginReloadAssembly (316ms)
		ExecutionOrderSort (0ms)
		DisableScriptedObjects (11ms)
		BackupInstance (0ms)
		ReleaseScriptingObjects (0ms)
		CreateAndSetChildDomain (88ms)
	RebuildCommonClasses (41ms)
	RebuildNativeTypeToScriptingClass (13ms)
	initialDomainReloadingComplete (47ms)
	LoadAllAssembliesAndSetupDomain (933ms)
		LoadAssemblies (725ms)
		RebuildTransferFunctionScriptingTraits (0ms)
		AnalyzeDomain (349ms)
			TypeCache.Refresh (18ms)
				TypeCache.ScanAssembly (2ms)
			BuildScriptInfoCaches (300ms)
			ResolveRequiredComponents (24ms)
	FinalizeReload (1590ms)
		ReleaseScriptCaches (0ms)
		RebuildScriptCaches (0ms)
		SetupLoadedEditorAssemblies (1274ms)
			LogAssemblyErrors (0ms)
			InitializePlatformSupportModulesInManaged (15ms)
			SetLoadedEditorAssemblies (7ms)
			BeforeProcessingInitializeOnLoad (270ms)
			ProcessInitializeOnLoadAttributes (762ms)
			ProcessInitializeOnLoadMethodAttributes (201ms)
			AfterProcessingInitializeOnLoad (17ms)
			EditorAssembliesLoaded (1ms)
		ExecutionOrderSort2 (0ms)
		AwakeInstancesAfterBackupRestoration (18ms)
Shader 'Oculus/OVRMRCameraFrameLit': fallback shader 'Alpha-Diffuse' not found
Refreshing native plugins compatible for Editor in 45.43 ms, found 14 plugins.
Preloading 0 native plugins for Editor in 0.00 ms.
Unloading 44 Unused Serialized files (Serialized files now loaded: 0)
Unloading 9220 unused Assets / (8.4 MB). Loaded Objects now: 10063.
Memory consumption went from 233.7 MB to 225.2 MB.
Total: 34.483300 ms (FindLiveObjects: 1.816800 ms CreateObjectMapping: 3.305900 ms MarkObjects: 18.952100 ms  DeleteObjects: 10.406000 ms)

Prepare: number of updated asset objects reloaded= 0
========================================================================
Received Prepare
Script 'CharacterController' has the same name as built-in Unity component.
AddComponent and GetComponent will not work with this script.
'Packages/com.meta.xr.sdk.core/Editor/BuildingBlocks/BlocksWindow.cs' contains partial class of Unity.Object, exactly 1 of the partial classes needs to be in a file with the same filename. This is to know the one that can be referenced from ie. GameObjects
'Packages/com.meta.xr.sdk.core/Editor/BuildingBlocks/BlocksWindowDetailsExtension.cs' contains partial class of Unity.Object, exactly 1 of the partial classes needs to be in a file with the same filename. This is to know the one that can be referenced from ie. GameObjects
'Packages/com.meta.xr.sdk.core/Editor/BuildingBlocks/BlocksWindowCollectionsPageExtension.cs' contains partial class of Unity.Object, exactly 1 of the partial classes needs to be in a file with the same filename. This is to know the one that can be referenced from ie. GameObjects
Shader 'Oculus/OVRMRCameraFrameLit': fallback shader 'Alpha-Diffuse' not found
Refreshing native plugins compatible for Editor in 269.57 ms, found 14 plugins.
Preloading 0 native plugins for Editor in 0.00 ms.
Unloading 19 Unused Serialized files (Serialized files now loaded: 0)
Unloading 9133 unused Assets / (9.0 MB). Loaded Objects now: 10053.
Memory consumption went from 192.4 MB to 183.4 MB.
Total: 31.933100 ms (FindLiveObjects: 1.399300 ms CreateObjectMapping: 2.048900 ms MarkObjects: 19.256300 ms  DeleteObjects: 9.226400 ms)

Prepare: number of updated asset objects reloaded= 0
========================================================================
Received Prepare
Begin MonoManager ReloadAssembly
- Loaded All Assemblies, in  1.405 seconds
Script 'CharacterController' has the same name as built-in Unity component.
AddComponent and GetComponent will not work with this script.
'Packages/com.meta.xr.sdk.core/Editor/BuildingBlocks/BlocksWindow.cs' contains partial class of Unity.Object, exactly 1 of the partial classes needs to be in a file with the same filename. This is to know the one that can be referenced from ie. GameObjects
'Packages/com.meta.xr.sdk.core/Editor/BuildingBlocks/BlocksWindowDetailsExtension.cs' contains partial class of Unity.Object, exactly 1 of the partial classes needs to be in a file with the same filename. This is to know the one that can be referenced from ie. GameObjects
'Packages/com.meta.xr.sdk.core/Editor/BuildingBlocks/BlocksWindowCollectionsPageExtension.cs' contains partial class of Unity.Object, exactly 1 of the partial classes needs to be in a file with the same filename. This is to know the one that can be referenced from ie. GameObjects
Refreshing native plugins compatible for Editor in 24.62 ms, found 14 plugins.
Assertion failed on expression: 'pred(*previous, *i)'
Assertion failed on expression: 'pred(*previous, *i)'
Assertion failed on expression: 'pred(*previous, *i)'
Assertion failed on expression: 'pred(*previous, *i)'
Assertion failed on expression: 'pred(*previous, *i)'
Native extension for Android target not found
Native extension for UWP target not found
Native extension for WindowsStandalone target not found
[Package Manager] Failed to launch server process. Reason: Unity was launched with the -noUpm command-line argument
[Package Manager] Unable to send message (not connected to server process).
[Package Manager] Cannot connect to Unity Package Manager local server
[Package Manager] Failed to launch server process. Reason: Unity was launched with the -noUpm command-line argument
[Package Manager] Unable to send message (not connected to server process).
[Package Manager] Cannot connect to Unity Package Manager local server
Refreshing native plugins compatible for Editor in 25.05 ms, found 14 plugins.
[Package Manager] Failed to launch server process. Reason: Unity was launched with the -noUpm command-line argument
[Package Manager] Unable to send message (not connected to server process).
[Package Manager] Cannot connect to Unity Package Manager local server
System.Reflection.TargetInvocationException: Exception has been thrown by the target of an invocation. ---> System.TypeInitializationException: The type initializer for 'UnityEditor.XR.Interaction.Toolkit.Samples.SpatialKeyboard.Editor.SpatialKeyboardSampleProjectValidation' threw an exception. ---> System.NullReferenceException: Object reference not set to an instance of an object
  at Unity.XR.CoreUtils.Editor.PackageVersionUtility.UpdatePackageVersions () [0x00034] in .\Library\PackageCache\com.unity.xr.core-utils@c0df0dd5bced\Editor\ProjectValidation\PackageVersionUtility.cs:46 
  at Unity.XR.CoreUtils.Editor.PackageVersionUtility.GetPackageVersion (System.String packageName) [0x00011] in .\Library\PackageCache\com.unity.xr.core-utils@c0df0dd5bced\Editor\ProjectValidation\PackageVersionUtility.cs:67 
  at UnityEditor.XR.Interaction.Toolkit.Samples.SpatialKeyboard.Editor.SpatialKeyboardSampleProjectValidation..cctor () [0x00023] in D:\Carpetas del sistema NO BORRAR\GITHUB DESKTOP REPO\RealidadMixta_Iot_pruebas\Industria_IOT_MR_unity6\Assets\Samples\XR Interaction Toolkit\3.0.8\Spatial Keyboard\Editor\Scripts\SpatialKeyboardSampleProjectValidation.cs:39 
   --- End of inner exception stack trace ---
  at (wrapper managed-to-native) System.Object.__icall_wrapper_mono_gc_wbarrier_generic_nostore_internal(intptr)
  at (wrapper write-barrier) System.Object.wbarrier_conc(intptr)
  at (wrapper managed-to-native) System.Reflection.RuntimeMethodInfo.InternalInvoke(System.Reflection.RuntimeMethodInfo,object,object[],System.Exception&)
  at System.Reflection.RuntimeMethodInfo.Invoke (System.Object obj, System.Reflection.BindingFlags invokeAttr, System.Reflection.Binder binder, System.Object[] parameters, System.Globalization.CultureInfo culture) [0x0006a] in <191a1970a53948f9819ac1d2e4f5c72e>:0 
   --- End of inner exception stack trace ---
  at System.Reflection.RuntimeMethodInfo.Invoke (System.Object obj, System.Reflection.BindingFlags invokeAttr, System.Reflection.Binder binder, System.Object[] parameters, System.Globalization.CultureInfo culture) [0x00083] in <191a1970a53948f9819ac1d2e4f5c72e>:0 
  at System.Reflection.MethodBase.Invoke (System.Object obj, System.Object[] parameters) [0x00000] in <191a1970a53948f9819ac1d2e4f5c72e>:0 
  at UnityEditor.EditorAssemblies.ProcessInitializeOnLoadMethodAttributes () [0x00056] in <2f9d421960d84dffaa88793de0f4b5f3>:0 
UnityEngine.Debug:ExtractStackTraceNoAlloc (byte*,int,string)
UnityEngine.StackTraceUtility:ExtractStackTrace ()
UnityEngine.DebugLogHandler:Internal_Log (UnityEngine.LogType,UnityEngine.LogOption,string,UnityEngine.Object)
UnityEngine.DebugLogHandler:LogFormat (UnityEngine.LogType,UnityEngine.Object,string,object[])
UnityEngine.Logger:Log (UnityEngine.LogType,object)
UnityEngine.Debug:LogError (object)
UnityEditor.EditorAssemblies:ProcessInitializeOnLoadMethodAttributes ()

Mono: successfully reloaded assembly
[Package Manager] Failed to launch server process. Reason: Unity was launched with the -noUpm command-line argument
[Package Manager] Unable to send message (not connected to server process).
[Package Manager] Cannot connect to Unity Package Manager local server
- Finished resetting the current domain, in  1.476 seconds
Domain Reload Profiling: 2856ms
	BeginReloadAssembly (328ms)
		ExecutionOrderSort (0ms)
		DisableScriptedObjects (7ms)
		BackupInstance (0ms)
		ReleaseScriptingObjects (0ms)
		CreateAndSetChildDomain (91ms)
	RebuildCommonClasses (46ms)
	RebuildNativeTypeToScriptingClass (15ms)
	initialDomainReloadingComplete (52ms)
	LoadAllAssembliesAndSetupDomain (938ms)
		LoadAssemblies (727ms)
		RebuildTransferFunctionScriptingTraits (0ms)
		AnalyzeDomain (361ms)
			TypeCache.Refresh (16ms)
				TypeCache.ScanAssembly (2ms)
			BuildScriptInfoCaches (314ms)
			ResolveRequiredComponents (25ms)
	FinalizeReload (1477ms)
		ReleaseScriptCaches (0ms)
		RebuildScriptCaches (0ms)
		SetupLoadedEditorAssemblies (1193ms)
			LogAssemblyErrors (0ms)
			InitializePlatformSupportModulesInManaged (15ms)
			SetLoadedEditorAssemblies (7ms)
			BeforeProcessingInitializeOnLoad (249ms)
			ProcessInitializeOnLoadAttributes (700ms)
			ProcessInitializeOnLoadMethodAttributes (208ms)
			AfterProcessingInitializeOnLoad (15ms)
			EditorAssembliesLoaded (1ms)
		ExecutionOrderSort2 (0ms)
		AwakeInstancesAfterBackupRestoration (17ms)
Shader 'Oculus/OVRMRCameraFrameLit': fallback shader 'Alpha-Diffuse' not found
Refreshing native plugins compatible for Editor in 41.76 ms, found 14 plugins.
Preloading 0 native plugins for Editor in 0.00 ms.
Unloading 44 Unused Serialized files (Serialized files now loaded: 0)
Unloading 9220 unused Assets / (6.8 MB). Loaded Objects now: 10066.
Memory consumption went from 233.7 MB to 226.9 MB.
Total: 36.838600 ms (FindLiveObjects: 3.349700 ms CreateObjectMapping: 3.705200 ms MarkObjects: 18.925400 ms  DeleteObjects: 10.856400 ms)

Prepare: number of updated asset objects reloaded= 0
========================================================================
Received Prepare
Script 'CharacterController' has the same name as built-in Unity component.
AddComponent and GetComponent will not work with this script.
'Packages/com.meta.xr.sdk.core/Editor/BuildingBlocks/BlocksWindow.cs' contains partial class of Unity.Object, exactly 1 of the partial classes needs to be in a file with the same filename. This is to know the one that can be referenced from ie. GameObjects
'Packages/com.meta.xr.sdk.core/Editor/BuildingBlocks/BlocksWindowDetailsExtension.cs' contains partial class of Unity.Object, exactly 1 of the partial classes needs to be in a file with the same filename. This is to know the one that can be referenced from ie. GameObjects
'Packages/com.meta.xr.sdk.core/Editor/BuildingBlocks/BlocksWindowCollectionsPageExtension.cs' contains partial class of Unity.Object, exactly 1 of the partial classes needs to be in a file with the same filename. This is to know the one that can be referenced from ie. GameObjects
Shader 'Oculus/OVRMRCameraFrameLit': fallback shader 'Alpha-Diffuse' not found
Refreshing native plugins compatible for Editor in 143.86 ms, found 14 plugins.
Preloading 0 native plugins for Editor in 0.00 ms.
Unloading 19 Unused Serialized files (Serialized files now loaded: 0)
Unloading 9133 unused Assets / (7.9 MB). Loaded Objects now: 10056.
Memory consumption went from 192.3 MB to 184.4 MB.
Total: 148.886600 ms (FindLiveObjects: 6.277200 ms CreateObjectMapping: 66.541200 ms MarkObjects: 64.009400 ms  DeleteObjects: 12.033300 ms)

Prepare: number of updated asset objects reloaded= 0
========================================================================
Received Prepare
Begin MonoManager ReloadAssembly
- Loaded All Assemblies, in  1.410 seconds
Script 'CharacterController' has the same name as built-in Unity component.
AddComponent and GetComponent will not work with this script.
'Packages/com.meta.xr.sdk.core/Editor/BuildingBlocks/BlocksWindow.cs' contains partial class of Unity.Object, exactly 1 of the partial classes needs to be in a file with the same filename. This is to know the one that can be referenced from ie. GameObjects
'Packages/com.meta.xr.sdk.core/Editor/BuildingBlocks/BlocksWindowDetailsExtension.cs' contains partial class of Unity.Object, exactly 1 of the partial classes needs to be in a file with the same filename. This is to know the one that can be referenced from ie. GameObjects
'Packages/com.meta.xr.sdk.core/Editor/BuildingBlocks/BlocksWindowCollectionsPageExtension.cs' contains partial class of Unity.Object, exactly 1 of the partial classes needs to be in a file with the same filename. This is to know the one that can be referenced from ie. GameObjects
Refreshing native plugins compatible for Editor in 25.15 ms, found 14 plugins.
Assertion failed on expression: 'pred(*previous, *i)'
Assertion failed on expression: 'pred(*previous, *i)'
Assertion failed on expression: 'pred(*previous, *i)'
Assertion failed on expression: 'pred(*previous, *i)'
Assertion failed on expression: 'pred(*previous, *i)'
Native extension for Android target not found
Native extension for UWP target not found
Native extension for WindowsStandalone target not found
[Package Manager] Failed to launch server process. Reason: Unity was launched with the -noUpm command-line argument
[Package Manager] Unable to send message (not connected to server process).
[Package Manager] Cannot connect to Unity Package Manager local server
[Package Manager] Failed to launch server process. Reason: Unity was launched with the -noUpm command-line argument
[Package Manager] Unable to send message (not connected to server process).
[Package Manager] Cannot connect to Unity Package Manager local server
Refreshing native plugins compatible for Editor in 24.57 ms, found 14 plugins.
[Package Manager] Failed to launch server process. Reason: Unity was launched with the -noUpm command-line argument
[Package Manager] Unable to send message (not connected to server process).
[Package Manager] Cannot connect to Unity Package Manager local server
System.Reflection.TargetInvocationException: Exception has been thrown by the target of an invocation. ---> System.TypeInitializationException: The type initializer for 'UnityEditor.XR.Interaction.Toolkit.Samples.SpatialKeyboard.Editor.SpatialKeyboardSampleProjectValidation' threw an exception. ---> System.NullReferenceException: Object reference not set to an instance of an object
  at Unity.XR.CoreUtils.Editor.PackageVersionUtility.UpdatePackageVersions () [0x00034] in .\Library\PackageCache\com.unity.xr.core-utils@c0df0dd5bced\Editor\ProjectValidation\PackageVersionUtility.cs:46 
  at Unity.XR.CoreUtils.Editor.PackageVersionUtility.GetPackageVersion (System.String packageName) [0x00011] in .\Library\PackageCache\com.unity.xr.core-utils@c0df0dd5bced\Editor\ProjectValidation\PackageVersionUtility.cs:67 
  at UnityEditor.XR.Interaction.Toolkit.Samples.SpatialKeyboard.Editor.SpatialKeyboardSampleProjectValidation..cctor () [0x00023] in D:\Carpetas del sistema NO BORRAR\GITHUB DESKTOP REPO\RealidadMixta_Iot_pruebas\Industria_IOT_MR_unity6\Assets\Samples\XR Interaction Toolkit\3.0.8\Spatial Keyboard\Editor\Scripts\SpatialKeyboardSampleProjectValidation.cs:39 
   --- End of inner exception stack trace ---
  at (wrapper managed-to-native) System.Object.__icall_wrapper_mono_gc_wbarrier_generic_nostore_internal(intptr)
  at (wrapper write-barrier) System.Object.wbarrier_conc(intptr)
  at (wrapper managed-to-native) System.Reflection.RuntimeMethodInfo.InternalInvoke(System.Reflection.RuntimeMethodInfo,object,object[],System.Exception&)
  at System.Reflection.RuntimeMethodInfo.Invoke (System.Object obj, System.Reflection.BindingFlags invokeAttr, System.Reflection.Binder binder, System.Object[] parameters, System.Globalization.CultureInfo culture) [0x0006a] in <191a1970a53948f9819ac1d2e4f5c72e>:0 
   --- End of inner exception stack trace ---
  at System.Reflection.RuntimeMethodInfo.Invoke (System.Object obj, System.Reflection.BindingFlags invokeAttr, System.Reflection.Binder binder, System.Object[] parameters, System.Globalization.CultureInfo culture) [0x00083] in <191a1970a53948f9819ac1d2e4f5c72e>:0 
  at System.Reflection.MethodBase.Invoke (System.Object obj, System.Object[] parameters) [0x00000] in <191a1970a53948f9819ac1d2e4f5c72e>:0 
  at UnityEditor.EditorAssemblies.ProcessInitializeOnLoadMethodAttributes () [0x00056] in <2f9d421960d84dffaa88793de0f4b5f3>:0 
UnityEngine.Debug:ExtractStackTraceNoAlloc (byte*,int,string)
UnityEngine.StackTraceUtility:ExtractStackTrace ()
UnityEngine.DebugLogHandler:Internal_Log (UnityEngine.LogType,UnityEngine.LogOption,string,UnityEngine.Object)
UnityEngine.DebugLogHandler:LogFormat (UnityEngine.LogType,UnityEngine.Object,string,object[])
UnityEngine.Logger:Log (UnityEngine.LogType,object)
UnityEngine.Debug:LogError (object)
UnityEditor.EditorAssemblies:ProcessInitializeOnLoadMethodAttributes ()

Mono: successfully reloaded assembly
[Package Manager] Failed to launch server process. Reason: Unity was launched with the -noUpm command-line argument
[Package Manager] Unable to send message (not connected to server process).
[Package Manager] Cannot connect to Unity Package Manager local server
- Finished resetting the current domain, in  1.540 seconds
Domain Reload Profiling: 2927ms
	BeginReloadAssembly (325ms)
		ExecutionOrderSort (0ms)
		DisableScriptedObjects (7ms)
		BackupInstance (0ms)
		ReleaseScriptingObjects (0ms)
		CreateAndSetChildDomain (95ms)
	RebuildCommonClasses (49ms)
	RebuildNativeTypeToScriptingClass (18ms)
	initialDomainReloadingComplete (47ms)
	LoadAllAssembliesAndSetupDomain (947ms)
		LoadAssemblies (749ms)
		RebuildTransferFunctionScriptingTraits (0ms)
		AnalyzeDomain (342ms)
			TypeCache.Refresh (16ms)
				TypeCache.ScanAssembly (2ms)
			BuildScriptInfoCaches (297ms)
			ResolveRequiredComponents (24ms)
	FinalizeReload (1540ms)
		ReleaseScriptCaches (0ms)
		RebuildScriptCaches (0ms)
		SetupLoadedEditorAssemblies (1240ms)
			LogAssemblyErrors (0ms)
			InitializePlatformSupportModulesInManaged (15ms)
			SetLoadedEditorAssemblies (9ms)
			BeforeProcessingInitializeOnLoad (274ms)
			ProcessInitializeOnLoadAttributes (718ms)
			ProcessInitializeOnLoadMethodAttributes (206ms)
			AfterProcessingInitializeOnLoad (17ms)
			EditorAssembliesLoaded (1ms)
		ExecutionOrderSort2 (0ms)
		AwakeInstancesAfterBackupRestoration (16ms)
Shader 'Oculus/OVRMRCameraFrameLit': fallback shader 'Alpha-Diffuse' not found
Refreshing native plugins compatible for Editor in 40.35 ms, found 14 plugins.
Preloading 0 native plugins for Editor in 0.00 ms.
Unloading 44 Unused Serialized files (Serialized files now loaded: 0)
Unloading 9220 unused Assets / (8.5 MB). Loaded Objects now: 10069.
Memory consumption went from 233.7 MB to 225.2 MB.
Total: 37.408200 ms (FindLiveObjects: 1.702400 ms CreateObjectMapping: 3.259100 ms MarkObjects: 20.794600 ms  DeleteObjects: 11.650400 ms)

Prepare: number of updated asset objects reloaded= 0
========================================================================
Received Prepare
Script 'CharacterController' has the same name as built-in Unity component.
AddComponent and GetComponent will not work with this script.
'Packages/com.meta.xr.sdk.core/Editor/BuildingBlocks/BlocksWindow.cs' contains partial class of Unity.Object, exactly 1 of the partial classes needs to be in a file with the same filename. This is to know the one that can be referenced from ie. GameObjects
'Packages/com.meta.xr.sdk.core/Editor/BuildingBlocks/BlocksWindowDetailsExtension.cs' contains partial class of Unity.Object, exactly 1 of the partial classes needs to be in a file with the same filename. This is to know the one that can be referenced from ie. GameObjects
'Packages/com.meta.xr.sdk.core/Editor/BuildingBlocks/BlocksWindowCollectionsPageExtension.cs' contains partial class of Unity.Object, exactly 1 of the partial classes needs to be in a file with the same filename. This is to know the one that can be referenced from ie. GameObjects
Shader 'Oculus/OVRMRCameraFrameLit': fallback shader 'Alpha-Diffuse' not found
Refreshing native plugins compatible for Editor in 35.93 ms, found 14 plugins.
Preloading 0 native plugins for Editor in 0.00 ms.
Unloading 19 Unused Serialized files (Serialized files now loaded: 0)
Unloading 9134 unused Assets / (7.2 MB). Loaded Objects now: 10060.
Memory consumption went from 192.4 MB to 185.2 MB.
Total: 38.435600 ms (FindLiveObjects: 2.469400 ms CreateObjectMapping: 3.593500 ms MarkObjects: 21.556600 ms  DeleteObjects: 10.814500 ms)

Prepare: number of updated asset objects reloaded= 0
========================================================================
Received Import Request.
  Time since last request: 1138.080388 seconds.
  path: Assets/PROYECTO/2_Scripts/ItemPanelToggler.cs
  artifactKey: Guid(5993765c48ce4d9419218c847d9df4e5) Importer(815301076,1909f56bfc062723c751e8b465ee728b)
Start importing Assets/PROYECTO/2_Scripts/ItemPanelToggler.cs using Guid(5993765c48ce4d9419218c847d9df4e5) Importer(815301076,1909f56bfc062723c751e8b465ee728b) (PreviewImporter) -> (artifact id: '186d473e5a9e1fbfcc47bc0f11727720') in 0.021204 seconds
Number of updated asset objects reloaded before import = 0Number of asset objects unloaded after import = 0

========================================================================
Received Prepare
Begin MonoManager ReloadAssembly
- Loaded All Assemblies, in  1.405 seconds
Script 'CharacterController' has the same name as built-in Unity component.
AddComponent and GetComponent will not work with this script.
'Packages/com.meta.xr.sdk.core/Editor/BuildingBlocks/BlocksWindow.cs' contains partial class of Unity.Object, exactly 1 of the partial classes needs to be in a file with the same filename. This is to know the one that can be referenced from ie. GameObjects
'Packages/com.meta.xr.sdk.core/Editor/BuildingBlocks/BlocksWindowDetailsExtension.cs' contains partial class of Unity.Object, exactly 1 of the partial classes needs to be in a file with the same filename. This is to know the one that can be referenced from ie. GameObjects
'Packages/com.meta.xr.sdk.core/Editor/BuildingBlocks/BlocksWindowCollectionsPageExtension.cs' contains partial class of Unity.Object, exactly 1 of the partial classes needs to be in a file with the same filename. This is to know the one that can be referenced from ie. GameObjects
Refreshing native plugins compatible for Editor in 38.07 ms, found 14 plugins.
Assertion failed on expression: 'pred(*previous, *i)'
Assertion failed on expression: 'pred(*previous, *i)'
Assertion failed on expression: 'pred(*previous, *i)'
Assertion failed on expression: 'pred(*previous, *i)'
Assertion failed on expression: 'pred(*previous, *i)'
Native extension for Android target not found
Native extension for UWP target not found
Native extension for WindowsStandalone target not found
[Package Manager] Failed to launch server process. Reason: Unity was launched with the -noUpm command-line argument
[Package Manager] Unable to send message (not connected to server process).
[Package Manager] Cannot connect to Unity Package Manager local server
[Package Manager] Failed to launch server process. Reason: Unity was launched with the -noUpm command-line argument
[Package Manager] Unable to send message (not connected to server process).
[Package Manager] Cannot connect to Unity Package Manager local server
Refreshing native plugins compatible for Editor in 25.23 ms, found 14 plugins.
[Package Manager] Failed to launch server process. Reason: Unity was launched with the -noUpm command-line argument
[Package Manager] Unable to send message (not connected to server process).
[Package Manager] Cannot connect to Unity Package Manager local server
System.Reflection.TargetInvocationException: Exception has been thrown by the target of an invocation. ---> System.TypeInitializationException: The type initializer for 'UnityEditor.XR.Interaction.Toolkit.Samples.SpatialKeyboard.Editor.SpatialKeyboardSampleProjectValidation' threw an exception. ---> System.NullReferenceException: Object reference not set to an instance of an object
  at Unity.XR.CoreUtils.Editor.PackageVersionUtility.UpdatePackageVersions () [0x00034] in .\Library\PackageCache\com.unity.xr.core-utils@c0df0dd5bced\Editor\ProjectValidation\PackageVersionUtility.cs:46 
  at Unity.XR.CoreUtils.Editor.PackageVersionUtility.GetPackageVersion (System.String packageName) [0x00011] in .\Library\PackageCache\com.unity.xr.core-utils@c0df0dd5bced\Editor\ProjectValidation\PackageVersionUtility.cs:67 
  at UnityEditor.XR.Interaction.Toolkit.Samples.SpatialKeyboard.Editor.SpatialKeyboardSampleProjectValidation..cctor () [0x00023] in D:\Carpetas del sistema NO BORRAR\GITHUB DESKTOP REPO\RealidadMixta_Iot_pruebas\Industria_IOT_MR_unity6\Assets\Samples\XR Interaction Toolkit\3.0.8\Spatial Keyboard\Editor\Scripts\SpatialKeyboardSampleProjectValidation.cs:39 
   --- End of inner exception stack trace ---
  at (wrapper managed-to-native) System.Object.__icall_wrapper_mono_gc_wbarrier_generic_nostore_internal(intptr)
  at (wrapper write-barrier) System.Object.wbarrier_conc(intptr)
  at (wrapper managed-to-native) System.Reflection.RuntimeMethodInfo.InternalInvoke(System.Reflection.RuntimeMethodInfo,object,object[],System.Exception&)
  at System.Reflection.RuntimeMethodInfo.Invoke (System.Object obj, System.Reflection.BindingFlags invokeAttr, System.Reflection.Binder binder, System.Object[] parameters, System.Globalization.CultureInfo culture) [0x0006a] in <191a1970a53948f9819ac1d2e4f5c72e>:0 
   --- End of inner exception stack trace ---
  at System.Reflection.RuntimeMethodInfo.Invoke (System.Object obj, System.Reflection.BindingFlags invokeAttr, System.Reflection.Binder binder, System.Object[] parameters, System.Globalization.CultureInfo culture) [0x00083] in <191a1970a53948f9819ac1d2e4f5c72e>:0 
  at System.Reflection.MethodBase.Invoke (System.Object obj, System.Object[] parameters) [0x00000] in <191a1970a53948f9819ac1d2e4f5c72e>:0 
  at UnityEditor.EditorAssemblies.ProcessInitializeOnLoadMethodAttributes () [0x00056] in <2f9d421960d84dffaa88793de0f4b5f3>:0 
UnityEngine.Debug:ExtractStackTraceNoAlloc (byte*,int,string)
UnityEngine.StackTraceUtility:ExtractStackTrace ()
UnityEngine.DebugLogHandler:Internal_Log (UnityEngine.LogType,UnityEngine.LogOption,string,UnityEngine.Object)
UnityEngine.DebugLogHandler:LogFormat (UnityEngine.LogType,UnityEngine.Object,string,object[])
UnityEngine.Logger:Log (UnityEngine.LogType,object)
UnityEngine.Debug:LogError (object)
UnityEditor.EditorAssemblies:ProcessInitializeOnLoadMethodAttributes ()

Mono: successfully reloaded assembly
[Package Manager] Failed to launch server process. Reason: Unity was launched with the -noUpm command-line argument
[Package Manager] Unable to send message (not connected to server process).
[Package Manager] Cannot connect to Unity Package Manager local server
- Finished resetting the current domain, in  1.687 seconds
Domain Reload Profiling: 3074ms
	BeginReloadAssembly (321ms)
		ExecutionOrderSort (0ms)
		DisableScriptedObjects (8ms)
		BackupInstance (0ms)
		ReleaseScriptingObjects (0ms)
		CreateAndSetChildDomain (93ms)
	RebuildCommonClasses (40ms)
	RebuildNativeTypeToScriptingClass (13ms)
	initialDomainReloadingComplete (42ms)
	LoadAllAssembliesAndSetupDomain (971ms)
		LoadAssemblies (715ms)
		RebuildTransferFunctionScriptingTraits (0ms)
		AnalyzeDomain (393ms)
			TypeCache.Refresh (17ms)
				TypeCache.ScanAssembly (2ms)
			BuildScriptInfoCaches (334ms)
			ResolveRequiredComponents (34ms)
	FinalizeReload (1688ms)
		ReleaseScriptCaches (0ms)
		RebuildScriptCaches (0ms)
		SetupLoadedEditorAssemblies (1375ms)
			LogAssemblyErrors (0ms)
			InitializePlatformSupportModulesInManaged (17ms)
			SetLoadedEditorAssemblies (10ms)
			BeforeProcessingInitializeOnLoad (310ms)
			ProcessInitializeOnLoadAttributes (787ms)
			ProcessInitializeOnLoadMethodAttributes (235ms)
			AfterProcessingInitializeOnLoad (15ms)
			EditorAssembliesLoaded (1ms)
		ExecutionOrderSort2 (0ms)
		AwakeInstancesAfterBackupRestoration (17ms)
Shader 'Oculus/OVRMRCameraFrameLit': fallback shader 'Alpha-Diffuse' not found
Refreshing native plugins compatible for Editor in 53.47 ms, found 14 plugins.
Preloading 0 native plugins for Editor in 0.00 ms.
Unloading 44 Unused Serialized files (Serialized files now loaded: 0)
Unloading 9221 unused Assets / (6.2 MB). Loaded Objects now: 10073.
Memory consumption went from 233.7 MB to 227.4 MB.
Total: 66.218100 ms (FindLiveObjects: 2.812700 ms CreateObjectMapping: 9.841200 ms MarkObjects: 37.382300 ms  DeleteObjects: 16.180400 ms)

Prepare: number of updated asset objects reloaded= 0
========================================================================
Received Import Request.
  Time since last request: 14.623250 seconds.
  path: Assets/PROYECTO/2_Scripts/ItemPanelToggler.cs
  artifactKey: Guid(5993765c48ce4d9419218c847d9df4e5) Importer(815301076,1909f56bfc062723c751e8b465ee728b)
Start importing Assets/PROYECTO/2_Scripts/ItemPanelToggler.cs using Guid(5993765c48ce4d9419218c847d9df4e5) Importer(815301076,1909f56bfc062723c751e8b465ee728b) (PreviewImporter) -> (artifact id: 'aebbc2c917c7a05334eb1491f74a4aa3') in 0.0056579 seconds
Number of updated asset objects reloaded before import = 0Number of asset objects unloaded after import = 0

========================================================================
Received Prepare
Script 'CharacterController' has the same name as built-in Unity component.
AddComponent and GetComponent will not work with this script.
'Packages/com.meta.xr.sdk.core/Editor/BuildingBlocks/BlocksWindow.cs' contains partial class of Unity.Object, exactly 1 of the partial classes needs to be in a file with the same filename. This is to know the one that can be referenced from ie. GameObjects
'Packages/com.meta.xr.sdk.core/Editor/BuildingBlocks/BlocksWindowDetailsExtension.cs' contains partial class of Unity.Object, exactly 1 of the partial classes needs to be in a file with the same filename. This is to know the one that can be referenced from ie. GameObjects
'Packages/com.meta.xr.sdk.core/Editor/BuildingBlocks/BlocksWindowCollectionsPageExtension.cs' contains partial class of Unity.Object, exactly 1 of the partial classes needs to be in a file with the same filename. This is to know the one that can be referenced from ie. GameObjects
Shader 'Oculus/OVRMRCameraFrameLit': fallback shader 'Alpha-Diffuse' not found
Refreshing native plugins compatible for Editor in 65.11 ms, found 14 plugins.
Preloading 0 native plugins for Editor in 0.00 ms.
Unloading 19 Unused Serialized files (Serialized files now loaded: 0)
Unloading 9134 unused Assets / (8.2 MB). Loaded Objects now: 10063.
Memory consumption went from 192.1 MB to 183.9 MB.
Total: 82.189400 ms (FindLiveObjects: 4.555500 ms CreateObjectMapping: 11.286400 ms MarkObjects: 54.065600 ms  DeleteObjects: 12.279100 ms)

Prepare: number of updated asset objects reloaded= 0
========================================================================
Received Prepare
Begin MonoManager ReloadAssembly
- Loaded All Assemblies, in  1.461 seconds
Script 'CharacterController' has the same name as built-in Unity component.
AddComponent and GetComponent will not work with this script.
'Packages/com.meta.xr.sdk.core/Editor/BuildingBlocks/BlocksWindow.cs' contains partial class of Unity.Object, exactly 1 of the partial classes needs to be in a file with the same filename. This is to know the one that can be referenced from ie. GameObjects
'Packages/com.meta.xr.sdk.core/Editor/BuildingBlocks/BlocksWindowDetailsExtension.cs' contains partial class of Unity.Object, exactly 1 of the partial classes needs to be in a file with the same filename. This is to know the one that can be referenced from ie. GameObjects
'Packages/com.meta.xr.sdk.core/Editor/BuildingBlocks/BlocksWindowCollectionsPageExtension.cs' contains partial class of Unity.Object, exactly 1 of the partial classes needs to be in a file with the same filename. This is to know the one that can be referenced from ie. GameObjects
Refreshing native plugins compatible for Editor in 23.36 ms, found 14 plugins.
Assertion failed on expression: 'pred(*previous, *i)'
Assertion failed on expression: 'pred(*previous, *i)'
Assertion failed on expression: 'pred(*previous, *i)'
Assertion failed on expression: 'pred(*previous, *i)'
Assertion failed on expression: 'pred(*previous, *i)'
Native extension for Android target not found
Native extension for UWP target not found
Native extension for WindowsStandalone target not found
[Package Manager] Failed to launch server process. Reason: Unity was launched with the -noUpm command-line argument
[Package Manager] Unable to send message (not connected to server process).
[Package Manager] Cannot connect to Unity Package Manager local server
[Package Manager] Failed to launch server process. Reason: Unity was launched with the -noUpm command-line argument
[Package Manager] Unable to send message (not connected to server process).
[Package Manager] Cannot connect to Unity Package Manager local server
Refreshing native plugins compatible for Editor in 23.60 ms, found 14 plugins.
[Package Manager] Failed to launch server process. Reason: Unity was launched with the -noUpm command-line argument
[Package Manager] Unable to send message (not connected to server process).
[Package Manager] Cannot connect to Unity Package Manager local server
System.Reflection.TargetInvocationException: Exception has been thrown by the target of an invocation. ---> System.TypeInitializationException: The type initializer for 'UnityEditor.XR.Interaction.Toolkit.Samples.SpatialKeyboard.Editor.SpatialKeyboardSampleProjectValidation' threw an exception. ---> System.NullReferenceException: Object reference not set to an instance of an object
  at Unity.XR.CoreUtils.Editor.PackageVersionUtility.UpdatePackageVersions () [0x00034] in .\Library\PackageCache\com.unity.xr.core-utils@c0df0dd5bced\Editor\ProjectValidation\PackageVersionUtility.cs:46 
  at Unity.XR.CoreUtils.Editor.PackageVersionUtility.GetPackageVersion (System.String packageName) [0x00011] in .\Library\PackageCache\com.unity.xr.core-utils@c0df0dd5bced\Editor\ProjectValidation\PackageVersionUtility.cs:67 
  at UnityEditor.XR.Interaction.Toolkit.Samples.SpatialKeyboard.Editor.SpatialKeyboardSampleProjectValidation..cctor () [0x00023] in D:\Carpetas del sistema NO BORRAR\GITHUB DESKTOP REPO\RealidadMixta_Iot_pruebas\Industria_IOT_MR_unity6\Assets\Samples\XR Interaction Toolkit\3.0.8\Spatial Keyboard\Editor\Scripts\SpatialKeyboardSampleProjectValidation.cs:39 
   --- End of inner exception stack trace ---
  at (wrapper managed-to-native) System.Object.__icall_wrapper_mono_gc_wbarrier_generic_nostore_internal(intptr)
  at (wrapper write-barrier) System.Object.wbarrier_conc(intptr)
  at (wrapper managed-to-native) System.Reflection.RuntimeMethodInfo.InternalInvoke(System.Reflection.RuntimeMethodInfo,object,object[],System.Exception&)
  at System.Reflection.RuntimeMethodInfo.Invoke (System.Object obj, System.Reflection.BindingFlags invokeAttr, System.Reflection.Binder binder, System.Object[] parameters, System.Globalization.CultureInfo culture) [0x0006a] in <191a1970a53948f9819ac1d2e4f5c72e>:0 
   --- End of inner exception stack trace ---
  at System.Reflection.RuntimeMethodInfo.Invoke (System.Object obj, System.Reflection.BindingFlags invokeAttr, System.Reflection.Binder binder, System.Object[] parameters, System.Globalization.CultureInfo culture) [0x00083] in <191a1970a53948f9819ac1d2e4f5c72e>:0 
  at System.Reflection.MethodBase.Invoke (System.Object obj, System.Object[] parameters) [0x00000] in <191a1970a53948f9819ac1d2e4f5c72e>:0 
  at UnityEditor.EditorAssemblies.ProcessInitializeOnLoadMethodAttributes () [0x00056] in <2f9d421960d84dffaa88793de0f4b5f3>:0 
UnityEngine.Debug:ExtractStackTraceNoAlloc (byte*,int,string)
UnityEngine.StackTraceUtility:ExtractStackTrace ()
UnityEngine.DebugLogHandler:Internal_Log (UnityEngine.LogType,UnityEngine.LogOption,string,UnityEngine.Object)
UnityEngine.DebugLogHandler:LogFormat (UnityEngine.LogType,UnityEngine.Object,string,object[])
UnityEngine.Logger:Log (UnityEngine.LogType,object)
UnityEngine.Debug:LogError (object)
UnityEditor.EditorAssemblies:ProcessInitializeOnLoadMethodAttributes ()

Mono: successfully reloaded assembly
[Package Manager] Failed to launch server process. Reason: Unity was launched with the -noUpm command-line argument
[Package Manager] Unable to send message (not connected to server process).
[Package Manager] Cannot connect to Unity Package Manager local server
- Finished resetting the current domain, in  1.436 seconds
Domain Reload Profiling: 2876ms
	BeginReloadAssembly (359ms)
		ExecutionOrderSort (0ms)
		DisableScriptedObjects (6ms)
		BackupInstance (0ms)
		ReleaseScriptingObjects (0ms)
		CreateAndSetChildDomain (126ms)
	RebuildCommonClasses (40ms)
	RebuildNativeTypeToScriptingClass (12ms)
	initialDomainReloadingComplete (44ms)
	LoadAllAssembliesAndSetupDomain (983ms)
		LoadAssemblies (765ms)
		RebuildTransferFunctionScriptingTraits (0ms)
		AnalyzeDomain (364ms)
			TypeCache.Refresh (17ms)
				TypeCache.ScanAssembly (2ms)
			BuildScriptInfoCaches (314ms)
			ResolveRequiredComponents (27ms)
	FinalizeReload (1437ms)
		ReleaseScriptCaches (0ms)
		RebuildScriptCaches (0ms)
		SetupLoadedEditorAssemblies (1170ms)
			LogAssemblyErrors (0ms)
			InitializePlatformSupportModulesInManaged (14ms)
			SetLoadedEditorAssemblies (7ms)
			BeforeProcessingInitializeOnLoad (261ms)
			ProcessInitializeOnLoadAttributes (658ms)
			ProcessInitializeOnLoadMethodAttributes (213ms)
			AfterProcessingInitializeOnLoad (15ms)
			EditorAssembliesLoaded (1ms)
		ExecutionOrderSort2 (0ms)
		AwakeInstancesAfterBackupRestoration (17ms)
Shader 'Oculus/OVRMRCameraFrameLit': fallback shader 'Alpha-Diffuse' not found
Refreshing native plugins compatible for Editor in 59.43 ms, found 14 plugins.
Preloading 0 native plugins for Editor in 0.00 ms.
Unloading 44 Unused Serialized files (Serialized files now loaded: 0)
Unloading 9221 unused Assets / (8.4 MB). Loaded Objects now: 10076.
Memory consumption went from 233.7 MB to 225.3 MB.
Total: 40.308000 ms (FindLiveObjects: 2.565800 ms CreateObjectMapping: 4.004300 ms MarkObjects: 22.687900 ms  DeleteObjects: 11.047500 ms)

Prepare: number of updated asset objects reloaded= 0
========================================================================
Received Import Request.
  Time since last request: 95.357314 seconds.
  path: Assets/PROYECTO/2_Scripts/ControladorPaneles.cs
  artifactKey: Guid(adbd045c1d3e75742a63f7413f1bc485) Importer(815301076,1909f56bfc062723c751e8b465ee728b)
Start importing Assets/PROYECTO/2_Scripts/ControladorPaneles.cs using Guid(adbd045c1d3e75742a63f7413f1bc485) Importer(815301076,1909f56bfc062723c751e8b465ee728b) (PreviewImporter) -> (artifact id: '469f382154bf62261927496c12d5aebe') in 0.0048204 seconds
Number of updated asset objects reloaded before import = 0Number of asset objects unloaded after import = 0

========================================================================
Received Prepare
Script 'CharacterController' has the same name as built-in Unity component.
AddComponent and GetComponent will not work with this script.
'Packages/com.meta.xr.sdk.core/Editor/BuildingBlocks/BlocksWindow.cs' contains partial class of Unity.Object, exactly 1 of the partial classes needs to be in a file with the same filename. This is to know the one that can be referenced from ie. GameObjects
'Packages/com.meta.xr.sdk.core/Editor/BuildingBlocks/BlocksWindowDetailsExtension.cs' contains partial class of Unity.Object, exactly 1 of the partial classes needs to be in a file with the same filename. This is to know the one that can be referenced from ie. GameObjects
'Packages/com.meta.xr.sdk.core/Editor/BuildingBlocks/BlocksWindowCollectionsPageExtension.cs' contains partial class of Unity.Object, exactly 1 of the partial classes needs to be in a file with the same filename. This is to know the one that can be referenced from ie. GameObjects
Shader 'Oculus/OVRMRCameraFrameLit': fallback shader 'Alpha-Diffuse' not found
Refreshing native plugins compatible for Editor in 70.19 ms, found 14 plugins.
Preloading 0 native plugins for Editor in 0.00 ms.
Unloading 19 Unused Serialized files (Serialized files now loaded: 0)
Unloading 9133 unused Assets / (7.5 MB). Loaded Objects now: 10065.
Memory consumption went from 192.0 MB to 184.6 MB.
Total: 45.146000 ms (FindLiveObjects: 2.629600 ms CreateObjectMapping: 3.738500 ms MarkObjects: 24.664200 ms  DeleteObjects: 14.111700 ms)

Prepare: number of updated asset objects reloaded= 0
========================================================================
Received Prepare
Begin MonoManager ReloadAssembly
- Loaded All Assemblies, in  1.588 seconds
Script 'CharacterController' has the same name as built-in Unity component.
AddComponent and GetComponent will not work with this script.
'Packages/com.meta.xr.sdk.core/Editor/BuildingBlocks/BlocksWindow.cs' contains partial class of Unity.Object, exactly 1 of the partial classes needs to be in a file with the same filename. This is to know the one that can be referenced from ie. GameObjects
'Packages/com.meta.xr.sdk.core/Editor/BuildingBlocks/BlocksWindowDetailsExtension.cs' contains partial class of Unity.Object, exactly 1 of the partial classes needs to be in a file with the same filename. This is to know the one that can be referenced from ie. GameObjects
'Packages/com.meta.xr.sdk.core/Editor/BuildingBlocks/BlocksWindowCollectionsPageExtension.cs' contains partial class of Unity.Object, exactly 1 of the partial classes needs to be in a file with the same filename. This is to know the one that can be referenced from ie. GameObjects
Refreshing native plugins compatible for Editor in 26.36 ms, found 14 plugins.
Assertion failed on expression: 'pred(*previous, *i)'
Assertion failed on expression: 'pred(*previous, *i)'
Assertion failed on expression: 'pred(*previous, *i)'
Assertion failed on expression: 'pred(*previous, *i)'
Assertion failed on expression: 'pred(*previous, *i)'
Native extension for Android target not found
Native extension for UWP target not found
Native extension for WindowsStandalone target not found
[Package Manager] Failed to launch server process. Reason: Unity was launched with the -noUpm command-line argument
[Package Manager] Unable to send message (not connected to server process).
[Package Manager] Cannot connect to Unity Package Manager local server
[Package Manager] Failed to launch server process. Reason: Unity was launched with the -noUpm command-line argument
[Package Manager] Unable to send message (not connected to server process).
[Package Manager] Cannot connect to Unity Package Manager local server
Refreshing native plugins compatible for Editor in 30.23 ms, found 14 plugins.
[Package Manager] Failed to launch server process. Reason: Unity was launched with the -noUpm command-line argument
[Package Manager] Unable to send message (not connected to server process).
[Package Manager] Cannot connect to Unity Package Manager local server
System.Reflection.TargetInvocationException: Exception has been thrown by the target of an invocation. ---> System.TypeInitializationException: The type initializer for 'UnityEditor.XR.Interaction.Toolkit.Samples.SpatialKeyboard.Editor.SpatialKeyboardSampleProjectValidation' threw an exception. ---> System.NullReferenceException: Object reference not set to an instance of an object
  at Unity.XR.CoreUtils.Editor.PackageVersionUtility.UpdatePackageVersions () [0x00034] in .\Library\PackageCache\com.unity.xr.core-utils@c0df0dd5bced\Editor\ProjectValidation\PackageVersionUtility.cs:46 
  at Unity.XR.CoreUtils.Editor.PackageVersionUtility.GetPackageVersion (System.String packageName) [0x00011] in .\Library\PackageCache\com.unity.xr.core-utils@c0df0dd5bced\Editor\ProjectValidation\PackageVersionUtility.cs:67 
  at UnityEditor.XR.Interaction.Toolkit.Samples.SpatialKeyboard.Editor.SpatialKeyboardSampleProjectValidation..cctor () [0x00023] in D:\Carpetas del sistema NO BORRAR\GITHUB DESKTOP REPO\RealidadMixta_Iot_pruebas\Industria_IOT_MR_unity6\Assets\Samples\XR Interaction Toolkit\3.0.8\Spatial Keyboard\Editor\Scripts\SpatialKeyboardSampleProjectValidation.cs:39 
   --- End of inner exception stack trace ---
  at (wrapper managed-to-native) System.Object.__icall_wrapper_mono_gc_wbarrier_generic_nostore_internal(intptr)
  at (wrapper write-barrier) System.Object.wbarrier_conc(intptr)
  at (wrapper managed-to-native) System.Reflection.RuntimeMethodInfo.InternalInvoke(System.Reflection.RuntimeMethodInfo,object,object[],System.Exception&)
  at System.Reflection.RuntimeMethodInfo.Invoke (System.Object obj, System.Reflection.BindingFlags invokeAttr, System.Reflection.Binder binder, System.Object[] parameters, System.Globalization.CultureInfo culture) [0x0006a] in <191a1970a53948f9819ac1d2e4f5c72e>:0 
   --- End of inner exception stack trace ---
  at System.Reflection.RuntimeMethodInfo.Invoke (System.Object obj, System.Reflection.BindingFlags invokeAttr, System.Reflection.Binder binder, System.Object[] parameters, System.Globalization.CultureInfo culture) [0x00083] in <191a1970a53948f9819ac1d2e4f5c72e>:0 
  at System.Reflection.MethodBase.Invoke (System.Object obj, System.Object[] parameters) [0x00000] in <191a1970a53948f9819ac1d2e4f5c72e>:0 
  at UnityEditor.EditorAssemblies.ProcessInitializeOnLoadMethodAttributes () [0x00056] in <2f9d421960d84dffaa88793de0f4b5f3>:0 
UnityEngine.Debug:ExtractStackTraceNoAlloc (byte*,int,string)
UnityEngine.StackTraceUtility:ExtractStackTrace ()
UnityEngine.DebugLogHandler:Internal_Log (UnityEngine.LogType,UnityEngine.LogOption,string,UnityEngine.Object)
UnityEngine.DebugLogHandler:LogFormat (UnityEngine.LogType,UnityEngine.Object,string,object[])
UnityEngine.Logger:Log (UnityEngine.LogType,object)
UnityEngine.Debug:LogError (object)
UnityEditor.EditorAssemblies:ProcessInitializeOnLoadMethodAttributes ()

Mono: successfully reloaded assembly
[Package Manager] Failed to launch server process. Reason: Unity was launched with the -noUpm command-line argument
[Package Manager] Unable to send message (not connected to server process).
[Package Manager] Cannot connect to Unity Package Manager local server
- Finished resetting the current domain, in  1.708 seconds
Domain Reload Profiling: 3272ms
	BeginReloadAssembly (346ms)
		ExecutionOrderSort (0ms)
		DisableScriptedObjects (8ms)
		BackupInstance (0ms)
		ReleaseScriptingObjects (0ms)
		CreateAndSetChildDomain (101ms)
	RebuildCommonClasses (46ms)
	RebuildNativeTypeToScriptingClass (14ms)
	initialDomainReloadingComplete (47ms)
	LoadAllAssembliesAndSetupDomain (1112ms)
		LoadAssemblies (826ms)
		RebuildTransferFunctionScriptingTraits (0ms)
		AnalyzeDomain (435ms)
			TypeCache.Refresh (20ms)
				TypeCache.ScanAssembly (2ms)
			BuildScriptInfoCaches (374ms)
			ResolveRequiredComponents (33ms)
	FinalizeReload (1708ms)
		ReleaseScriptCaches (0ms)
		RebuildScriptCaches (0ms)
		SetupLoadedEditorAssemblies (1391ms)
			LogAssemblyErrors (0ms)
			InitializePlatformSupportModulesInManaged (18ms)
			SetLoadedEditorAssemblies (10ms)
			BeforeProcessingInitializeOnLoad (303ms)
			ProcessInitializeOnLoadAttributes (804ms)
			ProcessInitializeOnLoadMethodAttributes (238ms)
			AfterProcessingInitializeOnLoad (17ms)
			EditorAssembliesLoaded (1ms)
		ExecutionOrderSort2 (0ms)
		AwakeInstancesAfterBackupRestoration (21ms)
Shader 'Oculus/OVRMRCameraFrameLit': fallback shader 'Alpha-Diffuse' not found
Refreshing native plugins compatible for Editor in 51.52 ms, found 14 plugins.
Preloading 0 native plugins for Editor in 0.00 ms.
Unloading 44 Unused Serialized files (Serialized files now loaded: 0)
Unloading 9220 unused Assets / (9.4 MB). Loaded Objects now: 10078.
Memory consumption went from 233.8 MB to 224.4 MB.
Total: 44.955200 ms (FindLiveObjects: 2.039700 ms CreateObjectMapping: 5.669200 ms MarkObjects: 20.870600 ms  DeleteObjects: 16.373900 ms)

Prepare: number of updated asset objects reloaded= 0
========================================================================
Received Prepare
Begin MonoManager ReloadAssembly
- Loaded All Assemblies, in  1.493 seconds
Script 'CharacterController' has the same name as built-in Unity component.
AddComponent and GetComponent will not work with this script.
'Packages/com.meta.xr.sdk.core/Editor/BuildingBlocks/BlocksWindow.cs' contains partial class of Unity.Object, exactly 1 of the partial classes needs to be in a file with the same filename. This is to know the one that can be referenced from ie. GameObjects
'Packages/com.meta.xr.sdk.core/Editor/BuildingBlocks/BlocksWindowDetailsExtension.cs' contains partial class of Unity.Object, exactly 1 of the partial classes needs to be in a file with the same filename. This is to know the one that can be referenced from ie. GameObjects
'Packages/com.meta.xr.sdk.core/Editor/BuildingBlocks/BlocksWindowCollectionsPageExtension.cs' contains partial class of Unity.Object, exactly 1 of the partial classes needs to be in a file with the same filename. This is to know the one that can be referenced from ie. GameObjects
Refreshing native plugins compatible for Editor in 26.38 ms, found 14 plugins.
Assertion failed on expression: 'pred(*previous, *i)'
Assertion failed on expression: 'pred(*previous, *i)'
Assertion failed on expression: 'pred(*previous, *i)'
Assertion failed on expression: 'pred(*previous, *i)'
Assertion failed on expression: 'pred(*previous, *i)'
Native extension for Android target not found
Native extension for UWP target not found
Native extension for WindowsStandalone target not found
[Package Manager] Failed to launch server process. Reason: Unity was launched with the -noUpm command-line argument
[Package Manager] Unable to send message (not connected to server process).
[Package Manager] Cannot connect to Unity Package Manager local server
[Package Manager] Failed to launch server process. Reason: Unity was launched with the -noUpm command-line argument
[Package Manager] Unable to send message (not connected to server process).
[Package Manager] Cannot connect to Unity Package Manager local server
Refreshing native plugins compatible for Editor in 24.58 ms, found 14 plugins.
[Package Manager] Failed to launch server process. Reason: Unity was launched with the -noUpm command-line argument
[Package Manager] Unable to send message (not connected to server process).
[Package Manager] Cannot connect to Unity Package Manager local server
System.Reflection.TargetInvocationException: Exception has been thrown by the target of an invocation. ---> System.TypeInitializationException: The type initializer for 'UnityEditor.XR.Interaction.Toolkit.Samples.SpatialKeyboard.Editor.SpatialKeyboardSampleProjectValidation' threw an exception. ---> System.NullReferenceException: Object reference not set to an instance of an object
  at Unity.XR.CoreUtils.Editor.PackageVersionUtility.UpdatePackageVersions () [0x00034] in .\Library\PackageCache\com.unity.xr.core-utils@c0df0dd5bced\Editor\ProjectValidation\PackageVersionUtility.cs:46 
  at Unity.XR.CoreUtils.Editor.PackageVersionUtility.GetPackageVersion (System.String packageName) [0x00011] in .\Library\PackageCache\com.unity.xr.core-utils@c0df0dd5bced\Editor\ProjectValidation\PackageVersionUtility.cs:67 
  at UnityEditor.XR.Interaction.Toolkit.Samples.SpatialKeyboard.Editor.SpatialKeyboardSampleProjectValidation..cctor () [0x00023] in D:\Carpetas del sistema NO BORRAR\GITHUB DESKTOP REPO\RealidadMixta_Iot_pruebas\Industria_IOT_MR_unity6\Assets\Samples\XR Interaction Toolkit\3.0.8\Spatial Keyboard\Editor\Scripts\SpatialKeyboardSampleProjectValidation.cs:39 
   --- End of inner exception stack trace ---
  at (wrapper managed-to-native) System.Object.__icall_wrapper_mono_gc_wbarrier_generic_nostore_internal(intptr)
  at (wrapper write-barrier) System.Object.wbarrier_conc(intptr)
  at (wrapper managed-to-native) System.Reflection.RuntimeMethodInfo.InternalInvoke(System.Reflection.RuntimeMethodInfo,object,object[],System.Exception&)
  at System.Reflection.RuntimeMethodInfo.Invoke (System.Object obj, System.Reflection.BindingFlags invokeAttr, System.Reflection.Binder binder, System.Object[] parameters, System.Globalization.CultureInfo culture) [0x0006a] in <191a1970a53948f9819ac1d2e4f5c72e>:0 
   --- End of inner exception stack trace ---
  at System.Reflection.RuntimeMethodInfo.Invoke (System.Object obj, System.Reflection.BindingFlags invokeAttr, System.Reflection.Binder binder, System.Object[] parameters, System.Globalization.CultureInfo culture) [0x00083] in <191a1970a53948f9819ac1d2e4f5c72e>:0 
  at System.Reflection.MethodBase.Invoke (System.Object obj, System.Object[] parameters) [0x00000] in <191a1970a53948f9819ac1d2e4f5c72e>:0 
  at UnityEditor.EditorAssemblies.ProcessInitializeOnLoadMethodAttributes () [0x00056] in <2f9d421960d84dffaa88793de0f4b5f3>:0 
UnityEngine.Debug:ExtractStackTraceNoAlloc (byte*,int,string)
UnityEngine.StackTraceUtility:ExtractStackTrace ()
UnityEngine.DebugLogHandler:Internal_Log (UnityEngine.LogType,UnityEngine.LogOption,string,UnityEngine.Object)
UnityEngine.DebugLogHandler:LogFormat (UnityEngine.LogType,UnityEngine.Object,string,object[])
UnityEngine.Logger:Log (UnityEngine.LogType,object)
UnityEngine.Debug:LogError (object)
UnityEditor.EditorAssemblies:ProcessInitializeOnLoadMethodAttributes ()

Mono: successfully reloaded assembly
[Package Manager] Failed to launch server process. Reason: Unity was launched with the -noUpm command-line argument
[Package Manager] Unable to send message (not connected to server process).
[Package Manager] Cannot connect to Unity Package Manager local server
- Finished resetting the current domain, in  1.581 seconds
Domain Reload Profiling: 3050ms
	BeginReloadAssembly (330ms)
		ExecutionOrderSort (0ms)
		DisableScriptedObjects (8ms)
		BackupInstance (0ms)
		ReleaseScriptingObjects (0ms)
		CreateAndSetChildDomain (89ms)
	RebuildCommonClasses (47ms)
	RebuildNativeTypeToScriptingClass (15ms)
	initialDomainReloadingComplete (54ms)
	LoadAllAssembliesAndSetupDomain (1021ms)
		LoadAssemblies (815ms)
		RebuildTransferFunctionScriptingTraits (0ms)
		AnalyzeDomain (356ms)
			TypeCache.Refresh (10ms)
				TypeCache.ScanAssembly (0ms)
			BuildScriptInfoCaches (315ms)
			ResolveRequiredComponents (25ms)
	FinalizeReload (1582ms)
		ReleaseScriptCaches (0ms)
		RebuildScriptCaches (0ms)
		SetupLoadedEditorAssemblies (1287ms)
			LogAssemblyErrors (0ms)
			InitializePlatformSupportModulesInManaged (18ms)
			SetLoadedEditorAssemblies (11ms)
			BeforeProcessingInitializeOnLoad (286ms)
			ProcessInitializeOnLoadAttributes (740ms)
			ProcessInitializeOnLoadMethodAttributes (212ms)
			AfterProcessingInitializeOnLoad (19ms)
			EditorAssembliesLoaded (1ms)
		ExecutionOrderSort2 (0ms)
		AwakeInstancesAfterBackupRestoration (20ms)
Shader 'Oculus/OVRMRCameraFrameLit': fallback shader 'Alpha-Diffuse' not found
Refreshing native plugins compatible for Editor in 45.08 ms, found 14 plugins.
Preloading 0 native plugins for Editor in 0.00 ms.
Unloading 44 Unused Serialized files (Serialized files now loaded: 0)
Unloading 9220 unused Assets / (6.2 MB). Loaded Objects now: 10081.
Memory consumption went from 233.8 MB to 227.5 MB.
Total: 38.199600 ms (FindLiveObjects: 2.599900 ms CreateObjectMapping: 3.144100 ms MarkObjects: 19.123100 ms  DeleteObjects: 13.329500 ms)

Prepare: number of updated asset objects reloaded= 0
========================================================================
Received Prepare
Script 'CharacterController' has the same name as built-in Unity component.
AddComponent and GetComponent will not work with this script.
'Packages/com.meta.xr.sdk.core/Editor/BuildingBlocks/BlocksWindow.cs' contains partial class of Unity.Object, exactly 1 of the partial classes needs to be in a file with the same filename. This is to know the one that can be referenced from ie. GameObjects
'Packages/com.meta.xr.sdk.core/Editor/BuildingBlocks/BlocksWindowDetailsExtension.cs' contains partial class of Unity.Object, exactly 1 of the partial classes needs to be in a file with the same filename. This is to know the one that can be referenced from ie. GameObjects
'Packages/com.meta.xr.sdk.core/Editor/BuildingBlocks/BlocksWindowCollectionsPageExtension.cs' contains partial class of Unity.Object, exactly 1 of the partial classes needs to be in a file with the same filename. This is to know the one that can be referenced from ie. GameObjects
Shader 'Oculus/OVRMRCameraFrameLit': fallback shader 'Alpha-Diffuse' not found
Refreshing native plugins compatible for Editor in 45.38 ms, found 14 plugins.
Preloading 0 native plugins for Editor in 0.00 ms.
Unloading 19 Unused Serialized files (Serialized files now loaded: 0)
Unloading 9133 unused Assets / (8.4 MB). Loaded Objects now: 10071.
Memory consumption went from 192.4 MB to 184.1 MB.
Total: 24.726400 ms (FindLiveObjects: 1.897700 ms CreateObjectMapping: 1.849600 ms MarkObjects: 13.833400 ms  DeleteObjects: 7.143900 ms)

Prepare: number of updated asset objects reloaded= 0
========================================================================
Received Prepare
Script 'CharacterController' has the same name as built-in Unity component.
AddComponent and GetComponent will not work with this script.
'Packages/com.meta.xr.sdk.core/Editor/BuildingBlocks/BlocksWindow.cs' contains partial class of Unity.Object, exactly 1 of the partial classes needs to be in a file with the same filename. This is to know the one that can be referenced from ie. GameObjects
'Packages/com.meta.xr.sdk.core/Editor/BuildingBlocks/BlocksWindowDetailsExtension.cs' contains partial class of Unity.Object, exactly 1 of the partial classes needs to be in a file with the same filename. This is to know the one that can be referenced from ie. GameObjects
'Packages/com.meta.xr.sdk.core/Editor/BuildingBlocks/BlocksWindowCollectionsPageExtension.cs' contains partial class of Unity.Object, exactly 1 of the partial classes needs to be in a file with the same filename. This is to know the one that can be referenced from ie. GameObjects
Shader 'Oculus/OVRMRCameraFrameLit': fallback shader 'Alpha-Diffuse' not found
Refreshing native plugins compatible for Editor in 73.72 ms, found 14 plugins.
Preloading 0 native plugins for Editor in 0.00 ms.
Unloading 19 Unused Serialized files (Serialized files now loaded: 0)
Unloading 9133 unused Assets / (7.4 MB). Loaded Objects now: 10071.
Memory consumption went from 192.1 MB to 184.7 MB.
Total: 190.295600 ms (FindLiveObjects: 2.955600 ms CreateObjectMapping: 3.836900 ms MarkObjects: 172.847400 ms  DeleteObjects: 10.651800 ms)

Prepare: number of updated asset objects reloaded= 0
========================================================================
Received Import Request.
  Time since last request: 1694.539229 seconds.
  path: Assets/PROYECTO/2_Scripts/ItemPanelToggler.cs
  artifactKey: Guid(5993765c48ce4d9419218c847d9df4e5) Importer(815301076,1909f56bfc062723c751e8b465ee728b)
Start importing Assets/PROYECTO/2_Scripts/ItemPanelToggler.cs using Guid(5993765c48ce4d9419218c847d9df4e5) Importer(815301076,1909f56bfc062723c751e8b465ee728b) (PreviewImporter) -> (artifact id: '3288d0d4fedc4cda1e46b823f9d1832f') in 0.0092008 seconds
Number of updated asset objects reloaded before import = 0Number of asset objects unloaded after import = 0

========================================================================
Received Prepare
Script 'CharacterController' has the same name as built-in Unity component.
AddComponent and GetComponent will not work with this script.
'Packages/com.meta.xr.sdk.core/Editor/BuildingBlocks/BlocksWindow.cs' contains partial class of Unity.Object, exactly 1 of the partial classes needs to be in a file with the same filename. This is to know the one that can be referenced from ie. GameObjects
'Packages/com.meta.xr.sdk.core/Editor/BuildingBlocks/BlocksWindowDetailsExtension.cs' contains partial class of Unity.Object, exactly 1 of the partial classes needs to be in a file with the same filename. This is to know the one that can be referenced from ie. GameObjects
'Packages/com.meta.xr.sdk.core/Editor/BuildingBlocks/BlocksWindowCollectionsPageExtension.cs' contains partial class of Unity.Object, exactly 1 of the partial classes needs to be in a file with the same filename. This is to know the one that can be referenced from ie. GameObjects
Shader 'Oculus/OVRMRCameraFrameLit': fallback shader 'Alpha-Diffuse' not found
Refreshing native plugins compatible for Editor in 86.24 ms, found 14 plugins.
Preloading 0 native plugins for Editor in 0.00 ms.
Unloading 19 Unused Serialized files (Serialized files now loaded: 0)
Unloading 9133 unused Assets / (8.1 MB). Loaded Objects now: 10071.
Memory consumption went from 192.1 MB to 184.0 MB.
Total: 23.797600 ms (FindLiveObjects: 1.257800 ms CreateObjectMapping: 1.227000 ms MarkObjects: 14.187200 ms  DeleteObjects: 7.124100 ms)

Prepare: number of updated asset objects reloaded= 0
========================================================================
Received Prepare
Begin MonoManager ReloadAssembly
- Loaded All Assemblies, in  1.559 seconds
Script 'CharacterController' has the same name as built-in Unity component.
AddComponent and GetComponent will not work with this script.
'Packages/com.meta.xr.sdk.core/Editor/BuildingBlocks/BlocksWindow.cs' contains partial class of Unity.Object, exactly 1 of the partial classes needs to be in a file with the same filename. This is to know the one that can be referenced from ie. GameObjects
'Packages/com.meta.xr.sdk.core/Editor/BuildingBlocks/BlocksWindowDetailsExtension.cs' contains partial class of Unity.Object, exactly 1 of the partial classes needs to be in a file with the same filename. This is to know the one that can be referenced from ie. GameObjects
'Packages/com.meta.xr.sdk.core/Editor/BuildingBlocks/BlocksWindowCollectionsPageExtension.cs' contains partial class of Unity.Object, exactly 1 of the partial classes needs to be in a file with the same filename. This is to know the one that can be referenced from ie. GameObjects
Refreshing native plugins compatible for Editor in 25.51 ms, found 14 plugins.
Assertion failed on expression: 'pred(*previous, *i)'
Assertion failed on expression: 'pred(*previous, *i)'
Assertion failed on expression: 'pred(*previous, *i)'
Assertion failed on expression: 'pred(*previous, *i)'
Assertion failed on expression: 'pred(*previous, *i)'
Native extension for Android target not found
Native extension for UWP target not found
Native extension for WindowsStandalone target not found
[Package Manager] Failed to launch server process. Reason: Unity was launched with the -noUpm command-line argument
[Package Manager] Unable to send message (not connected to server process).
[Package Manager] Cannot connect to Unity Package Manager local server
[Package Manager] Failed to launch server process. Reason: Unity was launched with the -noUpm command-line argument
[Package Manager] Unable to send message (not connected to server process).
[Package Manager] Cannot connect to Unity Package Manager local server
Refreshing native plugins compatible for Editor in 28.08 ms, found 14 plugins.
[Package Manager] Failed to launch server process. Reason: Unity was launched with the -noUpm command-line argument
[Package Manager] Unable to send message (not connected to server process).
[Package Manager] Cannot connect to Unity Package Manager local server
System.Reflection.TargetInvocationException: Exception has been thrown by the target of an invocation. ---> System.TypeInitializationException: The type initializer for 'UnityEditor.XR.Interaction.Toolkit.Samples.SpatialKeyboard.Editor.SpatialKeyboardSampleProjectValidation' threw an exception. ---> System.NullReferenceException: Object reference not set to an instance of an object
  at Unity.XR.CoreUtils.Editor.PackageVersionUtility.UpdatePackageVersions () [0x00034] in .\Library\PackageCache\com.unity.xr.core-utils@c0df0dd5bced\Editor\ProjectValidation\PackageVersionUtility.cs:46 
  at Unity.XR.CoreUtils.Editor.PackageVersionUtility.GetPackageVersion (System.String packageName) [0x00011] in .\Library\PackageCache\com.unity.xr.core-utils@c0df0dd5bced\Editor\ProjectValidation\PackageVersionUtility.cs:67 
  at UnityEditor.XR.Interaction.Toolkit.Samples.SpatialKeyboard.Editor.SpatialKeyboardSampleProjectValidation..cctor () [0x00023] in D:\Carpetas del sistema NO BORRAR\GITHUB DESKTOP REPO\RealidadMixta_Iot_pruebas\Industria_IOT_MR_unity6\Assets\Samples\XR Interaction Toolkit\3.0.8\Spatial Keyboard\Editor\Scripts\SpatialKeyboardSampleProjectValidation.cs:39 
   --- End of inner exception stack trace ---
  at (wrapper managed-to-native) System.Object.__icall_wrapper_mono_gc_wbarrier_generic_nostore_internal(intptr)
  at (wrapper write-barrier) System.Object.wbarrier_conc(intptr)
  at (wrapper managed-to-native) System.Reflection.RuntimeMethodInfo.InternalInvoke(System.Reflection.RuntimeMethodInfo,object,object[],System.Exception&)
  at System.Reflection.RuntimeMethodInfo.Invoke (System.Object obj, System.Reflection.BindingFlags invokeAttr, System.Reflection.Binder binder, System.Object[] parameters, System.Globalization.CultureInfo culture) [0x0006a] in <191a1970a53948f9819ac1d2e4f5c72e>:0 
   --- End of inner exception stack trace ---
  at System.Reflection.RuntimeMethodInfo.Invoke (System.Object obj, System.Reflection.BindingFlags invokeAttr, System.Reflection.Binder binder, System.Object[] parameters, System.Globalization.CultureInfo culture) [0x00083] in <191a1970a53948f9819ac1d2e4f5c72e>:0 
  at System.Reflection.MethodBase.Invoke (System.Object obj, System.Object[] parameters) [0x00000] in <191a1970a53948f9819ac1d2e4f5c72e>:0 
  at UnityEditor.EditorAssemblies.ProcessInitializeOnLoadMethodAttributes () [0x00056] in <2f9d421960d84dffaa88793de0f4b5f3>:0 
UnityEngine.Debug:ExtractStackTraceNoAlloc (byte*,int,string)
UnityEngine.StackTraceUtility:ExtractStackTrace ()
UnityEngine.DebugLogHandler:Internal_Log (UnityEngine.LogType,UnityEngine.LogOption,string,UnityEngine.Object)
UnityEngine.DebugLogHandler:LogFormat (UnityEngine.LogType,UnityEngine.Object,string,object[])
UnityEngine.Logger:Log (UnityEngine.LogType,object)
UnityEngine.Debug:LogError (object)
UnityEditor.EditorAssemblies:ProcessInitializeOnLoadMethodAttributes ()

Mono: successfully reloaded assembly
[Package Manager] Failed to launch server process. Reason: Unity was launched with the -noUpm command-line argument
[Package Manager] Unable to send message (not connected to server process).
[Package Manager] Cannot connect to Unity Package Manager local server
- Finished resetting the current domain, in  1.799 seconds
Domain Reload Profiling: 3329ms
	BeginReloadAssembly (368ms)
		ExecutionOrderSort (0ms)
		DisableScriptedObjects (9ms)
		BackupInstance (0ms)
		ReleaseScriptingObjects (0ms)
		CreateAndSetChildDomain (104ms)
	RebuildCommonClasses (46ms)
	RebuildNativeTypeToScriptingClass (15ms)
	initialDomainReloadingComplete (52ms)
	LoadAllAssembliesAndSetupDomain (1049ms)
		LoadAssemblies (847ms)
		RebuildTransferFunctionScriptingTraits (0ms)
		AnalyzeDomain (369ms)
			TypeCache.Refresh (21ms)
				TypeCache.ScanAssembly (3ms)
			BuildScriptInfoCaches (316ms)
			ResolveRequiredComponents (26ms)
	FinalizeReload (1800ms)
		ReleaseScriptCaches (0ms)
		RebuildScriptCaches (0ms)
		SetupLoadedEditorAssemblies (1461ms)
			LogAssemblyErrors (0ms)
			InitializePlatformSupportModulesInManaged (18ms)
			SetLoadedEditorAssemblies (10ms)
			BeforeProcessingInitializeOnLoad (332ms)
			ProcessInitializeOnLoadAttributes (821ms)
			ProcessInitializeOnLoadMethodAttributes (260ms)
			AfterProcessingInitializeOnLoad (20ms)
			EditorAssembliesLoaded (1ms)
		ExecutionOrderSort2 (0ms)
		AwakeInstancesAfterBackupRestoration (24ms)
Shader 'Oculus/OVRMRCameraFrameLit': fallback shader 'Alpha-Diffuse' not found
Refreshing native plugins compatible for Editor in 47.75 ms, found 14 plugins.
Preloading 0 native plugins for Editor in 0.00 ms.
Unloading 44 Unused Serialized files (Serialized files now loaded: 0)
Unloading 9220 unused Assets / (8.5 MB). Loaded Objects now: 10084.
Memory consumption went from 233.7 MB to 225.2 MB.
Total: 53.593500 ms (FindLiveObjects: 3.184800 ms CreateObjectMapping: 12.005600 ms MarkObjects: 24.382100 ms  DeleteObjects: 14.018600 ms)

Prepare: number of updated asset objects reloaded= 0
========================================================================
Received Prepare
Begin MonoManager ReloadAssembly
- Loaded All Assemblies, in  1.451 seconds
Script 'CharacterController' has the same name as built-in Unity component.
AddComponent and GetComponent will not work with this script.
'Packages/com.meta.xr.sdk.core/Editor/BuildingBlocks/BlocksWindow.cs' contains partial class of Unity.Object, exactly 1 of the partial classes needs to be in a file with the same filename. This is to know the one that can be referenced from ie. GameObjects
'Packages/com.meta.xr.sdk.core/Editor/BuildingBlocks/BlocksWindowDetailsExtension.cs' contains partial class of Unity.Object, exactly 1 of the partial classes needs to be in a file with the same filename. This is to know the one that can be referenced from ie. GameObjects
'Packages/com.meta.xr.sdk.core/Editor/BuildingBlocks/BlocksWindowCollectionsPageExtension.cs' contains partial class of Unity.Object, exactly 1 of the partial classes needs to be in a file with the same filename. This is to know the one that can be referenced from ie. GameObjects
Refreshing native plugins compatible for Editor in 24.54 ms, found 14 plugins.
Assertion failed on expression: 'pred(*previous, *i)'
Assertion failed on expression: 'pred(*previous, *i)'
Assertion failed on expression: 'pred(*previous, *i)'
Assertion failed on expression: 'pred(*previous, *i)'
Assertion failed on expression: 'pred(*previous, *i)'
Native extension for Android target not found
Native extension for UWP target not found
Native extension for WindowsStandalone target not found
[Package Manager] Failed to launch server process. Reason: Unity was launched with the -noUpm command-line argument
[Package Manager] Unable to send message (not connected to server process).
[Package Manager] Cannot connect to Unity Package Manager local server
[Package Manager] Failed to launch server process. Reason: Unity was launched with the -noUpm command-line argument
[Package Manager] Unable to send message (not connected to server process).
[Package Manager] Cannot connect to Unity Package Manager local server
Refreshing native plugins compatible for Editor in 25.97 ms, found 14 plugins.
[Package Manager] Failed to launch server process. Reason: Unity was launched with the -noUpm command-line argument
[Package Manager] Unable to send message (not connected to server process).
[Package Manager] Cannot connect to Unity Package Manager local server
System.Reflection.TargetInvocationException: Exception has been thrown by the target of an invocation. ---> System.TypeInitializationException: The type initializer for 'UnityEditor.XR.Interaction.Toolkit.Samples.SpatialKeyboard.Editor.SpatialKeyboardSampleProjectValidation' threw an exception. ---> System.NullReferenceException: Object reference not set to an instance of an object
  at Unity.XR.CoreUtils.Editor.PackageVersionUtility.UpdatePackageVersions () [0x00034] in .\Library\PackageCache\com.unity.xr.core-utils@c0df0dd5bced\Editor\ProjectValidation\PackageVersionUtility.cs:46 
  at Unity.XR.CoreUtils.Editor.PackageVersionUtility.GetPackageVersion (System.String packageName) [0x00011] in .\Library\PackageCache\com.unity.xr.core-utils@c0df0dd5bced\Editor\ProjectValidation\PackageVersionUtility.cs:67 
  at UnityEditor.XR.Interaction.Toolkit.Samples.SpatialKeyboard.Editor.SpatialKeyboardSampleProjectValidation..cctor () [0x00023] in D:\Carpetas del sistema NO BORRAR\GITHUB DESKTOP REPO\RealidadMixta_Iot_pruebas\Industria_IOT_MR_unity6\Assets\Samples\XR Interaction Toolkit\3.0.8\Spatial Keyboard\Editor\Scripts\SpatialKeyboardSampleProjectValidation.cs:39 
   --- End of inner exception stack trace ---
  at (wrapper managed-to-native) System.Object.__icall_wrapper_mono_gc_wbarrier_generic_nostore_internal(intptr)
  at (wrapper write-barrier) System.Object.wbarrier_conc(intptr)
  at (wrapper managed-to-native) System.Reflection.RuntimeMethodInfo.InternalInvoke(System.Reflection.RuntimeMethodInfo,object,object[],System.Exception&)
  at System.Reflection.RuntimeMethodInfo.Invoke (System.Object obj, System.Reflection.BindingFlags invokeAttr, System.Reflection.Binder binder, System.Object[] parameters, System.Globalization.CultureInfo culture) [0x0006a] in <191a1970a53948f9819ac1d2e4f5c72e>:0 
   --- End of inner exception stack trace ---
  at System.Reflection.RuntimeMethodInfo.Invoke (System.Object obj, System.Reflection.BindingFlags invokeAttr, System.Reflection.Binder binder, System.Object[] parameters, System.Globalization.CultureInfo culture) [0x00083] in <191a1970a53948f9819ac1d2e4f5c72e>:0 
  at System.Reflection.MethodBase.Invoke (System.Object obj, System.Object[] parameters) [0x00000] in <191a1970a53948f9819ac1d2e4f5c72e>:0 
  at UnityEditor.EditorAssemblies.ProcessInitializeOnLoadMethodAttributes () [0x00056] in <2f9d421960d84dffaa88793de0f4b5f3>:0 
UnityEngine.Debug:ExtractStackTraceNoAlloc (byte*,int,string)
UnityEngine.StackTraceUtility:ExtractStackTrace ()
UnityEngine.DebugLogHandler:Internal_Log (UnityEngine.LogType,UnityEngine.LogOption,string,UnityEngine.Object)
UnityEngine.DebugLogHandler:LogFormat (UnityEngine.LogType,UnityEngine.Object,string,object[])
UnityEngine.Logger:Log (UnityEngine.LogType,object)
UnityEngine.Debug:LogError (object)
UnityEditor.EditorAssemblies:ProcessInitializeOnLoadMethodAttributes ()

Mono: successfully reloaded assembly
[Package Manager] Failed to launch server process. Reason: Unity was launched with the -noUpm command-line argument
[Package Manager] Unable to send message (not connected to server process).
[Package Manager] Cannot connect to Unity Package Manager local server
- Finished resetting the current domain, in  1.592 seconds
Domain Reload Profiling: 3017ms
	BeginReloadAssembly (332ms)
		ExecutionOrderSort (0ms)
		DisableScriptedObjects (7ms)
		BackupInstance (0ms)
		ReleaseScriptingObjects (0ms)
		CreateAndSetChildDomain (89ms)
	RebuildCommonClasses (48ms)
	RebuildNativeTypeToScriptingClass (15ms)
	initialDomainReloadingComplete (48ms)
	LoadAllAssembliesAndSetupDomain (982ms)
		LoadAssemblies (794ms)
		RebuildTransferFunctionScriptingTraits (0ms)
		AnalyzeDomain (340ms)
			TypeCache.Refresh (12ms)
				TypeCache.ScanAssembly (0ms)
			BuildScriptInfoCaches (292ms)
			ResolveRequiredComponents (29ms)
	FinalizeReload (1592ms)
		ReleaseScriptCaches (0ms)
		RebuildScriptCaches (0ms)
		SetupLoadedEditorAssemblies (1290ms)
			LogAssemblyErrors (0ms)
			InitializePlatformSupportModulesInManaged (15ms)
			SetLoadedEditorAssemblies (10ms)
			BeforeProcessingInitializeOnLoad (281ms)
			ProcessInitializeOnLoadAttributes (740ms)
			ProcessInitializeOnLoadMethodAttributes (225ms)
			AfterProcessingInitializeOnLoad (19ms)
			EditorAssembliesLoaded (1ms)
		ExecutionOrderSort2 (0ms)
		AwakeInstancesAfterBackupRestoration (20ms)
Shader 'Oculus/OVRMRCameraFrameLit': fallback shader 'Alpha-Diffuse' not found
Refreshing native plugins compatible for Editor in 39.54 ms, found 14 plugins.
Preloading 0 native plugins for Editor in 0.00 ms.
Unloading 44 Unused Serialized files (Serialized files now loaded: 0)
Unloading 9220 unused Assets / (6.4 MB). Loaded Objects now: 10087.
Memory consumption went from 233.8 MB to 227.5 MB.
Total: 35.855100 ms (FindLiveObjects: 1.918800 ms CreateObjectMapping: 3.379900 ms MarkObjects: 18.956100 ms  DeleteObjects: 11.598300 ms)

Prepare: number of updated asset objects reloaded= 0
========================================================================
Received Prepare
Begin MonoManager ReloadAssembly
- Loaded All Assemblies, in  1.514 seconds
Script 'CharacterController' has the same name as built-in Unity component.
AddComponent and GetComponent will not work with this script.
'Packages/com.meta.xr.sdk.core/Editor/BuildingBlocks/BlocksWindow.cs' contains partial class of Unity.Object, exactly 1 of the partial classes needs to be in a file with the same filename. This is to know the one that can be referenced from ie. GameObjects
'Packages/com.meta.xr.sdk.core/Editor/BuildingBlocks/BlocksWindowDetailsExtension.cs' contains partial class of Unity.Object, exactly 1 of the partial classes needs to be in a file with the same filename. This is to know the one that can be referenced from ie. GameObjects
'Packages/com.meta.xr.sdk.core/Editor/BuildingBlocks/BlocksWindowCollectionsPageExtension.cs' contains partial class of Unity.Object, exactly 1 of the partial classes needs to be in a file with the same filename. This is to know the one that can be referenced from ie. GameObjects
Refreshing native plugins compatible for Editor in 25.17 ms, found 14 plugins.
Assertion failed on expression: 'pred(*previous, *i)'
Assertion failed on expression: 'pred(*previous, *i)'
Assertion failed on expression: 'pred(*previous, *i)'
Assertion failed on expression: 'pred(*previous, *i)'
Assertion failed on expression: 'pred(*previous, *i)'
Native extension for Android target not found
Native extension for UWP target not found
Native extension for WindowsStandalone target not found
[Package Manager] Failed to launch server process. Reason: Unity was launched with the -noUpm command-line argument
[Package Manager] Unable to send message (not connected to server process).
[Package Manager] Cannot connect to Unity Package Manager local server
[Package Manager] Failed to launch server process. Reason: Unity was launched with the -noUpm command-line argument
[Package Manager] Unable to send message (not connected to server process).
[Package Manager] Cannot connect to Unity Package Manager local server
Refreshing native plugins compatible for Editor in 24.02 ms, found 14 plugins.
[Package Manager] Failed to launch server process. Reason: Unity was launched with the -noUpm command-line argument
[Package Manager] Unable to send message (not connected to server process).
[Package Manager] Cannot connect to Unity Package Manager local server
System.Reflection.TargetInvocationException: Exception has been thrown by the target of an invocation. ---> System.TypeInitializationException: The type initializer for 'UnityEditor.XR.Interaction.Toolkit.Samples.SpatialKeyboard.Editor.SpatialKeyboardSampleProjectValidation' threw an exception. ---> System.NullReferenceException: Object reference not set to an instance of an object
  at Unity.XR.CoreUtils.Editor.PackageVersionUtility.UpdatePackageVersions () [0x00034] in .\Library\PackageCache\com.unity.xr.core-utils@c0df0dd5bced\Editor\ProjectValidation\PackageVersionUtility.cs:46 
  at Unity.XR.CoreUtils.Editor.PackageVersionUtility.GetPackageVersion (System.String packageName) [0x00011] in .\Library\PackageCache\com.unity.xr.core-utils@c0df0dd5bced\Editor\ProjectValidation\PackageVersionUtility.cs:67 
  at UnityEditor.XR.Interaction.Toolkit.Samples.SpatialKeyboard.Editor.SpatialKeyboardSampleProjectValidation..cctor () [0x00023] in D:\Carpetas del sistema NO BORRAR\GITHUB DESKTOP REPO\RealidadMixta_Iot_pruebas\Industria_IOT_MR_unity6\Assets\Samples\XR Interaction Toolkit\3.0.8\Spatial Keyboard\Editor\Scripts\SpatialKeyboardSampleProjectValidation.cs:39 
   --- End of inner exception stack trace ---
  at (wrapper managed-to-native) System.Object.__icall_wrapper_mono_gc_wbarrier_generic_nostore_internal(intptr)
  at (wrapper write-barrier) System.Object.wbarrier_conc(intptr)
  at (wrapper managed-to-native) System.Reflection.RuntimeMethodInfo.InternalInvoke(System.Reflection.RuntimeMethodInfo,object,object[],System.Exception&)
  at System.Reflection.RuntimeMethodInfo.Invoke (System.Object obj, System.Reflection.BindingFlags invokeAttr, System.Reflection.Binder binder, System.Object[] parameters, System.Globalization.CultureInfo culture) [0x0006a] in <191a1970a53948f9819ac1d2e4f5c72e>:0 
   --- End of inner exception stack trace ---
  at System.Reflection.RuntimeMethodInfo.Invoke (System.Object obj, System.Reflection.BindingFlags invokeAttr, System.Reflection.Binder binder, System.Object[] parameters, System.Globalization.CultureInfo culture) [0x00083] in <191a1970a53948f9819ac1d2e4f5c72e>:0 
  at System.Reflection.MethodBase.Invoke (System.Object obj, System.Object[] parameters) [0x00000] in <191a1970a53948f9819ac1d2e4f5c72e>:0 
  at UnityEditor.EditorAssemblies.ProcessInitializeOnLoadMethodAttributes () [0x00056] in <2f9d421960d84dffaa88793de0f4b5f3>:0 
UnityEngine.Debug:ExtractStackTraceNoAlloc (byte*,int,string)
UnityEngine.StackTraceUtility:ExtractStackTrace ()
UnityEngine.DebugLogHandler:Internal_Log (UnityEngine.LogType,UnityEngine.LogOption,string,UnityEngine.Object)
UnityEngine.DebugLogHandler:LogFormat (UnityEngine.LogType,UnityEngine.Object,string,object[])
UnityEngine.Logger:Log (UnityEngine.LogType,object)
UnityEngine.Debug:LogError (object)
UnityEditor.EditorAssemblies:ProcessInitializeOnLoadMethodAttributes ()

Mono: successfully reloaded assembly
[Package Manager] Failed to launch server process. Reason: Unity was launched with the -noUpm command-line argument
[Package Manager] Unable to send message (not connected to server process).
[Package Manager] Cannot connect to Unity Package Manager local server
- Finished resetting the current domain, in  1.616 seconds
Domain Reload Profiling: 3107ms
	BeginReloadAssembly (327ms)
		ExecutionOrderSort (0ms)
		DisableScriptedObjects (7ms)
		BackupInstance (0ms)
		ReleaseScriptingObjects (0ms)
		CreateAndSetChildDomain (83ms)
	RebuildCommonClasses (48ms)
	RebuildNativeTypeToScriptingClass (15ms)
	initialDomainReloadingComplete (50ms)
	LoadAllAssembliesAndSetupDomain (1051ms)
		LoadAssemblies (808ms)
		RebuildTransferFunctionScriptingTraits (0ms)
		AnalyzeDomain (395ms)
			TypeCache.Refresh (11ms)
				TypeCache.ScanAssembly (0ms)
			BuildScriptInfoCaches (346ms)
			ResolveRequiredComponents (31ms)
	FinalizeReload (1616ms)
		ReleaseScriptCaches (0ms)
		RebuildScriptCaches (0ms)
		SetupLoadedEditorAssemblies (1314ms)
			LogAssemblyErrors (0ms)
			InitializePlatformSupportModulesInManaged (16ms)
			SetLoadedEditorAssemblies (8ms)
			BeforeProcessingInitializeOnLoad (283ms)
			ProcessInitializeOnLoadAttributes (760ms)
			ProcessInitializeOnLoadMethodAttributes (228ms)
			AfterProcessingInitializeOnLoad (18ms)
			EditorAssembliesLoaded (1ms)
		ExecutionOrderSort2 (0ms)
		AwakeInstancesAfterBackupRestoration (16ms)
Shader 'Oculus/OVRMRCameraFrameLit': fallback shader 'Alpha-Diffuse' not found
Refreshing native plugins compatible for Editor in 47.70 ms, found 14 plugins.
Preloading 0 native plugins for Editor in 0.00 ms.
Unloading 44 Unused Serialized files (Serialized files now loaded: 0)
Unloading 9220 unused Assets / (6.2 MB). Loaded Objects now: 10090.
Memory consumption went from 233.8 MB to 227.6 MB.
Total: 38.754200 ms (FindLiveObjects: 1.867000 ms CreateObjectMapping: 3.536600 ms MarkObjects: 21.188900 ms  DeleteObjects: 12.159200 ms)

Prepare: number of updated asset objects reloaded= 0
========================================================================
Received Prepare
Script 'CharacterController' has the same name as built-in Unity component.
AddComponent and GetComponent will not work with this script.
'Packages/com.meta.xr.sdk.core/Editor/BuildingBlocks/BlocksWindow.cs' contains partial class of Unity.Object, exactly 1 of the partial classes needs to be in a file with the same filename. This is to know the one that can be referenced from ie. GameObjects
'Packages/com.meta.xr.sdk.core/Editor/BuildingBlocks/BlocksWindowDetailsExtension.cs' contains partial class of Unity.Object, exactly 1 of the partial classes needs to be in a file with the same filename. This is to know the one that can be referenced from ie. GameObjects
'Packages/com.meta.xr.sdk.core/Editor/BuildingBlocks/BlocksWindowCollectionsPageExtension.cs' contains partial class of Unity.Object, exactly 1 of the partial classes needs to be in a file with the same filename. This is to know the one that can be referenced from ie. GameObjects
Shader 'Oculus/OVRMRCameraFrameLit': fallback shader 'Alpha-Diffuse' not found
Refreshing native plugins compatible for Editor in 94.03 ms, found 14 plugins.
Preloading 0 native plugins for Editor in 0.00 ms.
Unloading 19 Unused Serialized files (Serialized files now loaded: 0)
Unloading 9133 unused Assets / (9.0 MB). Loaded Objects now: 10080.
Memory consumption went from 192.5 MB to 183.5 MB.
Total: 26.930000 ms (FindLiveObjects: 1.583100 ms CreateObjectMapping: 4.708300 ms MarkObjects: 12.314600 ms  DeleteObjects: 8.322000 ms)

Prepare: number of updated asset objects reloaded= 0
========================================================================
Received Prepare
Begin MonoManager ReloadAssembly
- Loaded All Assemblies, in  1.568 seconds
Script 'CharacterController' has the same name as built-in Unity component.
AddComponent and GetComponent will not work with this script.
'Packages/com.meta.xr.sdk.core/Editor/BuildingBlocks/BlocksWindow.cs' contains partial class of Unity.Object, exactly 1 of the partial classes needs to be in a file with the same filename. This is to know the one that can be referenced from ie. GameObjects
'Packages/com.meta.xr.sdk.core/Editor/BuildingBlocks/BlocksWindowDetailsExtension.cs' contains partial class of Unity.Object, exactly 1 of the partial classes needs to be in a file with the same filename. This is to know the one that can be referenced from ie. GameObjects
'Packages/com.meta.xr.sdk.core/Editor/BuildingBlocks/BlocksWindowCollectionsPageExtension.cs' contains partial class of Unity.Object, exactly 1 of the partial classes needs to be in a file with the same filename. This is to know the one that can be referenced from ie. GameObjects
Refreshing native plugins compatible for Editor in 29.14 ms, found 14 plugins.
Assertion failed on expression: 'pred(*previous, *i)'
Assertion failed on expression: 'pred(*previous, *i)'
Assertion failed on expression: 'pred(*previous, *i)'
Assertion failed on expression: 'pred(*previous, *i)'
Assertion failed on expression: 'pred(*previous, *i)'
Native extension for Android target not found
Native extension for UWP target not found
Native extension for WindowsStandalone target not found
[Package Manager] Failed to launch server process. Reason: Unity was launched with the -noUpm command-line argument
[Package Manager] Unable to send message (not connected to server process).
[Package Manager] Cannot connect to Unity Package Manager local server
[Package Manager] Failed to launch server process. Reason: Unity was launched with the -noUpm command-line argument
[Package Manager] Unable to send message (not connected to server process).
[Package Manager] Cannot connect to Unity Package Manager local server
Refreshing native plugins compatible for Editor in 27.58 ms, found 14 plugins.
[Package Manager] Failed to launch server process. Reason: Unity was launched with the -noUpm command-line argument
[Package Manager] Unable to send message (not connected to server process).
[Package Manager] Cannot connect to Unity Package Manager local server
System.Reflection.TargetInvocationException: Exception has been thrown by the target of an invocation. ---> System.TypeInitializationException: The type initializer for 'UnityEditor.XR.Interaction.Toolkit.Samples.SpatialKeyboard.Editor.SpatialKeyboardSampleProjectValidation' threw an exception. ---> System.NullReferenceException: Object reference not set to an instance of an object
  at Unity.XR.CoreUtils.Editor.PackageVersionUtility.UpdatePackageVersions () [0x00034] in .\Library\PackageCache\com.unity.xr.core-utils@c0df0dd5bced\Editor\ProjectValidation\PackageVersionUtility.cs:46 
  at Unity.XR.CoreUtils.Editor.PackageVersionUtility.GetPackageVersion (System.String packageName) [0x00011] in .\Library\PackageCache\com.unity.xr.core-utils@c0df0dd5bced\Editor\ProjectValidation\PackageVersionUtility.cs:67 
  at UnityEditor.XR.Interaction.Toolkit.Samples.SpatialKeyboard.Editor.SpatialKeyboardSampleProjectValidation..cctor () [0x00023] in D:\Carpetas del sistema NO BORRAR\GITHUB DESKTOP REPO\RealidadMixta_Iot_pruebas\Industria_IOT_MR_unity6\Assets\Samples\XR Interaction Toolkit\3.0.8\Spatial Keyboard\Editor\Scripts\SpatialKeyboardSampleProjectValidation.cs:39 
   --- End of inner exception stack trace ---
  at (wrapper managed-to-native) System.Object.__icall_wrapper_mono_gc_wbarrier_generic_nostore_internal(intptr)
  at (wrapper write-barrier) System.Object.wbarrier_conc(intptr)
  at (wrapper managed-to-native) System.Reflection.RuntimeMethodInfo.InternalInvoke(System.Reflection.RuntimeMethodInfo,object,object[],System.Exception&)
  at System.Reflection.RuntimeMethodInfo.Invoke (System.Object obj, System.Reflection.BindingFlags invokeAttr, System.Reflection.Binder binder, System.Object[] parameters, System.Globalization.CultureInfo culture) [0x0006a] in <191a1970a53948f9819ac1d2e4f5c72e>:0 
   --- End of inner exception stack trace ---
  at System.Reflection.RuntimeMethodInfo.Invoke (System.Object obj, System.Reflection.BindingFlags invokeAttr, System.Reflection.Binder binder, System.Object[] parameters, System.Globalization.CultureInfo culture) [0x00083] in <191a1970a53948f9819ac1d2e4f5c72e>:0 
  at System.Reflection.MethodBase.Invoke (System.Object obj, System.Object[] parameters) [0x00000] in <191a1970a53948f9819ac1d2e4f5c72e>:0 
  at UnityEditor.EditorAssemblies.ProcessInitializeOnLoadMethodAttributes () [0x00056] in <2f9d421960d84dffaa88793de0f4b5f3>:0 
UnityEngine.Debug:ExtractStackTraceNoAlloc (byte*,int,string)
UnityEngine.StackTraceUtility:ExtractStackTrace ()
UnityEngine.DebugLogHandler:Internal_Log (UnityEngine.LogType,UnityEngine.LogOption,string,UnityEngine.Object)
UnityEngine.DebugLogHandler:LogFormat (UnityEngine.LogType,UnityEngine.Object,string,object[])
UnityEngine.Logger:Log (UnityEngine.LogType,object)
UnityEngine.Debug:LogError (object)
UnityEditor.EditorAssemblies:ProcessInitializeOnLoadMethodAttributes ()

Mono: successfully reloaded assembly
[Package Manager] Failed to launch server process. Reason: Unity was launched with the -noUpm command-line argument
[Package Manager] Unable to send message (not connected to server process).
[Package Manager] Cannot connect to Unity Package Manager local server
- Finished resetting the current domain, in  1.813 seconds
Domain Reload Profiling: 3356ms
	BeginReloadAssembly (342ms)
		ExecutionOrderSort (0ms)
		DisableScriptedObjects (8ms)
		BackupInstance (0ms)
		ReleaseScriptingObjects (0ms)
		CreateAndSetChildDomain (97ms)
	RebuildCommonClasses (49ms)
	RebuildNativeTypeToScriptingClass (16ms)
	initialDomainReloadingComplete (62ms)
	LoadAllAssembliesAndSetupDomain (1074ms)
		LoadAssemblies (847ms)
		RebuildTransferFunctionScriptingTraits (0ms)
		AnalyzeDomain (379ms)
			TypeCache.Refresh (20ms)
				TypeCache.ScanAssembly (2ms)
			BuildScriptInfoCaches (317ms)
			ResolveRequiredComponents (34ms)
	FinalizeReload (1814ms)
		ReleaseScriptCaches (0ms)
		RebuildScriptCaches (0ms)
		SetupLoadedEditorAssemblies (1484ms)
			LogAssemblyErrors (0ms)
			InitializePlatformSupportModulesInManaged (16ms)
			SetLoadedEditorAssemblies (7ms)
			BeforeProcessingInitializeOnLoad (312ms)
			ProcessInitializeOnLoadAttributes (876ms)
			ProcessInitializeOnLoadMethodAttributes (252ms)
			AfterProcessingInitializeOnLoad (20ms)
			EditorAssembliesLoaded (1ms)
		ExecutionOrderSort2 (0ms)
		AwakeInstancesAfterBackupRestoration (20ms)
Shader 'Oculus/OVRMRCameraFrameLit': fallback shader 'Alpha-Diffuse' not found
Refreshing native plugins compatible for Editor in 73.76 ms, found 14 plugins.
Preloading 0 native plugins for Editor in 0.00 ms.
Unloading 44 Unused Serialized files (Serialized files now loaded: 0)
Unloading 9220 unused Assets / (8.4 MB). Loaded Objects now: 10093.
Memory consumption went from 233.8 MB to 225.4 MB.
Total: 49.213300 ms (FindLiveObjects: 2.310600 ms CreateObjectMapping: 4.105900 ms MarkObjects: 27.945800 ms  DeleteObjects: 14.838700 ms)

Prepare: number of updated asset objects reloaded= 0
========================================================================
Received Prepare
Begin MonoManager ReloadAssembly
- Loaded All Assemblies, in  1.523 seconds
Script 'CharacterController' has the same name as built-in Unity component.
AddComponent and GetComponent will not work with this script.
'Packages/com.meta.xr.sdk.core/Editor/BuildingBlocks/BlocksWindow.cs' contains partial class of Unity.Object, exactly 1 of the partial classes needs to be in a file with the same filename. This is to know the one that can be referenced from ie. GameObjects
'Packages/com.meta.xr.sdk.core/Editor/BuildingBlocks/BlocksWindowDetailsExtension.cs' contains partial class of Unity.Object, exactly 1 of the partial classes needs to be in a file with the same filename. This is to know the one that can be referenced from ie. GameObjects
'Packages/com.meta.xr.sdk.core/Editor/BuildingBlocks/BlocksWindowCollectionsPageExtension.cs' contains partial class of Unity.Object, exactly 1 of the partial classes needs to be in a file with the same filename. This is to know the one that can be referenced from ie. GameObjects
Refreshing native plugins compatible for Editor in 24.86 ms, found 14 plugins.
Assertion failed on expression: 'pred(*previous, *i)'
Assertion failed on expression: 'pred(*previous, *i)'
Assertion failed on expression: 'pred(*previous, *i)'
Assertion failed on expression: 'pred(*previous, *i)'
Assertion failed on expression: 'pred(*previous, *i)'
Native extension for Android target not found
Native extension for UWP target not found
Native extension for WindowsStandalone target not found
[Package Manager] Failed to launch server process. Reason: Unity was launched with the -noUpm command-line argument
[Package Manager] Unable to send message (not connected to server process).
[Package Manager] Cannot connect to Unity Package Manager local server
[Package Manager] Failed to launch server process. Reason: Unity was launched with the -noUpm command-line argument
[Package Manager] Unable to send message (not connected to server process).
[Package Manager] Cannot connect to Unity Package Manager local server
Refreshing native plugins compatible for Editor in 26.55 ms, found 14 plugins.
[Package Manager] Failed to launch server process. Reason: Unity was launched with the -noUpm command-line argument
[Package Manager] Unable to send message (not connected to server process).
[Package Manager] Cannot connect to Unity Package Manager local server
System.Reflection.TargetInvocationException: Exception has been thrown by the target of an invocation. ---> System.TypeInitializationException: The type initializer for 'UnityEditor.XR.Interaction.Toolkit.Samples.SpatialKeyboard.Editor.SpatialKeyboardSampleProjectValidation' threw an exception. ---> System.NullReferenceException: Object reference not set to an instance of an object
  at Unity.XR.CoreUtils.Editor.PackageVersionUtility.UpdatePackageVersions () [0x00034] in .\Library\PackageCache\com.unity.xr.core-utils@c0df0dd5bced\Editor\ProjectValidation\PackageVersionUtility.cs:46 
  at Unity.XR.CoreUtils.Editor.PackageVersionUtility.GetPackageVersion (System.String packageName) [0x00011] in .\Library\PackageCache\com.unity.xr.core-utils@c0df0dd5bced\Editor\ProjectValidation\PackageVersionUtility.cs:67 
  at UnityEditor.XR.Interaction.Toolkit.Samples.SpatialKeyboard.Editor.SpatialKeyboardSampleProjectValidation..cctor () [0x00023] in D:\Carpetas del sistema NO BORRAR\GITHUB DESKTOP REPO\RealidadMixta_Iot_pruebas\Industria_IOT_MR_unity6\Assets\Samples\XR Interaction Toolkit\3.0.8\Spatial Keyboard\Editor\Scripts\SpatialKeyboardSampleProjectValidation.cs:39 
   --- End of inner exception stack trace ---
  at (wrapper managed-to-native) System.Object.__icall_wrapper_mono_gc_wbarrier_generic_nostore_internal(intptr)
  at (wrapper write-barrier) System.Object.wbarrier_conc(intptr)
  at (wrapper managed-to-native) System.Reflection.RuntimeMethodInfo.InternalInvoke(System.Reflection.RuntimeMethodInfo,object,object[],System.Exception&)
  at System.Reflection.RuntimeMethodInfo.Invoke (System.Object obj, System.Reflection.BindingFlags invokeAttr, System.Reflection.Binder binder, System.Object[] parameters, System.Globalization.CultureInfo culture) [0x0006a] in <191a1970a53948f9819ac1d2e4f5c72e>:0 
   --- End of inner exception stack trace ---
  at System.Reflection.RuntimeMethodInfo.Invoke (System.Object obj, System.Reflection.BindingFlags invokeAttr, System.Reflection.Binder binder, System.Object[] parameters, System.Globalization.CultureInfo culture) [0x00083] in <191a1970a53948f9819ac1d2e4f5c72e>:0 
  at System.Reflection.MethodBase.Invoke (System.Object obj, System.Object[] parameters) [0x00000] in <191a1970a53948f9819ac1d2e4f5c72e>:0 
  at UnityEditor.EditorAssemblies.ProcessInitializeOnLoadMethodAttributes () [0x00056] in <2f9d421960d84dffaa88793de0f4b5f3>:0 
UnityEngine.Debug:ExtractStackTraceNoAlloc (byte*,int,string)
UnityEngine.StackTraceUtility:ExtractStackTrace ()
UnityEngine.DebugLogHandler:Internal_Log (UnityEngine.LogType,UnityEngine.LogOption,string,UnityEngine.Object)
UnityEngine.DebugLogHandler:LogFormat (UnityEngine.LogType,UnityEngine.Object,string,object[])
UnityEngine.Logger:Log (UnityEngine.LogType,object)
UnityEngine.Debug:LogError (object)
UnityEditor.EditorAssemblies:ProcessInitializeOnLoadMethodAttributes ()

Mono: successfully reloaded assembly
[Package Manager] Failed to launch server process. Reason: Unity was launched with the -noUpm command-line argument
[Package Manager] Unable to send message (not connected to server process).
[Package Manager] Cannot connect to Unity Package Manager local server
- Finished resetting the current domain, in  1.575 seconds
Domain Reload Profiling: 3076ms
	BeginReloadAssembly (393ms)
		ExecutionOrderSort (0ms)
		DisableScriptedObjects (8ms)
		BackupInstance (0ms)
		ReleaseScriptingObjects (0ms)
		CreateAndSetChildDomain (100ms)
	RebuildCommonClasses (50ms)
	RebuildNativeTypeToScriptingClass (14ms)
	initialDomainReloadingComplete (49ms)
	LoadAllAssembliesAndSetupDomain (994ms)
		LoadAssemblies (831ms)
		RebuildTransferFunctionScriptingTraits (0ms)
		AnalyzeDomain (342ms)
			TypeCache.Refresh (11ms)
				TypeCache.ScanAssembly (0ms)
			BuildScriptInfoCaches (299ms)
			ResolveRequiredComponents (27ms)
	FinalizeReload (1576ms)
		ReleaseScriptCaches (0ms)
		RebuildScriptCaches (0ms)
		SetupLoadedEditorAssemblies (1280ms)
			LogAssemblyErrors (0ms)
			InitializePlatformSupportModulesInManaged (16ms)
			SetLoadedEditorAssemblies (9ms)
			BeforeProcessingInitializeOnLoad (284ms)
			ProcessInitializeOnLoadAttributes (734ms)
			ProcessInitializeOnLoadMethodAttributes (219ms)
			AfterProcessingInitializeOnLoad (18ms)
			EditorAssembliesLoaded (1ms)
		ExecutionOrderSort2 (0ms)
		AwakeInstancesAfterBackupRestoration (16ms)
Shader 'Oculus/OVRMRCameraFrameLit': fallback shader 'Alpha-Diffuse' not found
Refreshing native plugins compatible for Editor in 43.84 ms, found 14 plugins.
Preloading 0 native plugins for Editor in 0.00 ms.
Unloading 44 Unused Serialized files (Serialized files now loaded: 0)
Unloading 9220 unused Assets / (8.1 MB). Loaded Objects now: 10096.
Memory consumption went from 233.8 MB to 225.8 MB.
Total: 40.597100 ms (FindLiveObjects: 2.098900 ms CreateObjectMapping: 3.610200 ms MarkObjects: 22.946400 ms  DeleteObjects: 11.939900 ms)

Prepare: number of updated asset objects reloaded= 0
========================================================================
Received Prepare
Script 'CharacterController' has the same name as built-in Unity component.
AddComponent and GetComponent will not work with this script.
'Packages/com.meta.xr.sdk.core/Editor/BuildingBlocks/BlocksWindow.cs' contains partial class of Unity.Object, exactly 1 of the partial classes needs to be in a file with the same filename. This is to know the one that can be referenced from ie. GameObjects
'Packages/com.meta.xr.sdk.core/Editor/BuildingBlocks/BlocksWindowDetailsExtension.cs' contains partial class of Unity.Object, exactly 1 of the partial classes needs to be in a file with the same filename. This is to know the one that can be referenced from ie. GameObjects
'Packages/com.meta.xr.sdk.core/Editor/BuildingBlocks/BlocksWindowCollectionsPageExtension.cs' contains partial class of Unity.Object, exactly 1 of the partial classes needs to be in a file with the same filename. This is to know the one that can be referenced from ie. GameObjects
Shader 'Oculus/OVRMRCameraFrameLit': fallback shader 'Alpha-Diffuse' not found
Refreshing native plugins compatible for Editor in 50.60 ms, found 14 plugins.
Preloading 0 native plugins for Editor in 0.00 ms.
Unloading 19 Unused Serialized files (Serialized files now loaded: 0)
Unloading 9133 unused Assets / (8.9 MB). Loaded Objects now: 10086.
Memory consumption went from 192.5 MB to 183.6 MB.
Total: 107.411100 ms (FindLiveObjects: 2.749400 ms CreateObjectMapping: 2.801700 ms MarkObjects: 91.679100 ms  DeleteObjects: 10.179100 ms)

Prepare: number of updated asset objects reloaded= 0
========================================================================
Received Prepare
Begin MonoManager ReloadAssembly
- Loaded All Assemblies, in  1.518 seconds
Script 'CharacterController' has the same name as built-in Unity component.
AddComponent and GetComponent will not work with this script.
'Packages/com.meta.xr.sdk.core/Editor/BuildingBlocks/BlocksWindow.cs' contains partial class of Unity.Object, exactly 1 of the partial classes needs to be in a file with the same filename. This is to know the one that can be referenced from ie. GameObjects
'Packages/com.meta.xr.sdk.core/Editor/BuildingBlocks/BlocksWindowDetailsExtension.cs' contains partial class of Unity.Object, exactly 1 of the partial classes needs to be in a file with the same filename. This is to know the one that can be referenced from ie. GameObjects
'Packages/com.meta.xr.sdk.core/Editor/BuildingBlocks/BlocksWindowCollectionsPageExtension.cs' contains partial class of Unity.Object, exactly 1 of the partial classes needs to be in a file with the same filename. This is to know the one that can be referenced from ie. GameObjects
Refreshing native plugins compatible for Editor in 29.78 ms, found 14 plugins.
Assertion failed on expression: 'pred(*previous, *i)'
Assertion failed on expression: 'pred(*previous, *i)'
Assertion failed on expression: 'pred(*previous, *i)'
Assertion failed on expression: 'pred(*previous, *i)'
Assertion failed on expression: 'pred(*previous, *i)'
Native extension for Android target not found
Native extension for UWP target not found
Native extension for WindowsStandalone target not found
[Package Manager] Failed to launch server process. Reason: Unity was launched with the -noUpm command-line argument
[Package Manager] Unable to send message (not connected to server process).
[Package Manager] Cannot connect to Unity Package Manager local server
[Package Manager] Failed to launch server process. Reason: Unity was launched with the -noUpm command-line argument
[Package Manager] Unable to send message (not connected to server process).
[Package Manager] Cannot connect to Unity Package Manager local server
Refreshing native plugins compatible for Editor in 28.98 ms, found 14 plugins.
[Package Manager] Failed to launch server process. Reason: Unity was launched with the -noUpm command-line argument
[Package Manager] Unable to send message (not connected to server process).
[Package Manager] Cannot connect to Unity Package Manager local server
System.Reflection.TargetInvocationException: Exception has been thrown by the target of an invocation. ---> System.TypeInitializationException: The type initializer for 'UnityEditor.XR.Interaction.Toolkit.Samples.SpatialKeyboard.Editor.SpatialKeyboardSampleProjectValidation' threw an exception. ---> System.NullReferenceException: Object reference not set to an instance of an object
  at Unity.XR.CoreUtils.Editor.PackageVersionUtility.UpdatePackageVersions () [0x00034] in .\Library\PackageCache\com.unity.xr.core-utils@c0df0dd5bced\Editor\ProjectValidation\PackageVersionUtility.cs:46 
  at Unity.XR.CoreUtils.Editor.PackageVersionUtility.GetPackageVersion (System.String packageName) [0x00011] in .\Library\PackageCache\com.unity.xr.core-utils@c0df0dd5bced\Editor\ProjectValidation\PackageVersionUtility.cs:67 
  at UnityEditor.XR.Interaction.Toolkit.Samples.SpatialKeyboard.Editor.SpatialKeyboardSampleProjectValidation..cctor () [0x00023] in D:\Carpetas del sistema NO BORRAR\GITHUB DESKTOP REPO\RealidadMixta_Iot_pruebas\Industria_IOT_MR_unity6\Assets\Samples\XR Interaction Toolkit\3.0.8\Spatial Keyboard\Editor\Scripts\SpatialKeyboardSampleProjectValidation.cs:39 
   --- End of inner exception stack trace ---
  at (wrapper managed-to-native) System.Object.__icall_wrapper_mono_gc_wbarrier_generic_nostore_internal(intptr)
  at (wrapper write-barrier) System.Object.wbarrier_conc(intptr)
  at (wrapper managed-to-native) System.Reflection.RuntimeMethodInfo.InternalInvoke(System.Reflection.RuntimeMethodInfo,object,object[],System.Exception&)
  at System.Reflection.RuntimeMethodInfo.Invoke (System.Object obj, System.Reflection.BindingFlags invokeAttr, System.Reflection.Binder binder, System.Object[] parameters, System.Globalization.CultureInfo culture) [0x0006a] in <191a1970a53948f9819ac1d2e4f5c72e>:0 
   --- End of inner exception stack trace ---
  at System.Reflection.RuntimeMethodInfo.Invoke (System.Object obj, System.Reflection.BindingFlags invokeAttr, System.Reflection.Binder binder, System.Object[] parameters, System.Globalization.CultureInfo culture) [0x00083] in <191a1970a53948f9819ac1d2e4f5c72e>:0 
  at System.Reflection.MethodBase.Invoke (System.Object obj, System.Object[] parameters) [0x00000] in <191a1970a53948f9819ac1d2e4f5c72e>:0 
  at UnityEditor.EditorAssemblies.ProcessInitializeOnLoadMethodAttributes () [0x00056] in <2f9d421960d84dffaa88793de0f4b5f3>:0 
UnityEngine.Debug:ExtractStackTraceNoAlloc (byte*,int,string)
UnityEngine.StackTraceUtility:ExtractStackTrace ()
UnityEngine.DebugLogHandler:Internal_Log (UnityEngine.LogType,UnityEngine.LogOption,string,UnityEngine.Object)
UnityEngine.DebugLogHandler:LogFormat (UnityEngine.LogType,UnityEngine.Object,string,object[])
UnityEngine.Logger:Log (UnityEngine.LogType,object)
UnityEngine.Debug:LogError (object)
UnityEditor.EditorAssemblies:ProcessInitializeOnLoadMethodAttributes ()

Mono: successfully reloaded assembly
[Package Manager] Failed to launch server process. Reason: Unity was launched with the -noUpm command-line argument
[Package Manager] Unable to send message (not connected to server process).
[Package Manager] Cannot connect to Unity Package Manager local server
- Finished resetting the current domain, in  1.853 seconds
Domain Reload Profiling: 3344ms
	BeginReloadAssembly (344ms)
		ExecutionOrderSort (0ms)
		DisableScriptedObjects (7ms)
		BackupInstance (0ms)
		ReleaseScriptingObjects (0ms)
		CreateAndSetChildDomain (99ms)
	RebuildCommonClasses (52ms)
	RebuildNativeTypeToScriptingClass (16ms)
	initialDomainReloadingComplete (56ms)
	LoadAllAssembliesAndSetupDomain (1024ms)
		LoadAssemblies (801ms)
		RebuildTransferFunctionScriptingTraits (0ms)
		AnalyzeDomain (373ms)
			TypeCache.Refresh (18ms)
				TypeCache.ScanAssembly (2ms)
			BuildScriptInfoCaches (322ms)
			ResolveRequiredComponents (27ms)
	FinalizeReload (1854ms)
		ReleaseScriptCaches (0ms)
		RebuildScriptCaches (0ms)
		SetupLoadedEditorAssemblies (1506ms)
			LogAssemblyErrors (0ms)
			InitializePlatformSupportModulesInManaged (16ms)
			SetLoadedEditorAssemblies (9ms)
			BeforeProcessingInitializeOnLoad (354ms)
			ProcessInitializeOnLoadAttributes (855ms)
			ProcessInitializeOnLoadMethodAttributes (249ms)
			AfterProcessingInitializeOnLoad (22ms)
			EditorAssembliesLoaded (1ms)
		ExecutionOrderSort2 (0ms)
		AwakeInstancesAfterBackupRestoration (17ms)
Shader 'Oculus/OVRMRCameraFrameLit': fallback shader 'Alpha-Diffuse' not found
Refreshing native plugins compatible for Editor in 61.86 ms, found 14 plugins.
Preloading 0 native plugins for Editor in 0.00 ms.
Unloading 44 Unused Serialized files (Serialized files now loaded: 0)
Unloading 9220 unused Assets / (8.0 MB). Loaded Objects now: 10099.
Memory consumption went from 256.6 MB to 248.6 MB.
Total: 47.691700 ms (FindLiveObjects: 2.921600 ms CreateObjectMapping: 3.417100 ms MarkObjects: 29.077300 ms  DeleteObjects: 12.274000 ms)

Prepare: number of updated asset objects reloaded= 0
========================================================================
Received Prepare
Begin MonoManager ReloadAssembly
- Loaded All Assemblies, in  1.481 seconds
Script 'CharacterController' has the same name as built-in Unity component.
AddComponent and GetComponent will not work with this script.
'Packages/com.meta.xr.sdk.core/Editor/BuildingBlocks/BlocksWindow.cs' contains partial class of Unity.Object, exactly 1 of the partial classes needs to be in a file with the same filename. This is to know the one that can be referenced from ie. GameObjects
'Packages/com.meta.xr.sdk.core/Editor/BuildingBlocks/BlocksWindowDetailsExtension.cs' contains partial class of Unity.Object, exactly 1 of the partial classes needs to be in a file with the same filename. This is to know the one that can be referenced from ie. GameObjects
'Packages/com.meta.xr.sdk.core/Editor/BuildingBlocks/BlocksWindowCollectionsPageExtension.cs' contains partial class of Unity.Object, exactly 1 of the partial classes needs to be in a file with the same filename. This is to know the one that can be referenced from ie. GameObjects
Refreshing native plugins compatible for Editor in 26.06 ms, found 14 plugins.
Assertion failed on expression: 'pred(*previous, *i)'
Assertion failed on expression: 'pred(*previous, *i)'
Assertion failed on expression: 'pred(*previous, *i)'
Assertion failed on expression: 'pred(*previous, *i)'
Assertion failed on expression: 'pred(*previous, *i)'
Native extension for Android target not found
Native extension for UWP target not found
Native extension for WindowsStandalone target not found
[Package Manager] Failed to launch server process. Reason: Unity was launched with the -noUpm command-line argument
[Package Manager] Unable to send message (not connected to server process).
[Package Manager] Cannot connect to Unity Package Manager local server
[Package Manager] Failed to launch server process. Reason: Unity was launched with the -noUpm command-line argument
[Package Manager] Unable to send message (not connected to server process).
[Package Manager] Cannot connect to Unity Package Manager local server
Refreshing native plugins compatible for Editor in 27.11 ms, found 14 plugins.
[Package Manager] Failed to launch server process. Reason: Unity was launched with the -noUpm command-line argument
[Package Manager] Unable to send message (not connected to server process).
[Package Manager] Cannot connect to Unity Package Manager local server
System.Reflection.TargetInvocationException: Exception has been thrown by the target of an invocation. ---> System.TypeInitializationException: The type initializer for 'UnityEditor.XR.Interaction.Toolkit.Samples.SpatialKeyboard.Editor.SpatialKeyboardSampleProjectValidation' threw an exception. ---> System.NullReferenceException: Object reference not set to an instance of an object
  at Unity.XR.CoreUtils.Editor.PackageVersionUtility.UpdatePackageVersions () [0x00034] in .\Library\PackageCache\com.unity.xr.core-utils@c0df0dd5bced\Editor\ProjectValidation\PackageVersionUtility.cs:46 
  at Unity.XR.CoreUtils.Editor.PackageVersionUtility.GetPackageVersion (System.String packageName) [0x00011] in .\Library\PackageCache\com.unity.xr.core-utils@c0df0dd5bced\Editor\ProjectValidation\PackageVersionUtility.cs:67 
  at UnityEditor.XR.Interaction.Toolkit.Samples.SpatialKeyboard.Editor.SpatialKeyboardSampleProjectValidation..cctor () [0x00023] in D:\Carpetas del sistema NO BORRAR\GITHUB DESKTOP REPO\RealidadMixta_Iot_pruebas\Industria_IOT_MR_unity6\Assets\Samples\XR Interaction Toolkit\3.0.8\Spatial Keyboard\Editor\Scripts\SpatialKeyboardSampleProjectValidation.cs:39 
   --- End of inner exception stack trace ---
  at (wrapper managed-to-native) System.Object.__icall_wrapper_mono_gc_wbarrier_generic_nostore_internal(intptr)
  at (wrapper write-barrier) System.Object.wbarrier_conc(intptr)
  at (wrapper managed-to-native) System.Reflection.RuntimeMethodInfo.InternalInvoke(System.Reflection.RuntimeMethodInfo,object,object[],System.Exception&)
  at System.Reflection.RuntimeMethodInfo.Invoke (System.Object obj, System.Reflection.BindingFlags invokeAttr, System.Reflection.Binder binder, System.Object[] parameters, System.Globalization.CultureInfo culture) [0x0006a] in <191a1970a53948f9819ac1d2e4f5c72e>:0 
   --- End of inner exception stack trace ---
  at System.Reflection.RuntimeMethodInfo.Invoke (System.Object obj, System.Reflection.BindingFlags invokeAttr, System.Reflection.Binder binder, System.Object[] parameters, System.Globalization.CultureInfo culture) [0x00083] in <191a1970a53948f9819ac1d2e4f5c72e>:0 
  at System.Reflection.MethodBase.Invoke (System.Object obj, System.Object[] parameters) [0x00000] in <191a1970a53948f9819ac1d2e4f5c72e>:0 
  at UnityEditor.EditorAssemblies.ProcessInitializeOnLoadMethodAttributes () [0x00056] in <2f9d421960d84dffaa88793de0f4b5f3>:0 
UnityEngine.Debug:ExtractStackTraceNoAlloc (byte*,int,string)
UnityEngine.StackTraceUtility:ExtractStackTrace ()
UnityEngine.DebugLogHandler:Internal_Log (UnityEngine.LogType,UnityEngine.LogOption,string,UnityEngine.Object)
UnityEngine.DebugLogHandler:LogFormat (UnityEngine.LogType,UnityEngine.Object,string,object[])
UnityEngine.Logger:Log (UnityEngine.LogType,object)
UnityEngine.Debug:LogError (object)
UnityEditor.EditorAssemblies:ProcessInitializeOnLoadMethodAttributes ()

Mono: successfully reloaded assembly
[Package Manager] Failed to launch server process. Reason: Unity was launched with the -noUpm command-line argument
[Package Manager] Unable to send message (not connected to server process).
[Package Manager] Cannot connect to Unity Package Manager local server
- Finished resetting the current domain, in  1.593 seconds
Domain Reload Profiling: 3051ms
	BeginReloadAssembly (335ms)
		ExecutionOrderSort (0ms)
		DisableScriptedObjects (7ms)
		BackupInstance (0ms)
		ReleaseScriptingObjects (0ms)
		CreateAndSetChildDomain (89ms)
	RebuildCommonClasses (49ms)
	RebuildNativeTypeToScriptingClass (16ms)
	initialDomainReloadingComplete (47ms)
	LoadAllAssembliesAndSetupDomain (1010ms)
		LoadAssemblies (810ms)
		RebuildTransferFunctionScriptingTraits (0ms)
		AnalyzeDomain (349ms)
			TypeCache.Refresh (8ms)
				TypeCache.ScanAssembly (0ms)
			BuildScriptInfoCaches (306ms)
			ResolveRequiredComponents (27ms)
	FinalizeReload (1594ms)
		ReleaseScriptCaches (0ms)
		RebuildScriptCaches (0ms)
		SetupLoadedEditorAssemblies (1295ms)
			LogAssemblyErrors (0ms)
			InitializePlatformSupportModulesInManaged (17ms)
			SetLoadedEditorAssemblies (9ms)
			BeforeProcessingInitializeOnLoad (297ms)
			ProcessInitializeOnLoadAttributes (731ms)
			ProcessInitializeOnLoadMethodAttributes (223ms)
			AfterProcessingInitializeOnLoad (17ms)
			EditorAssembliesLoaded (1ms)
		ExecutionOrderSort2 (0ms)
		AwakeInstancesAfterBackupRestoration (16ms)
Shader 'Oculus/OVRMRCameraFrameLit': fallback shader 'Alpha-Diffuse' not found
Refreshing native plugins compatible for Editor in 47.47 ms, found 14 plugins.
Preloading 0 native plugins for Editor in 0.00 ms.
Unloading 44 Unused Serialized files (Serialized files now loaded: 0)
Unloading 9220 unused Assets / (6.0 MB). Loaded Objects now: 10102.
Memory consumption went from 233.9 MB to 227.9 MB.
Total: 37.420700 ms (FindLiveObjects: 2.229300 ms CreateObjectMapping: 4.811200 ms MarkObjects: 19.839800 ms  DeleteObjects: 10.539400 ms)

Prepare: number of updated asset objects reloaded= 0
========================================================================
Received Prepare
Begin MonoManager ReloadAssembly
- Loaded All Assemblies, in  1.520 seconds
Script 'CharacterController' has the same name as built-in Unity component.
AddComponent and GetComponent will not work with this script.
'Packages/com.meta.xr.sdk.core/Editor/BuildingBlocks/BlocksWindow.cs' contains partial class of Unity.Object, exactly 1 of the partial classes needs to be in a file with the same filename. This is to know the one that can be referenced from ie. GameObjects
'Packages/com.meta.xr.sdk.core/Editor/BuildingBlocks/BlocksWindowDetailsExtension.cs' contains partial class of Unity.Object, exactly 1 of the partial classes needs to be in a file with the same filename. This is to know the one that can be referenced from ie. GameObjects
'Packages/com.meta.xr.sdk.core/Editor/BuildingBlocks/BlocksWindowCollectionsPageExtension.cs' contains partial class of Unity.Object, exactly 1 of the partial classes needs to be in a file with the same filename. This is to know the one that can be referenced from ie. GameObjects
Refreshing native plugins compatible for Editor in 34.13 ms, found 14 plugins.
Assertion failed on expression: 'pred(*previous, *i)'
Assertion failed on expression: 'pred(*previous, *i)'
Assertion failed on expression: 'pred(*previous, *i)'
Assertion failed on expression: 'pred(*previous, *i)'
Assertion failed on expression: 'pred(*previous, *i)'
Native extension for Android target not found
Native extension for UWP target not found
Native extension for WindowsStandalone target not found
[Package Manager] Failed to launch server process. Reason: Unity was launched with the -noUpm command-line argument
[Package Manager] Unable to send message (not connected to server process).
[Package Manager] Cannot connect to Unity Package Manager local server
[Package Manager] Failed to launch server process. Reason: Unity was launched with the -noUpm command-line argument
[Package Manager] Unable to send message (not connected to server process).
[Package Manager] Cannot connect to Unity Package Manager local server
Refreshing native plugins compatible for Editor in 24.05 ms, found 14 plugins.
[Package Manager] Failed to launch server process. Reason: Unity was launched with the -noUpm command-line argument
[Package Manager] Unable to send message (not connected to server process).
[Package Manager] Cannot connect to Unity Package Manager local server
System.Reflection.TargetInvocationException: Exception has been thrown by the target of an invocation. ---> System.TypeInitializationException: The type initializer for 'UnityEditor.XR.Interaction.Toolkit.Samples.SpatialKeyboard.Editor.SpatialKeyboardSampleProjectValidation' threw an exception. ---> System.NullReferenceException: Object reference not set to an instance of an object
  at Unity.XR.CoreUtils.Editor.PackageVersionUtility.UpdatePackageVersions () [0x00034] in .\Library\PackageCache\com.unity.xr.core-utils@c0df0dd5bced\Editor\ProjectValidation\PackageVersionUtility.cs:46 
  at Unity.XR.CoreUtils.Editor.PackageVersionUtility.GetPackageVersion (System.String packageName) [0x00011] in .\Library\PackageCache\com.unity.xr.core-utils@c0df0dd5bced\Editor\ProjectValidation\PackageVersionUtility.cs:67 
  at UnityEditor.XR.Interaction.Toolkit.Samples.SpatialKeyboard.Editor.SpatialKeyboardSampleProjectValidation..cctor () [0x00023] in D:\Carpetas del sistema NO BORRAR\GITHUB DESKTOP REPO\RealidadMixta_Iot_pruebas\Industria_IOT_MR_unity6\Assets\Samples\XR Interaction Toolkit\3.0.8\Spatial Keyboard\Editor\Scripts\SpatialKeyboardSampleProjectValidation.cs:39 
   --- End of inner exception stack trace ---
  at (wrapper managed-to-native) System.Object.__icall_wrapper_mono_gc_wbarrier_generic_nostore_internal(intptr)
  at (wrapper write-barrier) System.Object.wbarrier_conc(intptr)
  at (wrapper managed-to-native) System.Reflection.RuntimeMethodInfo.InternalInvoke(System.Reflection.RuntimeMethodInfo,object,object[],System.Exception&)
  at System.Reflection.RuntimeMethodInfo.Invoke (System.Object obj, System.Reflection.BindingFlags invokeAttr, System.Reflection.Binder binder, System.Object[] parameters, System.Globalization.CultureInfo culture) [0x0006a] in <191a1970a53948f9819ac1d2e4f5c72e>:0 
   --- End of inner exception stack trace ---
  at System.Reflection.RuntimeMethodInfo.Invoke (System.Object obj, System.Reflection.BindingFlags invokeAttr, System.Reflection.Binder binder, System.Object[] parameters, System.Globalization.CultureInfo culture) [0x00083] in <191a1970a53948f9819ac1d2e4f5c72e>:0 
  at System.Reflection.MethodBase.Invoke (System.Object obj, System.Object[] parameters) [0x00000] in <191a1970a53948f9819ac1d2e4f5c72e>:0 
  at UnityEditor.EditorAssemblies.ProcessInitializeOnLoadMethodAttributes () [0x00056] in <2f9d421960d84dffaa88793de0f4b5f3>:0 
UnityEngine.Debug:ExtractStackTraceNoAlloc (byte*,int,string)
UnityEngine.StackTraceUtility:ExtractStackTrace ()
UnityEngine.DebugLogHandler:Internal_Log (UnityEngine.LogType,UnityEngine.LogOption,string,UnityEngine.Object)
UnityEngine.DebugLogHandler:LogFormat (UnityEngine.LogType,UnityEngine.Object,string,object[])
UnityEngine.Logger:Log (UnityEngine.LogType,object)
UnityEngine.Debug:LogError (object)
UnityEditor.EditorAssemblies:ProcessInitializeOnLoadMethodAttributes ()

Mono: successfully reloaded assembly
[Package Manager] Failed to launch server process. Reason: Unity was launched with the -noUpm command-line argument
[Package Manager] Unable to send message (not connected to server process).
[Package Manager] Cannot connect to Unity Package Manager local server
- Finished resetting the current domain, in  1.768 seconds
Domain Reload Profiling: 3259ms
	BeginReloadAssembly (340ms)
		ExecutionOrderSort (0ms)
		DisableScriptedObjects (7ms)
		BackupInstance (0ms)
		ReleaseScriptingObjects (0ms)
		CreateAndSetChildDomain (90ms)
	RebuildCommonClasses (51ms)
	RebuildNativeTypeToScriptingClass (17ms)
	initialDomainReloadingComplete (52ms)
	LoadAllAssembliesAndSetupDomain (1032ms)
		LoadAssemblies (826ms)
		RebuildTransferFunctionScriptingTraits (0ms)
		AnalyzeDomain (363ms)
			TypeCache.Refresh (11ms)
				TypeCache.ScanAssembly (0ms)
			BuildScriptInfoCaches (318ms)
			ResolveRequiredComponents (27ms)
	FinalizeReload (1768ms)
		ReleaseScriptCaches (0ms)
		RebuildScriptCaches (0ms)
		SetupLoadedEditorAssemblies (1440ms)
			LogAssemblyErrors (0ms)
			InitializePlatformSupportModulesInManaged (18ms)
			SetLoadedEditorAssemblies (12ms)
			BeforeProcessingInitializeOnLoad (348ms)
			ProcessInitializeOnLoadAttributes (812ms)
			ProcessInitializeOnLoadMethodAttributes (231ms)
			AfterProcessingInitializeOnLoad (18ms)
			EditorAssembliesLoaded (1ms)
		ExecutionOrderSort2 (0ms)
		AwakeInstancesAfterBackupRestoration (16ms)
Shader 'Oculus/OVRMRCameraFrameLit': fallback shader 'Alpha-Diffuse' not found
Refreshing native plugins compatible for Editor in 46.00 ms, found 14 plugins.
Preloading 0 native plugins for Editor in 0.00 ms.
Unloading 44 Unused Serialized files (Serialized files now loaded: 0)
Unloading 9220 unused Assets / (7.5 MB). Loaded Objects now: 10105.
Memory consumption went from 233.9 MB to 226.4 MB.
Total: 50.853200 ms (FindLiveObjects: 2.092000 ms CreateObjectMapping: 3.439900 ms MarkObjects: 26.945900 ms  DeleteObjects: 18.369000 ms)

Prepare: number of updated asset objects reloaded= 0
========================================================================
Received Prepare
Script 'CharacterController' has the same name as built-in Unity component.
AddComponent and GetComponent will not work with this script.
'Packages/com.meta.xr.sdk.core/Editor/BuildingBlocks/BlocksWindow.cs' contains partial class of Unity.Object, exactly 1 of the partial classes needs to be in a file with the same filename. This is to know the one that can be referenced from ie. GameObjects
'Packages/com.meta.xr.sdk.core/Editor/BuildingBlocks/BlocksWindowDetailsExtension.cs' contains partial class of Unity.Object, exactly 1 of the partial classes needs to be in a file with the same filename. This is to know the one that can be referenced from ie. GameObjects
'Packages/com.meta.xr.sdk.core/Editor/BuildingBlocks/BlocksWindowCollectionsPageExtension.cs' contains partial class of Unity.Object, exactly 1 of the partial classes needs to be in a file with the same filename. This is to know the one that can be referenced from ie. GameObjects
Shader 'Oculus/OVRMRCameraFrameLit': fallback shader 'Alpha-Diffuse' not found
Refreshing native plugins compatible for Editor in 55.98 ms, found 14 plugins.
Preloading 0 native plugins for Editor in 0.00 ms.
Unloading 19 Unused Serialized files (Serialized files now loaded: 0)
Unloading 9133 unused Assets / (8.7 MB). Loaded Objects now: 10095.
Memory consumption went from 192.6 MB to 183.9 MB.
Total: 36.157700 ms (FindLiveObjects: 2.376200 ms CreateObjectMapping: 3.719700 ms MarkObjects: 17.907900 ms  DeleteObjects: 12.141000 ms)

Prepare: number of updated asset objects reloaded= 0
========================================================================
Received Prepare
Begin MonoManager ReloadAssembly
- Loaded All Assemblies, in  1.577 seconds
Script 'CharacterController' has the same name as built-in Unity component.
AddComponent and GetComponent will not work with this script.
'Packages/com.meta.xr.sdk.core/Editor/BuildingBlocks/BlocksWindow.cs' contains partial class of Unity.Object, exactly 1 of the partial classes needs to be in a file with the same filename. This is to know the one that can be referenced from ie. GameObjects
'Packages/com.meta.xr.sdk.core/Editor/BuildingBlocks/BlocksWindowDetailsExtension.cs' contains partial class of Unity.Object, exactly 1 of the partial classes needs to be in a file with the same filename. This is to know the one that can be referenced from ie. GameObjects
'Packages/com.meta.xr.sdk.core/Editor/BuildingBlocks/BlocksWindowCollectionsPageExtension.cs' contains partial class of Unity.Object, exactly 1 of the partial classes needs to be in a file with the same filename. This is to know the one that can be referenced from ie. GameObjects
Refreshing native plugins compatible for Editor in 28.60 ms, found 14 plugins.
Assertion failed on expression: 'pred(*previous, *i)'
Assertion failed on expression: 'pred(*previous, *i)'
Assertion failed on expression: 'pred(*previous, *i)'
Assertion failed on expression: 'pred(*previous, *i)'
Assertion failed on expression: 'pred(*previous, *i)'
Native extension for Android target not found
Native extension for UWP target not found
Native extension for WindowsStandalone target not found
[Package Manager] Failed to launch server process. Reason: Unity was launched with the -noUpm command-line argument
[Package Manager] Unable to send message (not connected to server process).
[Package Manager] Cannot connect to Unity Package Manager local server
[Package Manager] Failed to launch server process. Reason: Unity was launched with the -noUpm command-line argument
[Package Manager] Unable to send message (not connected to server process).
[Package Manager] Cannot connect to Unity Package Manager local server
Refreshing native plugins compatible for Editor in 23.69 ms, found 14 plugins.
[Package Manager] Failed to launch server process. Reason: Unity was launched with the -noUpm command-line argument
[Package Manager] Unable to send message (not connected to server process).
[Package Manager] Cannot connect to Unity Package Manager local server
System.Reflection.TargetInvocationException: Exception has been thrown by the target of an invocation. ---> System.TypeInitializationException: The type initializer for 'UnityEditor.XR.Interaction.Toolkit.Samples.SpatialKeyboard.Editor.SpatialKeyboardSampleProjectValidation' threw an exception. ---> System.NullReferenceException: Object reference not set to an instance of an object
  at Unity.XR.CoreUtils.Editor.PackageVersionUtility.UpdatePackageVersions () [0x00034] in .\Library\PackageCache\com.unity.xr.core-utils@c0df0dd5bced\Editor\ProjectValidation\PackageVersionUtility.cs:46 
  at Unity.XR.CoreUtils.Editor.PackageVersionUtility.GetPackageVersion (System.String packageName) [0x00011] in .\Library\PackageCache\com.unity.xr.core-utils@c0df0dd5bced\Editor\ProjectValidation\PackageVersionUtility.cs:67 
  at UnityEditor.XR.Interaction.Toolkit.Samples.SpatialKeyboard.Editor.SpatialKeyboardSampleProjectValidation..cctor () [0x00023] in D:\Carpetas del sistema NO BORRAR\GITHUB DESKTOP REPO\RealidadMixta_Iot_pruebas\Industria_IOT_MR_unity6\Assets\Samples\XR Interaction Toolkit\3.0.8\Spatial Keyboard\Editor\Scripts\SpatialKeyboardSampleProjectValidation.cs:39 
   --- End of inner exception stack trace ---
  at (wrapper managed-to-native) System.Object.__icall_wrapper_mono_gc_wbarrier_generic_nostore_internal(intptr)
  at (wrapper write-barrier) System.Object.wbarrier_conc(intptr)
  at (wrapper managed-to-native) System.Reflection.RuntimeMethodInfo.InternalInvoke(System.Reflection.RuntimeMethodInfo,object,object[],System.Exception&)
  at System.Reflection.RuntimeMethodInfo.Invoke (System.Object obj, System.Reflection.BindingFlags invokeAttr, System.Reflection.Binder binder, System.Object[] parameters, System.Globalization.CultureInfo culture) [0x0006a] in <191a1970a53948f9819ac1d2e4f5c72e>:0 
   --- End of inner exception stack trace ---
  at System.Reflection.RuntimeMethodInfo.Invoke (System.Object obj, System.Reflection.BindingFlags invokeAttr, System.Reflection.Binder binder, System.Object[] parameters, System.Globalization.CultureInfo culture) [0x00083] in <191a1970a53948f9819ac1d2e4f5c72e>:0 
  at System.Reflection.MethodBase.Invoke (System.Object obj, System.Object[] parameters) [0x00000] in <191a1970a53948f9819ac1d2e4f5c72e>:0 
  at UnityEditor.EditorAssemblies.ProcessInitializeOnLoadMethodAttributes () [0x00056] in <2f9d421960d84dffaa88793de0f4b5f3>:0 
UnityEngine.Debug:ExtractStackTraceNoAlloc (byte*,int,string)
UnityEngine.StackTraceUtility:ExtractStackTrace ()
UnityEngine.DebugLogHandler:Internal_Log (UnityEngine.LogType,UnityEngine.LogOption,string,UnityEngine.Object)
UnityEngine.DebugLogHandler:LogFormat (UnityEngine.LogType,UnityEngine.Object,string,object[])
UnityEngine.Logger:Log (UnityEngine.LogType,object)
UnityEngine.Debug:LogError (object)
UnityEditor.EditorAssemblies:ProcessInitializeOnLoadMethodAttributes ()

Mono: successfully reloaded assembly
[Package Manager] Failed to launch server process. Reason: Unity was launched with the -noUpm command-line argument
[Package Manager] Unable to send message (not connected to server process).
[Package Manager] Cannot connect to Unity Package Manager local server
- Finished resetting the current domain, in  1.759 seconds
Domain Reload Profiling: 3311ms
	BeginReloadAssembly (338ms)
		ExecutionOrderSort (0ms)
		DisableScriptedObjects (8ms)
		BackupInstance (0ms)
		ReleaseScriptingObjects (0ms)
		CreateAndSetChildDomain (93ms)
	RebuildCommonClasses (48ms)
	RebuildNativeTypeToScriptingClass (18ms)
	initialDomainReloadingComplete (51ms)
	LoadAllAssembliesAndSetupDomain (1097ms)
		LoadAssemblies (814ms)
		RebuildTransferFunctionScriptingTraits (0ms)
		AnalyzeDomain (433ms)
			TypeCache.Refresh (19ms)
				TypeCache.ScanAssembly (2ms)
			BuildScriptInfoCaches (376ms)
			ResolveRequiredComponents (31ms)
	FinalizeReload (1759ms)
		ReleaseScriptCaches (0ms)
		RebuildScriptCaches (0ms)
		SetupLoadedEditorAssemblies (1419ms)
			LogAssemblyErrors (0ms)
			InitializePlatformSupportModulesInManaged (19ms)
			SetLoadedEditorAssemblies (10ms)
			BeforeProcessingInitializeOnLoad (316ms)
			ProcessInitializeOnLoadAttributes (813ms)
			ProcessInitializeOnLoadMethodAttributes (243ms)
			AfterProcessingInitializeOnLoad (18ms)
			EditorAssembliesLoaded (1ms)
		ExecutionOrderSort2 (0ms)
		AwakeInstancesAfterBackupRestoration (18ms)
Shader 'Oculus/OVRMRCameraFrameLit': fallback shader 'Alpha-Diffuse' not found
Refreshing native plugins compatible for Editor in 52.76 ms, found 14 plugins.
Preloading 0 native plugins for Editor in 0.00 ms.
Unloading 44 Unused Serialized files (Serialized files now loaded: 0)
Unloading 9220 unused Assets / (7.1 MB). Loaded Objects now: 10108.
Memory consumption went from 233.9 MB to 226.8 MB.
Total: 43.769600 ms (FindLiveObjects: 2.992600 ms CreateObjectMapping: 4.409500 ms MarkObjects: 21.024400 ms  DeleteObjects: 15.341400 ms)

Prepare: number of updated asset objects reloaded= 0
========================================================================
Received Prepare
Begin MonoManager ReloadAssembly
- Loaded All Assemblies, in  1.598 seconds
Script 'CharacterController' has the same name as built-in Unity component.
AddComponent and GetComponent will not work with this script.
'Packages/com.meta.xr.sdk.core/Editor/BuildingBlocks/BlocksWindow.cs' contains partial class of Unity.Object, exactly 1 of the partial classes needs to be in a file with the same filename. This is to know the one that can be referenced from ie. GameObjects
'Packages/com.meta.xr.sdk.core/Editor/BuildingBlocks/BlocksWindowDetailsExtension.cs' contains partial class of Unity.Object, exactly 1 of the partial classes needs to be in a file with the same filename. This is to know the one that can be referenced from ie. GameObjects
'Packages/com.meta.xr.sdk.core/Editor/BuildingBlocks/BlocksWindowCollectionsPageExtension.cs' contains partial class of Unity.Object, exactly 1 of the partial classes needs to be in a file with the same filename. This is to know the one that can be referenced from ie. GameObjects
Refreshing native plugins compatible for Editor in 24.75 ms, found 14 plugins.
Assertion failed on expression: 'pred(*previous, *i)'
Assertion failed on expression: 'pred(*previous, *i)'
Assertion failed on expression: 'pred(*previous, *i)'
Assertion failed on expression: 'pred(*previous, *i)'
Assertion failed on expression: 'pred(*previous, *i)'
Native extension for Android target not found
Native extension for UWP target not found
Native extension for WindowsStandalone target not found
[Package Manager] Failed to launch server process. Reason: Unity was launched with the -noUpm command-line argument
[Package Manager] Unable to send message (not connected to server process).
[Package Manager] Cannot connect to Unity Package Manager local server
[Package Manager] Failed to launch server process. Reason: Unity was launched with the -noUpm command-line argument
[Package Manager] Unable to send message (not connected to server process).
[Package Manager] Cannot connect to Unity Package Manager local server
Refreshing native plugins compatible for Editor in 25.48 ms, found 14 plugins.
[Package Manager] Failed to launch server process. Reason: Unity was launched with the -noUpm command-line argument
[Package Manager] Unable to send message (not connected to server process).
[Package Manager] Cannot connect to Unity Package Manager local server
System.Reflection.TargetInvocationException: Exception has been thrown by the target of an invocation. ---> System.TypeInitializationException: The type initializer for 'UnityEditor.XR.Interaction.Toolkit.Samples.SpatialKeyboard.Editor.SpatialKeyboardSampleProjectValidation' threw an exception. ---> System.NullReferenceException: Object reference not set to an instance of an object
  at Unity.XR.CoreUtils.Editor.PackageVersionUtility.UpdatePackageVersions () [0x00034] in .\Library\PackageCache\com.unity.xr.core-utils@c0df0dd5bced\Editor\ProjectValidation\PackageVersionUtility.cs:46 
  at Unity.XR.CoreUtils.Editor.PackageVersionUtility.GetPackageVersion (System.String packageName) [0x00011] in .\Library\PackageCache\com.unity.xr.core-utils@c0df0dd5bced\Editor\ProjectValidation\PackageVersionUtility.cs:67 
  at UnityEditor.XR.Interaction.Toolkit.Samples.SpatialKeyboard.Editor.SpatialKeyboardSampleProjectValidation..cctor () [0x00023] in D:\Carpetas del sistema NO BORRAR\GITHUB DESKTOP REPO\RealidadMixta_Iot_pruebas\Industria_IOT_MR_unity6\Assets\Samples\XR Interaction Toolkit\3.0.8\Spatial Keyboard\Editor\Scripts\SpatialKeyboardSampleProjectValidation.cs:39 
   --- End of inner exception stack trace ---
  at (wrapper managed-to-native) System.Object.__icall_wrapper_mono_gc_wbarrier_generic_nostore_internal(intptr)
  at (wrapper write-barrier) System.Object.wbarrier_conc(intptr)
  at (wrapper managed-to-native) System.Reflection.RuntimeMethodInfo.InternalInvoke(System.Reflection.RuntimeMethodInfo,object,object[],System.Exception&)
  at System.Reflection.RuntimeMethodInfo.Invoke (System.Object obj, System.Reflection.BindingFlags invokeAttr, System.Reflection.Binder binder, System.Object[] parameters, System.Globalization.CultureInfo culture) [0x0006a] in <191a1970a53948f9819ac1d2e4f5c72e>:0 
   --- End of inner exception stack trace ---
  at System.Reflection.RuntimeMethodInfo.Invoke (System.Object obj, System.Reflection.BindingFlags invokeAttr, System.Reflection.Binder binder, System.Object[] parameters, System.Globalization.CultureInfo culture) [0x00083] in <191a1970a53948f9819ac1d2e4f5c72e>:0 
  at System.Reflection.MethodBase.Invoke (System.Object obj, System.Object[] parameters) [0x00000] in <191a1970a53948f9819ac1d2e4f5c72e>:0 
  at UnityEditor.EditorAssemblies.ProcessInitializeOnLoadMethodAttributes () [0x00056] in <2f9d421960d84dffaa88793de0f4b5f3>:0 
UnityEngine.Debug:ExtractStackTraceNoAlloc (byte*,int,string)
UnityEngine.StackTraceUtility:ExtractStackTrace ()
UnityEngine.DebugLogHandler:Internal_Log (UnityEngine.LogType,UnityEngine.LogOption,string,UnityEngine.Object)
UnityEngine.DebugLogHandler:LogFormat (UnityEngine.LogType,UnityEngine.Object,string,object[])
UnityEngine.Logger:Log (UnityEngine.LogType,object)
UnityEngine.Debug:LogError (object)
UnityEditor.EditorAssemblies:ProcessInitializeOnLoadMethodAttributes ()

Mono: successfully reloaded assembly
[Package Manager] Failed to launch server process. Reason: Unity was launched with the -noUpm command-line argument
[Package Manager] Unable to send message (not connected to server process).
[Package Manager] Cannot connect to Unity Package Manager local server
- Finished resetting the current domain, in  1.620 seconds
Domain Reload Profiling: 3188ms
	BeginReloadAssembly (339ms)
		ExecutionOrderSort (0ms)
		DisableScriptedObjects (8ms)
		BackupInstance (0ms)
		ReleaseScriptingObjects (0ms)
		CreateAndSetChildDomain (92ms)
	RebuildCommonClasses (51ms)
	RebuildNativeTypeToScriptingClass (17ms)
	initialDomainReloadingComplete (56ms)
	LoadAllAssembliesAndSetupDomain (1105ms)
		LoadAssemblies (869ms)
		RebuildTransferFunctionScriptingTraits (0ms)
		AnalyzeDomain (384ms)
			TypeCache.Refresh (12ms)
				TypeCache.ScanAssembly (0ms)
			BuildScriptInfoCaches (332ms)
			ResolveRequiredComponents (35ms)
	FinalizeReload (1620ms)
		ReleaseScriptCaches (0ms)
		RebuildScriptCaches (0ms)
		SetupLoadedEditorAssemblies (1304ms)
			LogAssemblyErrors (0ms)
			InitializePlatformSupportModulesInManaged (17ms)
			SetLoadedEditorAssemblies (9ms)
			BeforeProcessingInitializeOnLoad (292ms)
			ProcessInitializeOnLoadAttributes (744ms)
			ProcessInitializeOnLoadMethodAttributes (223ms)
			AfterProcessingInitializeOnLoad (17ms)
			EditorAssembliesLoaded (1ms)
		ExecutionOrderSort2 (0ms)
		AwakeInstancesAfterBackupRestoration (17ms)
Shader 'Oculus/OVRMRCameraFrameLit': fallback shader 'Alpha-Diffuse' not found
Refreshing native plugins compatible for Editor in 43.22 ms, found 14 plugins.
Preloading 0 native plugins for Editor in 0.00 ms.
Unloading 44 Unused Serialized files (Serialized files now loaded: 0)
Unloading 9220 unused Assets / (8.4 MB). Loaded Objects now: 10111.
Memory consumption went from 233.9 MB to 225.6 MB.
Total: 36.542000 ms (FindLiveObjects: 1.883800 ms CreateObjectMapping: 4.681600 ms MarkObjects: 19.507500 ms  DeleteObjects: 10.466700 ms)

Prepare: number of updated asset objects reloaded= 0
