Using pre-set license
Built from '6000.0/release' branch; Version is '6000.0.35f1 (9a3bc604008a) revision 10107846'; Using compiler version '193933523'; Build Type 'Release'
OS: 'Windows 11  (10.0.26100) 64bit Core' Language: 'es' Physical Memory: 31941 MB
BatchMode: 1, IsHumanControllingUs: 0, StartBugReporterOnCrash: 0, Is64bit: 1, IsPro: 1

COMMAND LINE ARGUMENTS:
D:\Unity\Motores de edicion\Editores versiones\6000.0.35f1\Editor\Unity.exe
-adb2
-batchMode
-noUpm
-name
AssetImportWorker4
-projectPath
D:/Carpetas del sistema NO BORRAR/GITHUB DESKTOP REPO/RealidadMixta_Iot_pruebas/Industria_IOT_MR_unity6
-logFile
Logs/AssetImportWorker4.log
-srvPort
26529
-job-worker-count
5
-background-job-worker-count
8
-gc-helper-count
1
Successfully changed project path to: D:/Carpetas del sistema NO BORRAR/GITHUB DESKTOP REPO/RealidadMixta_Iot_pruebas/Industria_IOT_MR_unity6
D:/Carpetas del sistema NO BORRAR/GITHUB DESKTOP REPO/RealidadMixta_Iot_pruebas/Industria_IOT_MR_unity6
[UnityMemory] Configuration Parameters - Can be set up in boot.config
    "memorysetup-bucket-allocator-granularity=16"
    "memorysetup-bucket-allocator-bucket-count=8"
    "memorysetup-bucket-allocator-block-size=33554432"
    "memorysetup-bucket-allocator-block-count=8"
    "memorysetup-main-allocator-block-size=16777216"
    "memorysetup-thread-allocator-block-size=16777216"
    "memorysetup-gfx-main-allocator-block-size=16777216"
    "memorysetup-gfx-thread-allocator-block-size=16777216"
    "memorysetup-cache-allocator-block-size=4194304"
    "memorysetup-typetree-allocator-block-size=2097152"
    "memorysetup-profiler-bucket-allocator-granularity=16"
    "memorysetup-profiler-bucket-allocator-bucket-count=8"
    "memorysetup-profiler-bucket-allocator-block-size=33554432"
    "memorysetup-profiler-bucket-allocator-block-count=8"
    "memorysetup-profiler-allocator-block-size=16777216"
    "memorysetup-profiler-editor-allocator-block-size=1048576"
    "memorysetup-temp-allocator-size-main=16777216"
    "memorysetup-job-temp-allocator-block-size=2097152"
    "memorysetup-job-temp-allocator-block-size-background=1048576"
    "memorysetup-job-temp-allocator-reduction-small-platforms=262144"
    "memorysetup-allocator-temp-initial-block-size-main=262144"
    "memorysetup-allocator-temp-initial-block-size-worker=262144"
    "memorysetup-temp-allocator-size-background-worker=32768"
    "memorysetup-temp-allocator-size-job-worker=262144"
    "memorysetup-temp-allocator-size-preload-manager=33554432"
    "memorysetup-temp-allocator-size-nav-mesh-worker=65536"
    "memorysetup-temp-allocator-size-audio-worker=65536"
    "memorysetup-temp-allocator-size-cloud-worker=32768"
    "memorysetup-temp-allocator-size-gi-baking-worker=262144"
    "memorysetup-temp-allocator-size-gi-baking-worker=262144"
    "memorysetup-temp-allocator-size-gi-baking-worker=262144"
    "memorysetup-temp-allocator-size-gi-baking-worker=262144"
    "memorysetup-temp-allocator-size-gi-baking-worker=262144"
    "memorysetup-temp-allocator-size-gfx=262144"
Player connection [73980]  Target information:

Player connection [73980]  * "[IP] 172.16.210.151 [Port] 0 [Flags] 2 [Guid] 787172080 [EditorId] 787172080 [Version] 1048832 [Id] WindowsEditor(7,GAMING03) [Debug] 1 [PackageName] WindowsEditor [ProjectName] Editor" 

Player connection [73980] Host joined multi-casting on [225.0.0.222:54997]...
Player connection [73980] Host joined alternative multi-casting on [225.0.0.222:34997]...
JobSystem: Creating JobQueue using job-worker-count value 5
Input System module state changed to: Initialized.
[Physics::Module] Initialized fallback backend.
[Physics::Module] Id: 0xdecafbad
Library Redirect Path: Library/
[Physics::Module] Selected backend.
[Physics::Module] Name: PhysX
[Physics::Module] Id: 0xf2b8ea05
[Physics::Module] SDK Version: 4.1.2
[Physics::Module] Integration Version: 1.0.0
[Physics::Module] Threading Mode: Multi-Threaded
Refreshing native plugins compatible for Editor in 38.25 ms, found 12 plugins.
Preloading 0 native plugins for Editor in 0.00 ms.
Initialize engine version: 6000.0.35f1 (9a3bc604008a)
[Subsystems] Discovering subsystems at path D:/Unity/Motores de edicion/Editores versiones/6000.0.35f1/Editor/Data/Resources/UnitySubsystems
[Subsystems] Discovering subsystems at path D:/Carpetas del sistema NO BORRAR/GITHUB DESKTOP REPO/RealidadMixta_Iot_pruebas/Industria_IOT_MR_unity6/Assets
GfxDevice: creating device client; kGfxThreadingModeNonThreaded
Direct3D:
    Version:  Direct3D 11.0 [level 11.1]
    Renderer: NVIDIA GeForce RTX 3050 Laptop GPU (ID=0x25a2)
    Vendor:   NVIDIA
    VRAM:     3964 MB
    Driver:   32.0.15.7270
Initialize mono
Mono path[0] = 'D:/Unity/Motores de edicion/Editores versiones/6000.0.35f1/Editor/Data/Managed'
Mono path[1] = 'D:/Unity/Motores de edicion/Editores versiones/6000.0.35f1/Editor/Data/MonoBleedingEdge/lib/mono/unityjit-win32'
Mono config path = 'D:/Unity/Motores de edicion/Editores versiones/6000.0.35f1/Editor/Data/MonoBleedingEdge/etc'
Using monoOptions --debugger-agent=transport=dt_socket,embedding=1,server=y,suspend=n,address=127.0.0.1:56300
Begin MonoManager ReloadAssembly
Registering precompiled unity dll's ...
Register platform support module: D:/Unity/Motores de edicion/Editores versiones/6000.0.35f1/Editor/Data/PlaybackEngines/WindowsStandaloneSupport/UnityEditor.WindowsStandalone.Extensions.dll
Register platform support module: D:/Unity/Motores de edicion/Editores versiones/6000.0.35f1/Editor/Data/PlaybackEngines/MetroSupport/UnityEditor.UWP.Extensions.dll
Register platform support module: D:/Unity/Motores de edicion/Editores versiones/6000.0.35f1/Editor/Data/PlaybackEngines/AndroidPlayer/UnityEditor.Android.Extensions.dll
Registered in 0.008757 seconds.
- Loaded All Assemblies, in  0.416 seconds
Native extension for Android target not found
Android Extension - Scanning For ADB Devices 387 ms
Native extension for UWP target not found
Native extension for WindowsStandalone target not found
Mono: successfully reloaded assembly
- Finished resetting the current domain, in  0.733 seconds
Domain Reload Profiling: 1142ms
	BeginReloadAssembly (150ms)
		ExecutionOrderSort (0ms)
		DisableScriptedObjects (0ms)
		BackupInstance (0ms)
		ReleaseScriptingObjects (0ms)
		CreateAndSetChildDomain (1ms)
	RebuildCommonClasses (35ms)
	RebuildNativeTypeToScriptingClass (10ms)
	initialDomainReloadingComplete (61ms)
	LoadAllAssembliesAndSetupDomain (153ms)
		LoadAssemblies (144ms)
		RebuildTransferFunctionScriptingTraits (0ms)
		AnalyzeDomain (148ms)
			TypeCache.Refresh (146ms)
				TypeCache.ScanAssembly (133ms)
			BuildScriptInfoCaches (0ms)
			ResolveRequiredComponents (0ms)
	FinalizeReload (733ms)
		ReleaseScriptCaches (0ms)
		RebuildScriptCaches (0ms)
		SetupLoadedEditorAssemblies (686ms)
			LogAssemblyErrors (0ms)
			InitializePlatformSupportModulesInManaged (473ms)
			SetLoadedEditorAssemblies (4ms)
			BeforeProcessingInitializeOnLoad (47ms)
			ProcessInitializeOnLoadAttributes (106ms)
			ProcessInitializeOnLoadMethodAttributes (57ms)
			AfterProcessingInitializeOnLoad (0ms)
			EditorAssembliesLoaded (0ms)
		ExecutionOrderSort2 (0ms)
		AwakeInstancesAfterBackupRestoration (0ms)
========================================================================
Worker process is ready to serve import requests
Import Worker Mode flag is 0x00
Begin MonoManager ReloadAssembly
- Loaded All Assemblies, in  1.012 seconds
'Packages/com.unity.xr.openxr/Runtime/OpenXRLoader.cs' contains partial class of Unity.Object, exactly 1 of the partial classes needs to be in a file with the same filename. This is to know the one that can be referenced from ie. GameObjects
'Packages/com.unity.xr.openxr/Runtime/OpenXRLoaderInternal.cs' contains partial class of Unity.Object, exactly 1 of the partial classes needs to be in a file with the same filename. This is to know the one that can be referenced from ie. GameObjects
Refreshing native plugins compatible for Editor in 17.30 ms, found 12 plugins.
Native extension for Android target not found
Native extension for UWP target not found
Native extension for WindowsStandalone target not found
Package Manager log level set to [2]
[Package Manager] Failed to launch server process. Reason: Unity was launched with the -noUpm command-line argument
[Package Manager] Unable to send message (not connected to server process).
[Package Manager] Cannot connect to Unity Package Manager local server
[Package Manager] Failed to launch server process. Reason: Unity was launched with the -noUpm command-line argument
[Package Manager] Unable to send message (not connected to server process).
[Package Manager] Cannot connect to Unity Package Manager local server
System.Reflection.TargetInvocationException: Exception has been thrown by the target of an invocation. ---> System.TypeInitializationException: The type initializer for 'UnityEditor.XR.Interaction.Toolkit.Samples.Hands.Editor.HandsSampleProjectValidation' threw an exception. ---> System.NullReferenceException: Object reference not set to an instance of an object
  at Unity.XR.CoreUtils.Editor.PackageVersionUtility.UpdatePackageVersions () [0x00034] in .\Library\PackageCache\com.unity.xr.core-utils@c0df0dd5bced\Editor\ProjectValidation\PackageVersionUtility.cs:46 
  at Unity.XR.CoreUtils.Editor.PackageVersionUtility.GetPackageVersion (System.String packageName) [0x00011] in .\Library\PackageCache\com.unity.xr.core-utils@c0df0dd5bced\Editor\ProjectValidation\PackageVersionUtility.cs:67 
  at UnityEditor.XR.Interaction.Toolkit.Samples.Hands.Editor.HandsSampleProjectValidation..cctor () [0x00041] in D:\Carpetas del sistema NO BORRAR\GITHUB DESKTOP REPO\RealidadMixta_Iot_pruebas\Industria_IOT_MR_unity6\Assets\Samples\XR Interaction Toolkit\3.0.8\Hands Interaction Demo\Editor\Scripts\HandsSampleProjectValidation.cs:34 
   --- End of inner exception stack trace ---
  at (wrapper managed-to-native) System.Object.__icall_wrapper_mono_gc_wbarrier_generic_nostore_internal(intptr)
  at (wrapper write-barrier) System.Object.wbarrier_conc(intptr)
  at (wrapper managed-to-native) System.Reflection.RuntimeMethodInfo.InternalInvoke(System.Reflection.RuntimeMethodInfo,object,object[],System.Exception&)
  at System.Reflection.RuntimeMethodInfo.Invoke (System.Object obj, System.Reflection.BindingFlags invokeAttr, System.Reflection.Binder binder, System.Object[] parameters, System.Globalization.CultureInfo culture) [0x0006a] in <191a1970a53948f9819ac1d2e4f5c72e>:0 
   --- End of inner exception stack trace ---
  at System.Reflection.RuntimeMethodInfo.Invoke (System.Object obj, System.Reflection.BindingFlags invokeAttr, System.Reflection.Binder binder, System.Object[] parameters, System.Globalization.CultureInfo culture) [0x00083] in <191a1970a53948f9819ac1d2e4f5c72e>:0 
  at System.Reflection.MethodBase.Invoke (System.Object obj, System.Object[] parameters) [0x00000] in <191a1970a53948f9819ac1d2e4f5c72e>:0 
  at UnityEditor.EditorAssemblies.ProcessInitializeOnLoadMethodAttributes () [0x00056] in <2f9d421960d84dffaa88793de0f4b5f3>:0 
UnityEngine.Debug:ExtractStackTraceNoAlloc (byte*,int,string)
UnityEngine.StackTraceUtility:ExtractStackTrace ()
UnityEngine.DebugLogHandler:Internal_Log (UnityEngine.LogType,UnityEngine.LogOption,string,UnityEngine.Object)
UnityEngine.DebugLogHandler:LogFormat (UnityEngine.LogType,UnityEngine.Object,string,object[])
UnityEngine.Logger:Log (UnityEngine.LogType,object)
UnityEngine.Debug:LogError (object)
UnityEditor.EditorAssemblies:ProcessInitializeOnLoadMethodAttributes ()

Mono: successfully reloaded assembly
[Package Manager] Failed to launch server process. Reason: Unity was launched with the -noUpm command-line argument
[Package Manager] Unable to send message (not connected to server process).
[Package Manager] Cannot connect to Unity Package Manager local server
[Package Manager] Failed to launch server process. Reason: Unity was launched with the -noUpm command-line argument
[Package Manager] Unable to send message (not connected to server process).
[Package Manager] Cannot connect to Unity Package Manager local server
- Finished resetting the current domain, in  0.931 seconds
Domain Reload Profiling: 1919ms
	BeginReloadAssembly (182ms)
		ExecutionOrderSort (0ms)
		DisableScriptedObjects (6ms)
		BackupInstance (0ms)
		ReleaseScriptingObjects (0ms)
		CreateAndSetChildDomain (31ms)
	RebuildCommonClasses (33ms)
	RebuildNativeTypeToScriptingClass (10ms)
	initialDomainReloadingComplete (46ms)
	LoadAllAssembliesAndSetupDomain (717ms)
		LoadAssemblies (555ms)
		RebuildTransferFunctionScriptingTraits (0ms)
		AnalyzeDomain (274ms)
			TypeCache.Refresh (194ms)
				TypeCache.ScanAssembly (176ms)
			BuildScriptInfoCaches (64ms)
			ResolveRequiredComponents (13ms)
	FinalizeReload (931ms)
		ReleaseScriptCaches (0ms)
		RebuildScriptCaches (0ms)
		SetupLoadedEditorAssemblies (768ms)
			LogAssemblyErrors (0ms)
			InitializePlatformSupportModulesInManaged (13ms)
			SetLoadedEditorAssemblies (5ms)
			BeforeProcessingInitializeOnLoad (167ms)
			ProcessInitializeOnLoadAttributes (380ms)
			ProcessInitializeOnLoadMethodAttributes (188ms)
			AfterProcessingInitializeOnLoad (14ms)
			EditorAssembliesLoaded (0ms)
		ExecutionOrderSort2 (0ms)
		AwakeInstancesAfterBackupRestoration (6ms)
Launched and connected shader compiler UnityShaderCompiler.exe after 0.02 seconds
Refreshing native plugins compatible for Editor in 31.01 ms, found 12 plugins.
Preloading 0 native plugins for Editor in 0.00 ms.
Unloading 241 Unused Serialized files (Serialized files now loaded: 0)
Unloading 7497 unused Assets / (9.3 MB). Loaded Objects now: 8214.
Memory consumption went from 173.2 MB to 163.9 MB.
Total: 21.125400 ms (FindLiveObjects: 1.596700 ms CreateObjectMapping: 2.066900 ms MarkObjects: 9.566200 ms  DeleteObjects: 7.894100 ms)

========================================================================
Received Import Request.
  Time since last request: 755703.458543 seconds.
  path: Packages/com.unity.render-pipelines.universal/Shaders/Nature/SpeedTree8_PBRLit.shadergraph
  artifactKey: Guid(9920c1f1781549a46ba081a2a15a16ec) Importer(815301076,1909f56bfc062723c751e8b465ee728b)
Start importing Packages/com.unity.render-pipelines.universal/Shaders/Nature/SpeedTree8_PBRLit.shadergraph using Guid(9920c1f1781549a46ba081a2a15a16ec) Importer(815301076,1909f56bfc062723c751e8b465ee728b) (PreviewImporter) -> (artifact id: 'f1b1bf1378da31258b9c21bae3e6fa9a') in 3.0749236 seconds
Number of updated asset objects reloaded before import = 0Number of asset objects unloaded after import = 0

========================================================================
Received Import Request.
  Time since last request: 3.283731 seconds.
  path: Assets/Samples/XR Interaction Toolkit/3.0.8/Starter Assets/Materials/FresnelHighlight.mat
  artifactKey: Guid(f5ccd52dc494e054fbe7d7161dcabe25) Importer(815301076,1909f56bfc062723c751e8b465ee728b)
Start importing Assets/Samples/XR Interaction Toolkit/3.0.8/Starter Assets/Materials/FresnelHighlight.mat using Guid(f5ccd52dc494e054fbe7d7161dcabe25) Importer(815301076,1909f56bfc062723c751e8b465ee728b) (PreviewImporter) -> (artifact id: '4a4b6ee8cbf6c7bb7c2233168deae02c') in 0.0108284 seconds
Number of updated asset objects reloaded before import = 0Number of asset objects unloaded after import = 6

========================================================================
Received Import Request.
  Time since last request: 0.000024 seconds.
  path: Assets/Samples/XR Hands/1.5.0/HandVisualizer/Materials/Green.mat
  artifactKey: Guid(727f87098255ad04987a60f5f08390bc) Importer(815301076,1909f56bfc062723c751e8b465ee728b)
Start importing Assets/Samples/XR Hands/1.5.0/HandVisualizer/Materials/Green.mat using Guid(727f87098255ad04987a60f5f08390bc) Importer(815301076,1909f56bfc062723c751e8b465ee728b) (PreviewImporter) -> (artifact id: 'd60dd7eed90ddab46f8a08318cc9121f') in 0.0122597 seconds
Number of updated asset objects reloaded before import = 0Number of asset objects unloaded after import = 1

========================================================================
Received Import Request.
  Time since last request: 0.000026 seconds.
  path: Packages/com.unity.render-pipelines.universal/Editor/SceneTemplates/Standard/Materials/Gold.mat
  artifactKey: Guid(c2e40fa84d53ccd428f640eac126b1fb) Importer(815301076,1909f56bfc062723c751e8b465ee728b)
Start importing Packages/com.unity.render-pipelines.universal/Editor/SceneTemplates/Standard/Materials/Gold.mat using Guid(c2e40fa84d53ccd428f640eac126b1fb) Importer(815301076,1909f56bfc062723c751e8b465ee728b) (PreviewImporter) -> (artifact id: 'ea9b1acc23b045b739e7ac910a1d89f6') in 0.0128464 seconds
Number of updated asset objects reloaded before import = 0Number of asset objects unloaded after import = 1

========================================================================
Received Import Request.
  Time since last request: 0.000028 seconds.
  path: Packages/com.unity.render-pipelines.universal/Editor/SceneTemplates/Standard/Materials/Ground.mat
  artifactKey: Guid(761d8e1f988ed2345a28312145c79c6e) Importer(815301076,1909f56bfc062723c751e8b465ee728b)
Start importing Packages/com.unity.render-pipelines.universal/Editor/SceneTemplates/Standard/Materials/Ground.mat using Guid(761d8e1f988ed2345a28312145c79c6e) Importer(815301076,1909f56bfc062723c751e8b465ee728b) (PreviewImporter) -> (artifact id: '5716016bb1455847848ab5a1a6b721df') in 0.0086114 seconds
Number of updated asset objects reloaded before import = 0Number of asset objects unloaded after import = 1

========================================================================
Received Import Request.
  Time since last request: 0.741197 seconds.
  path: Packages/com.unity.searcher/Editor/Resources/FlatSkin/Font/Roboto-Medium.ttf
  artifactKey: Guid(a51a3aebb43ac044989270407476b208) Importer(815301076,1909f56bfc062723c751e8b465ee728b)
Start importing Packages/com.unity.searcher/Editor/Resources/FlatSkin/Font/Roboto-Medium.ttf using Guid(a51a3aebb43ac044989270407476b208) Importer(815301076,1909f56bfc062723c751e8b465ee728b) (PreviewImporter) -> (artifact id: '682fc2f704440822f3a4cfc3e7a19ade') in 0.028457 seconds
Number of updated asset objects reloaded before import = 0Number of asset objects unloaded after import = 4

========================================================================
Received Import Request.
  Time since last request: 0.000029 seconds.
  path: Packages/com.unity.searcher/Editor/Resources/FlatSkin/Font/Roboto-LightItalic.ttf
  artifactKey: Guid(5e63515167650a541b309ba3bfd4db3d) Importer(815301076,1909f56bfc062723c751e8b465ee728b)
Start importing Packages/com.unity.searcher/Editor/Resources/FlatSkin/Font/Roboto-LightItalic.ttf using Guid(5e63515167650a541b309ba3bfd4db3d) Importer(815301076,1909f56bfc062723c751e8b465ee728b) (PreviewImporter) -> (artifact id: '6e784b23b9a812c24355575e86589554') in 0.0196168 seconds
Number of updated asset objects reloaded before import = 0Number of asset objects unloaded after import = 4

========================================================================
Received Import Request.
  Time since last request: 0.000048 seconds.
  path: Packages/com.unity.searcher/Editor/Resources/FlatSkin/Font/Roboto-MediumItalic.ttf
  artifactKey: Guid(d93c1bc57fdf1ac4dad1bf04fac05464) Importer(815301076,1909f56bfc062723c751e8b465ee728b)
Start importing Packages/com.unity.searcher/Editor/Resources/FlatSkin/Font/Roboto-MediumItalic.ttf using Guid(d93c1bc57fdf1ac4dad1bf04fac05464) Importer(815301076,1909f56bfc062723c751e8b465ee728b) (PreviewImporter) -> (artifact id: '001c4a591093e2fdf81d6a4ae595d140') in 0.0175576 seconds
Number of updated asset objects reloaded before import = 0Number of asset objects unloaded after import = 4

========================================================================
Received Import Request.
  Time since last request: 0.000019 seconds.
  path: Packages/com.unity.searcher/Editor/Resources/FlatSkin/Font/Roboto-Regular.ttf
  artifactKey: Guid(30dc370b164eefc43b95744fc796dad0) Importer(815301076,1909f56bfc062723c751e8b465ee728b)
Start importing Packages/com.unity.searcher/Editor/Resources/FlatSkin/Font/Roboto-Regular.ttf using Guid(30dc370b164eefc43b95744fc796dad0) Importer(815301076,1909f56bfc062723c751e8b465ee728b) (PreviewImporter) -> (artifact id: '12419081dc796b968d8ea7b0fe46bc91') in 0.0158418 seconds
Number of updated asset objects reloaded before import = 0Number of asset objects unloaded after import = 4

========================================================================
Received Import Request.
  Time since last request: 0.000022 seconds.
  path: Packages/com.unity.searcher/Editor/Resources/FlatSkin/Font/Roboto-ThinItalic.ttf
  artifactKey: Guid(b2ea3b3f1765e544b9eb5bd1a93a91ce) Importer(815301076,1909f56bfc062723c751e8b465ee728b)
Start importing Packages/com.unity.searcher/Editor/Resources/FlatSkin/Font/Roboto-ThinItalic.ttf using Guid(b2ea3b3f1765e544b9eb5bd1a93a91ce) Importer(815301076,1909f56bfc062723c751e8b465ee728b) (PreviewImporter) -> (artifact id: '0643953ca01bd305bbdf40f00ec7b28b') in 0.0146055 seconds
Number of updated asset objects reloaded before import = 0Number of asset objects unloaded after import = 4

========================================================================
Received Import Request.
  Time since last request: 0.000030 seconds.
  path: Assets/Samples/XR Interaction Toolkit/3.0.8/Starter Assets/DemoSceneAssets/Materials/Concrete Grey.mat
  artifactKey: Guid(842f1b88643f1bb458ba6243088e344e) Importer(815301076,1909f56bfc062723c751e8b465ee728b)
Start importing Assets/Samples/XR Interaction Toolkit/3.0.8/Starter Assets/DemoSceneAssets/Materials/Concrete Grey.mat using Guid(842f1b88643f1bb458ba6243088e344e) Importer(815301076,1909f56bfc062723c751e8b465ee728b) (PreviewImporter) -> (artifact id: '0a45c341a9b9f6b0f3b9e7694936123a') in 0.1069085 seconds
Number of updated asset objects reloaded before import = 0Number of asset objects unloaded after import = 3

========================================================================
Received Import Request.
  Time since last request: 0.000035 seconds.
  path: Packages/com.unity.xr.arfoundation/Assets/Materials/DebugBoundingBox.mat
  artifactKey: Guid(2166f2a4aa6de4f559e94d7173fca686) Importer(815301076,1909f56bfc062723c751e8b465ee728b)
Start importing Packages/com.unity.xr.arfoundation/Assets/Materials/DebugBoundingBox.mat using Guid(2166f2a4aa6de4f559e94d7173fca686) Importer(815301076,1909f56bfc062723c751e8b465ee728b) (PreviewImporter) -> (artifact id: '9d66ee7229c5d5138928bfc8ae356fe8') in 0.0113955 seconds
Number of updated asset objects reloaded before import = 0Number of asset objects unloaded after import = 3

========================================================================
Received Import Request.
  Time since last request: 0.000023 seconds.
  path: Assets/Samples/XR Interaction Toolkit/3.0.8/Starter Assets/DemoSceneAssets/Materials/Concrete Light Blue.mat
  artifactKey: Guid(830d28b607e09a2479e2005c2eb5c75e) Importer(815301076,1909f56bfc062723c751e8b465ee728b)
Start importing Assets/Samples/XR Interaction Toolkit/3.0.8/Starter Assets/DemoSceneAssets/Materials/Concrete Light Blue.mat using Guid(830d28b607e09a2479e2005c2eb5c75e) Importer(815301076,1909f56bfc062723c751e8b465ee728b) (PreviewImporter) -> (artifact id: '48da4605f0f8830162a88140d826d9eb') in 0.0260049 seconds
Number of updated asset objects reloaded before import = 0Number of asset objects unloaded after import = 3

========================================================================
Received Import Request.
  Time since last request: 0.560827 seconds.
  path: Packages/com.unity.render-pipelines.universal/Shaders/AutodeskInteractive/AutodeskInteractiveTransparent.shadergraph
  artifactKey: Guid(5c81372d981403744adbdda4433c9c11) Importer(815301076,1909f56bfc062723c751e8b465ee728b)
Start importing Packages/com.unity.render-pipelines.universal/Shaders/AutodeskInteractive/AutodeskInteractiveTransparent.shadergraph using Guid(5c81372d981403744adbdda4433c9c11) Importer(815301076,1909f56bfc062723c751e8b465ee728b) (PreviewImporter) -> (artifact id: 'f9134b25294349e20a24905b7a3eb449') in 1.3521008 seconds
Number of updated asset objects reloaded before import = 0Number of asset objects unloaded after import = 0

========================================================================
Received Import Request.
  Time since last request: 0.000033 seconds.
  path: Packages/com.unity.render-pipelines.universal/Shaders/AutodeskInteractive/AutodeskInteractive.shadergraph
  artifactKey: Guid(0e9d5a909a1f7e84882a534d0d11e49f) Importer(815301076,1909f56bfc062723c751e8b465ee728b)
Start importing Packages/com.unity.render-pipelines.universal/Shaders/AutodeskInteractive/AutodeskInteractive.shadergraph using Guid(0e9d5a909a1f7e84882a534d0d11e49f) Importer(815301076,1909f56bfc062723c751e8b465ee728b) (PreviewImporter) -> (artifact id: 'c89c82525b4e9f5a4e11f74f805c623d') in 1.7233839 seconds
Number of updated asset objects reloaded before import = 0Number of asset objects unloaded after import = 0

========================================================================
Received Prepare
Begin MonoManager ReloadAssembly
- Loaded All Assemblies, in  0.988 seconds
'Packages/com.unity.xr.openxr/Runtime/OpenXRLoader.cs' contains partial class of Unity.Object, exactly 1 of the partial classes needs to be in a file with the same filename. This is to know the one that can be referenced from ie. GameObjects
'Packages/com.unity.xr.openxr/Runtime/OpenXRLoaderInternal.cs' contains partial class of Unity.Object, exactly 1 of the partial classes needs to be in a file with the same filename. This is to know the one that can be referenced from ie. GameObjects
Refreshing native plugins compatible for Editor in 21.24 ms, found 12 plugins.
Native extension for Android target not found
Native extension for UWP target not found
Native extension for WindowsStandalone target not found
[Package Manager] Failed to launch server process. Reason: Unity was launched with the -noUpm command-line argument
[Package Manager] Unable to send message (not connected to server process).
[Package Manager] Cannot connect to Unity Package Manager local server
[Package Manager] Failed to launch server process. Reason: Unity was launched with the -noUpm command-line argument
[Package Manager] Unable to send message (not connected to server process).
[Package Manager] Cannot connect to Unity Package Manager local server
System.Reflection.TargetInvocationException: Exception has been thrown by the target of an invocation. ---> System.TypeInitializationException: The type initializer for 'UnityEditor.XR.Interaction.Toolkit.Samples.Hands.Editor.HandsSampleProjectValidation' threw an exception. ---> System.NullReferenceException: Object reference not set to an instance of an object
  at Unity.XR.CoreUtils.Editor.PackageVersionUtility.UpdatePackageVersions () [0x00034] in .\Library\PackageCache\com.unity.xr.core-utils@c0df0dd5bced\Editor\ProjectValidation\PackageVersionUtility.cs:46 
  at Unity.XR.CoreUtils.Editor.PackageVersionUtility.GetPackageVersion (System.String packageName) [0x00011] in .\Library\PackageCache\com.unity.xr.core-utils@c0df0dd5bced\Editor\ProjectValidation\PackageVersionUtility.cs:67 
  at UnityEditor.XR.Interaction.Toolkit.Samples.Hands.Editor.HandsSampleProjectValidation..cctor () [0x00041] in D:\Carpetas del sistema NO BORRAR\GITHUB DESKTOP REPO\RealidadMixta_Iot_pruebas\Industria_IOT_MR_unity6\Assets\Samples\XR Interaction Toolkit\3.0.8\Hands Interaction Demo\Editor\Scripts\HandsSampleProjectValidation.cs:34 
   --- End of inner exception stack trace ---
  at (wrapper managed-to-native) System.Object.__icall_wrapper_mono_gc_wbarrier_generic_nostore_internal(intptr)
  at (wrapper write-barrier) System.Object.wbarrier_conc(intptr)
  at (wrapper managed-to-native) System.Reflection.RuntimeMethodInfo.InternalInvoke(System.Reflection.RuntimeMethodInfo,object,object[],System.Exception&)
  at System.Reflection.RuntimeMethodInfo.Invoke (System.Object obj, System.Reflection.BindingFlags invokeAttr, System.Reflection.Binder binder, System.Object[] parameters, System.Globalization.CultureInfo culture) [0x0006a] in <191a1970a53948f9819ac1d2e4f5c72e>:0 
   --- End of inner exception stack trace ---
  at System.Reflection.RuntimeMethodInfo.Invoke (System.Object obj, System.Reflection.BindingFlags invokeAttr, System.Reflection.Binder binder, System.Object[] parameters, System.Globalization.CultureInfo culture) [0x00083] in <191a1970a53948f9819ac1d2e4f5c72e>:0 
  at System.Reflection.MethodBase.Invoke (System.Object obj, System.Object[] parameters) [0x00000] in <191a1970a53948f9819ac1d2e4f5c72e>:0 
  at UnityEditor.EditorAssemblies.ProcessInitializeOnLoadMethodAttributes () [0x00056] in <2f9d421960d84dffaa88793de0f4b5f3>:0 
UnityEngine.Debug:ExtractStackTraceNoAlloc (byte*,int,string)
UnityEngine.StackTraceUtility:ExtractStackTrace ()
UnityEngine.DebugLogHandler:Internal_Log (UnityEngine.LogType,UnityEngine.LogOption,string,UnityEngine.Object)
UnityEngine.DebugLogHandler:LogFormat (UnityEngine.LogType,UnityEngine.Object,string,object[])
UnityEngine.Logger:Log (UnityEngine.LogType,object)
UnityEngine.Debug:LogError (object)
UnityEditor.EditorAssemblies:ProcessInitializeOnLoadMethodAttributes ()

Mono: successfully reloaded assembly
[Package Manager] Failed to launch server process. Reason: Unity was launched with the -noUpm command-line argument
[Package Manager] Unable to send message (not connected to server process).
[Package Manager] Cannot connect to Unity Package Manager local server
- Finished resetting the current domain, in  1.025 seconds
Domain Reload Profiling: 1996ms
	BeginReloadAssembly (261ms)
		ExecutionOrderSort (0ms)
		DisableScriptedObjects (18ms)
		BackupInstance (0ms)
		ReleaseScriptingObjects (0ms)
		CreateAndSetChildDomain (67ms)
	RebuildCommonClasses (36ms)
	RebuildNativeTypeToScriptingClass (11ms)
	initialDomainReloadingComplete (37ms)
	LoadAllAssembliesAndSetupDomain (627ms)
		LoadAssemblies (538ms)
		RebuildTransferFunctionScriptingTraits (0ms)
		AnalyzeDomain (207ms)
			TypeCache.Refresh (6ms)
				TypeCache.ScanAssembly (0ms)
			BuildScriptInfoCaches (184ms)
			ResolveRequiredComponents (14ms)
	FinalizeReload (1025ms)
		ReleaseScriptCaches (0ms)
		RebuildScriptCaches (0ms)
		SetupLoadedEditorAssemblies (764ms)
			LogAssemblyErrors (0ms)
			InitializePlatformSupportModulesInManaged (14ms)
			SetLoadedEditorAssemblies (5ms)
			BeforeProcessingInitializeOnLoad (198ms)
			ProcessInitializeOnLoadAttributes (394ms)
			ProcessInitializeOnLoadMethodAttributes (130ms)
			AfterProcessingInitializeOnLoad (23ms)
			EditorAssembliesLoaded (1ms)
		ExecutionOrderSort2 (0ms)
		AwakeInstancesAfterBackupRestoration (21ms)
Refreshing native plugins compatible for Editor in 33.49 ms, found 12 plugins.
Preloading 0 native plugins for Editor in 0.00 ms.
Unloading 57 Unused Serialized files (Serialized files now loaded: 0)
Unloading 7514 unused Assets / (8.6 MB). Loaded Objects now: 8300.
Memory consumption went from 198.0 MB to 189.4 MB.
Total: 22.432500 ms (FindLiveObjects: 1.449400 ms CreateObjectMapping: 2.702500 ms MarkObjects: 9.933300 ms  DeleteObjects: 8.345700 ms)

Prepare: number of updated asset objects reloaded= 0
========================================================================
Received Prepare
Begin MonoManager ReloadAssembly
- Loaded All Assemblies, in  1.119 seconds
'Packages/com.unity.xr.openxr/Runtime/OpenXRLoader.cs' contains partial class of Unity.Object, exactly 1 of the partial classes needs to be in a file with the same filename. This is to know the one that can be referenced from ie. GameObjects
'Packages/com.unity.xr.openxr/Runtime/OpenXRLoaderInternal.cs' contains partial class of Unity.Object, exactly 1 of the partial classes needs to be in a file with the same filename. This is to know the one that can be referenced from ie. GameObjects
Refreshing native plugins compatible for Editor in 20.15 ms, found 12 plugins.
Native extension for Android target not found
Native extension for UWP target not found
Native extension for WindowsStandalone target not found
[Package Manager] Failed to launch server process. Reason: Unity was launched with the -noUpm command-line argument
[Package Manager] Unable to send message (not connected to server process).
[Package Manager] Cannot connect to Unity Package Manager local server
[Package Manager] Failed to launch server process. Reason: Unity was launched with the -noUpm command-line argument
[Package Manager] Unable to send message (not connected to server process).
[Package Manager] Cannot connect to Unity Package Manager local server
System.Reflection.TargetInvocationException: Exception has been thrown by the target of an invocation. ---> System.TypeInitializationException: The type initializer for 'UnityEditor.XR.Interaction.Toolkit.Samples.Hands.Editor.HandsSampleProjectValidation' threw an exception. ---> System.NullReferenceException: Object reference not set to an instance of an object
  at Unity.XR.CoreUtils.Editor.PackageVersionUtility.UpdatePackageVersions () [0x00034] in .\Library\PackageCache\com.unity.xr.core-utils@c0df0dd5bced\Editor\ProjectValidation\PackageVersionUtility.cs:46 
  at Unity.XR.CoreUtils.Editor.PackageVersionUtility.GetPackageVersion (System.String packageName) [0x00011] in .\Library\PackageCache\com.unity.xr.core-utils@c0df0dd5bced\Editor\ProjectValidation\PackageVersionUtility.cs:67 
  at UnityEditor.XR.Interaction.Toolkit.Samples.Hands.Editor.HandsSampleProjectValidation..cctor () [0x00041] in D:\Carpetas del sistema NO BORRAR\GITHUB DESKTOP REPO\RealidadMixta_Iot_pruebas\Industria_IOT_MR_unity6\Assets\Samples\XR Interaction Toolkit\3.0.8\Hands Interaction Demo\Editor\Scripts\HandsSampleProjectValidation.cs:34 
   --- End of inner exception stack trace ---
  at (wrapper managed-to-native) System.Object.__icall_wrapper_mono_gc_wbarrier_generic_nostore_internal(intptr)
  at (wrapper write-barrier) System.Object.wbarrier_conc(intptr)
  at (wrapper managed-to-native) System.Reflection.RuntimeMethodInfo.InternalInvoke(System.Reflection.RuntimeMethodInfo,object,object[],System.Exception&)
  at System.Reflection.RuntimeMethodInfo.Invoke (System.Object obj, System.Reflection.BindingFlags invokeAttr, System.Reflection.Binder binder, System.Object[] parameters, System.Globalization.CultureInfo culture) [0x0006a] in <191a1970a53948f9819ac1d2e4f5c72e>:0 
   --- End of inner exception stack trace ---
  at System.Reflection.RuntimeMethodInfo.Invoke (System.Object obj, System.Reflection.BindingFlags invokeAttr, System.Reflection.Binder binder, System.Object[] parameters, System.Globalization.CultureInfo culture) [0x00083] in <191a1970a53948f9819ac1d2e4f5c72e>:0 
  at System.Reflection.MethodBase.Invoke (System.Object obj, System.Object[] parameters) [0x00000] in <191a1970a53948f9819ac1d2e4f5c72e>:0 
  at UnityEditor.EditorAssemblies.ProcessInitializeOnLoadMethodAttributes () [0x00056] in <2f9d421960d84dffaa88793de0f4b5f3>:0 
UnityEngine.Debug:ExtractStackTraceNoAlloc (byte*,int,string)
UnityEngine.StackTraceUtility:ExtractStackTrace ()
UnityEngine.DebugLogHandler:Internal_Log (UnityEngine.LogType,UnityEngine.LogOption,string,UnityEngine.Object)
UnityEngine.DebugLogHandler:LogFormat (UnityEngine.LogType,UnityEngine.Object,string,object[])
UnityEngine.Logger:Log (UnityEngine.LogType,object)
UnityEngine.Debug:LogError (object)
UnityEditor.EditorAssemblies:ProcessInitializeOnLoadMethodAttributes ()

Mono: successfully reloaded assembly
[Package Manager] Failed to launch server process. Reason: Unity was launched with the -noUpm command-line argument
[Package Manager] Unable to send message (not connected to server process).
[Package Manager] Cannot connect to Unity Package Manager local server
- Finished resetting the current domain, in  1.055 seconds
Domain Reload Profiling: 2154ms
	BeginReloadAssembly (294ms)
		ExecutionOrderSort (0ms)
		DisableScriptedObjects (7ms)
		BackupInstance (0ms)
		ReleaseScriptingObjects (0ms)
		CreateAndSetChildDomain (67ms)
	RebuildCommonClasses (42ms)
	RebuildNativeTypeToScriptingClass (12ms)
	initialDomainReloadingComplete (43ms)
	LoadAllAssembliesAndSetupDomain (708ms)
		LoadAssemblies (611ms)
		RebuildTransferFunctionScriptingTraits (0ms)
		AnalyzeDomain (238ms)
			TypeCache.Refresh (6ms)
				TypeCache.ScanAssembly (0ms)
			BuildScriptInfoCaches (210ms)
			ResolveRequiredComponents (17ms)
	FinalizeReload (1055ms)
		ReleaseScriptCaches (0ms)
		RebuildScriptCaches (0ms)
		SetupLoadedEditorAssemblies (816ms)
			LogAssemblyErrors (0ms)
			InitializePlatformSupportModulesInManaged (14ms)
			SetLoadedEditorAssemblies (5ms)
			BeforeProcessingInitializeOnLoad (219ms)
			ProcessInitializeOnLoadAttributes (417ms)
			ProcessInitializeOnLoadMethodAttributes (140ms)
			AfterProcessingInitializeOnLoad (20ms)
			EditorAssembliesLoaded (1ms)
		ExecutionOrderSort2 (0ms)
		AwakeInstancesAfterBackupRestoration (16ms)
Refreshing native plugins compatible for Editor in 53.31 ms, found 12 plugins.
Preloading 0 native plugins for Editor in 0.00 ms.
Unloading 50 Unused Serialized files (Serialized files now loaded: 0)
Unloading 7495 unused Assets / (5.3 MB). Loaded Objects now: 8303.
Memory consumption went from 219.9 MB to 214.5 MB.
Total: 24.747700 ms (FindLiveObjects: 2.774300 ms CreateObjectMapping: 3.246900 ms MarkObjects: 11.590600 ms  DeleteObjects: 7.134600 ms)

Prepare: number of updated asset objects reloaded= 0
========================================================================
Received Prepare
Refreshing native plugins compatible for Editor in 38.19 ms, found 12 plugins.
Preloading 0 native plugins for Editor in 0.00 ms.
Unloading 32 Unused Serialized files (Serialized files now loaded: 0)
Unloading 30 unused Assets / (4.5 MB). Loaded Objects now: 8305.
Memory consumption went from 162.5 MB to 157.9 MB.
Total: 15.141300 ms (FindLiveObjects: 0.959200 ms CreateObjectMapping: 1.105400 ms MarkObjects: 9.797500 ms  DeleteObjects: 3.276600 ms)

Prepare: number of updated asset objects reloaded= 0
========================================================================
Received Prepare
Begin MonoManager ReloadAssembly
- Loaded All Assemblies, in  1.152 seconds
'Packages/com.unity.xr.openxr/Runtime/OpenXRLoader.cs' contains partial class of Unity.Object, exactly 1 of the partial classes needs to be in a file with the same filename. This is to know the one that can be referenced from ie. GameObjects
'Packages/com.unity.xr.openxr/Runtime/OpenXRLoaderInternal.cs' contains partial class of Unity.Object, exactly 1 of the partial classes needs to be in a file with the same filename. This is to know the one that can be referenced from ie. GameObjects
Refreshing native plugins compatible for Editor in 31.37 ms, found 12 plugins.
Native extension for Android target not found
Native extension for UWP target not found
Native extension for WindowsStandalone target not found
[Package Manager] Failed to launch server process. Reason: Unity was launched with the -noUpm command-line argument
[Package Manager] Unable to send message (not connected to server process).
[Package Manager] Cannot connect to Unity Package Manager local server
[Package Manager] Failed to launch server process. Reason: Unity was launched with the -noUpm command-line argument
[Package Manager] Unable to send message (not connected to server process).
[Package Manager] Cannot connect to Unity Package Manager local server
System.Reflection.TargetInvocationException: Exception has been thrown by the target of an invocation. ---> System.TypeInitializationException: The type initializer for 'UnityEditor.XR.Interaction.Toolkit.Samples.Hands.Editor.HandsSampleProjectValidation' threw an exception. ---> System.NullReferenceException: Object reference not set to an instance of an object
  at Unity.XR.CoreUtils.Editor.PackageVersionUtility.UpdatePackageVersions () [0x00034] in .\Library\PackageCache\com.unity.xr.core-utils@c0df0dd5bced\Editor\ProjectValidation\PackageVersionUtility.cs:46 
  at Unity.XR.CoreUtils.Editor.PackageVersionUtility.GetPackageVersion (System.String packageName) [0x00011] in .\Library\PackageCache\com.unity.xr.core-utils@c0df0dd5bced\Editor\ProjectValidation\PackageVersionUtility.cs:67 
  at UnityEditor.XR.Interaction.Toolkit.Samples.Hands.Editor.HandsSampleProjectValidation..cctor () [0x00041] in D:\Carpetas del sistema NO BORRAR\GITHUB DESKTOP REPO\RealidadMixta_Iot_pruebas\Industria_IOT_MR_unity6\Assets\Samples\XR Interaction Toolkit\3.0.8\Hands Interaction Demo\Editor\Scripts\HandsSampleProjectValidation.cs:34 
   --- End of inner exception stack trace ---
  at (wrapper managed-to-native) System.Object.__icall_wrapper_mono_gc_wbarrier_generic_nostore_internal(intptr)
  at (wrapper write-barrier) System.Object.wbarrier_conc(intptr)
  at (wrapper managed-to-native) System.Reflection.RuntimeMethodInfo.InternalInvoke(System.Reflection.RuntimeMethodInfo,object,object[],System.Exception&)
  at System.Reflection.RuntimeMethodInfo.Invoke (System.Object obj, System.Reflection.BindingFlags invokeAttr, System.Reflection.Binder binder, System.Object[] parameters, System.Globalization.CultureInfo culture) [0x0006a] in <191a1970a53948f9819ac1d2e4f5c72e>:0 
   --- End of inner exception stack trace ---
  at System.Reflection.RuntimeMethodInfo.Invoke (System.Object obj, System.Reflection.BindingFlags invokeAttr, System.Reflection.Binder binder, System.Object[] parameters, System.Globalization.CultureInfo culture) [0x00083] in <191a1970a53948f9819ac1d2e4f5c72e>:0 
  at System.Reflection.MethodBase.Invoke (System.Object obj, System.Object[] parameters) [0x00000] in <191a1970a53948f9819ac1d2e4f5c72e>:0 
  at UnityEditor.EditorAssemblies.ProcessInitializeOnLoadMethodAttributes () [0x00056] in <2f9d421960d84dffaa88793de0f4b5f3>:0 
UnityEngine.Debug:ExtractStackTraceNoAlloc (byte*,int,string)
UnityEngine.StackTraceUtility:ExtractStackTrace ()
UnityEngine.DebugLogHandler:Internal_Log (UnityEngine.LogType,UnityEngine.LogOption,string,UnityEngine.Object)
UnityEngine.DebugLogHandler:LogFormat (UnityEngine.LogType,UnityEngine.Object,string,object[])
UnityEngine.Logger:Log (UnityEngine.LogType,object)
UnityEngine.Debug:LogError (object)
UnityEditor.EditorAssemblies:ProcessInitializeOnLoadMethodAttributes ()

Mono: successfully reloaded assembly
[Package Manager] Failed to launch server process. Reason: Unity was launched with the -noUpm command-line argument
[Package Manager] Unable to send message (not connected to server process).
[Package Manager] Cannot connect to Unity Package Manager local server
- Finished resetting the current domain, in  1.065 seconds
Domain Reload Profiling: 2198ms
	BeginReloadAssembly (281ms)
		ExecutionOrderSort (0ms)
		DisableScriptedObjects (8ms)
		BackupInstance (0ms)
		ReleaseScriptingObjects (0ms)
		CreateAndSetChildDomain (69ms)
	RebuildCommonClasses (41ms)
	RebuildNativeTypeToScriptingClass (12ms)
	initialDomainReloadingComplete (44ms)
	LoadAllAssembliesAndSetupDomain (755ms)
		LoadAssemblies (641ms)
		RebuildTransferFunctionScriptingTraits (0ms)
		AnalyzeDomain (249ms)
			TypeCache.Refresh (7ms)
				TypeCache.ScanAssembly (0ms)
			BuildScriptInfoCaches (218ms)
			ResolveRequiredComponents (20ms)
	FinalizeReload (1065ms)
		ReleaseScriptCaches (0ms)
		RebuildScriptCaches (0ms)
		SetupLoadedEditorAssemblies (817ms)
			LogAssemblyErrors (0ms)
			InitializePlatformSupportModulesInManaged (17ms)
			SetLoadedEditorAssemblies (6ms)
			BeforeProcessingInitializeOnLoad (204ms)
			ProcessInitializeOnLoadAttributes (429ms)
			ProcessInitializeOnLoadMethodAttributes (140ms)
			AfterProcessingInitializeOnLoad (21ms)
			EditorAssembliesLoaded (0ms)
		ExecutionOrderSort2 (0ms)
		AwakeInstancesAfterBackupRestoration (20ms)
Refreshing native plugins compatible for Editor in 40.07 ms, found 12 plugins.
Preloading 0 native plugins for Editor in 0.00 ms.
Unloading 50 Unused Serialized files (Serialized files now loaded: 0)
Unloading 7495 unused Assets / (9.6 MB). Loaded Objects now: 8308.
Memory consumption went from 196.8 MB to 187.2 MB.
Total: 24.357000 ms (FindLiveObjects: 1.556600 ms CreateObjectMapping: 2.809600 ms MarkObjects: 10.507100 ms  DeleteObjects: 9.481400 ms)

Prepare: number of updated asset objects reloaded= 85
========================================================================
Received Prepare
Refreshing native plugins compatible for Editor in 37.26 ms, found 12 plugins.
Preloading 0 native plugins for Editor in 0.00 ms.
Unloading 30 Unused Serialized files (Serialized files now loaded: 0)
Unloading 30 unused Assets / (4.6 MB). Loaded Objects now: 8308.
Memory consumption went from 162.7 MB to 158.1 MB.
Total: 15.052600 ms (FindLiveObjects: 0.918100 ms CreateObjectMapping: 0.923100 ms MarkObjects: 9.934600 ms  DeleteObjects: 3.273900 ms)

Prepare: number of updated asset objects reloaded= 0
========================================================================
Received Prepare
Begin MonoManager ReloadAssembly
- Loaded All Assemblies, in  1.108 seconds
'Packages/com.unity.xr.openxr/Runtime/OpenXRLoader.cs' contains partial class of Unity.Object, exactly 1 of the partial classes needs to be in a file with the same filename. This is to know the one that can be referenced from ie. GameObjects
'Packages/com.unity.xr.openxr/Runtime/OpenXRLoaderInternal.cs' contains partial class of Unity.Object, exactly 1 of the partial classes needs to be in a file with the same filename. This is to know the one that can be referenced from ie. GameObjects
Refreshing native plugins compatible for Editor in 22.29 ms, found 12 plugins.
Native extension for Android target not found
Native extension for UWP target not found
Native extension for WindowsStandalone target not found
[Package Manager] Failed to launch server process. Reason: Unity was launched with the -noUpm command-line argument
[Package Manager] Unable to send message (not connected to server process).
[Package Manager] Cannot connect to Unity Package Manager local server
[Package Manager] Failed to launch server process. Reason: Unity was launched with the -noUpm command-line argument
[Package Manager] Unable to send message (not connected to server process).
[Package Manager] Cannot connect to Unity Package Manager local server
System.Reflection.TargetInvocationException: Exception has been thrown by the target of an invocation. ---> System.TypeInitializationException: The type initializer for 'UnityEditor.XR.Interaction.Toolkit.Samples.Hands.Editor.HandsSampleProjectValidation' threw an exception. ---> System.NullReferenceException: Object reference not set to an instance of an object
  at Unity.XR.CoreUtils.Editor.PackageVersionUtility.UpdatePackageVersions () [0x00034] in .\Library\PackageCache\com.unity.xr.core-utils@c0df0dd5bced\Editor\ProjectValidation\PackageVersionUtility.cs:46 
  at Unity.XR.CoreUtils.Editor.PackageVersionUtility.GetPackageVersion (System.String packageName) [0x00011] in .\Library\PackageCache\com.unity.xr.core-utils@c0df0dd5bced\Editor\ProjectValidation\PackageVersionUtility.cs:67 
  at UnityEditor.XR.Interaction.Toolkit.Samples.Hands.Editor.HandsSampleProjectValidation..cctor () [0x00041] in D:\Carpetas del sistema NO BORRAR\GITHUB DESKTOP REPO\RealidadMixta_Iot_pruebas\Industria_IOT_MR_unity6\Assets\Samples\XR Interaction Toolkit\3.0.8\Hands Interaction Demo\Editor\Scripts\HandsSampleProjectValidation.cs:34 
   --- End of inner exception stack trace ---
  at (wrapper managed-to-native) System.Object.__icall_wrapper_mono_gc_wbarrier_generic_nostore_internal(intptr)
  at (wrapper write-barrier) System.Object.wbarrier_conc(intptr)
  at (wrapper managed-to-native) System.Reflection.RuntimeMethodInfo.InternalInvoke(System.Reflection.RuntimeMethodInfo,object,object[],System.Exception&)
  at System.Reflection.RuntimeMethodInfo.Invoke (System.Object obj, System.Reflection.BindingFlags invokeAttr, System.Reflection.Binder binder, System.Object[] parameters, System.Globalization.CultureInfo culture) [0x0006a] in <191a1970a53948f9819ac1d2e4f5c72e>:0 
   --- End of inner exception stack trace ---
  at System.Reflection.RuntimeMethodInfo.Invoke (System.Object obj, System.Reflection.BindingFlags invokeAttr, System.Reflection.Binder binder, System.Object[] parameters, System.Globalization.CultureInfo culture) [0x00083] in <191a1970a53948f9819ac1d2e4f5c72e>:0 
  at System.Reflection.MethodBase.Invoke (System.Object obj, System.Object[] parameters) [0x00000] in <191a1970a53948f9819ac1d2e4f5c72e>:0 
  at UnityEditor.EditorAssemblies.ProcessInitializeOnLoadMethodAttributes () [0x00056] in <2f9d421960d84dffaa88793de0f4b5f3>:0 
UnityEngine.Debug:ExtractStackTraceNoAlloc (byte*,int,string)
UnityEngine.StackTraceUtility:ExtractStackTrace ()
UnityEngine.DebugLogHandler:Internal_Log (UnityEngine.LogType,UnityEngine.LogOption,string,UnityEngine.Object)
UnityEngine.DebugLogHandler:LogFormat (UnityEngine.LogType,UnityEngine.Object,string,object[])
UnityEngine.Logger:Log (UnityEngine.LogType,object)
UnityEngine.Debug:LogError (object)
UnityEditor.EditorAssemblies:ProcessInitializeOnLoadMethodAttributes ()

Mono: successfully reloaded assembly
[Package Manager] Failed to launch server process. Reason: Unity was launched with the -noUpm command-line argument
[Package Manager] Unable to send message (not connected to server process).
[Package Manager] Cannot connect to Unity Package Manager local server
- Finished resetting the current domain, in  1.090 seconds
Domain Reload Profiling: 2176ms
	BeginReloadAssembly (274ms)
		ExecutionOrderSort (0ms)
		DisableScriptedObjects (8ms)
		BackupInstance (0ms)
		ReleaseScriptingObjects (0ms)
		CreateAndSetChildDomain (65ms)
	RebuildCommonClasses (37ms)
	RebuildNativeTypeToScriptingClass (12ms)
	initialDomainReloadingComplete (44ms)
	LoadAllAssembliesAndSetupDomain (719ms)
		LoadAssemblies (594ms)
		RebuildTransferFunctionScriptingTraits (0ms)
		AnalyzeDomain (257ms)
			TypeCache.Refresh (6ms)
				TypeCache.ScanAssembly (0ms)
			BuildScriptInfoCaches (230ms)
			ResolveRequiredComponents (17ms)
	FinalizeReload (1090ms)
		ReleaseScriptCaches (0ms)
		RebuildScriptCaches (0ms)
		SetupLoadedEditorAssemblies (851ms)
			LogAssemblyErrors (0ms)
			InitializePlatformSupportModulesInManaged (16ms)
			SetLoadedEditorAssemblies (6ms)
			BeforeProcessingInitializeOnLoad (224ms)
			ProcessInitializeOnLoadAttributes (444ms)
			ProcessInitializeOnLoadMethodAttributes (141ms)
			AfterProcessingInitializeOnLoad (19ms)
			EditorAssembliesLoaded (1ms)
		ExecutionOrderSort2 (0ms)
		AwakeInstancesAfterBackupRestoration (14ms)
Refreshing native plugins compatible for Editor in 41.42 ms, found 12 plugins.
Preloading 0 native plugins for Editor in 0.00 ms.
Unloading 50 Unused Serialized files (Serialized files now loaded: 0)
Unloading 7495 unused Assets / (9.0 MB). Loaded Objects now: 8311.
Memory consumption went from 196.8 MB to 187.8 MB.
Total: 24.222900 ms (FindLiveObjects: 1.379300 ms CreateObjectMapping: 2.208100 ms MarkObjects: 10.581900 ms  DeleteObjects: 10.051900 ms)

Prepare: number of updated asset objects reloaded= 0
========================================================================
Received Prepare
Refreshing native plugins compatible for Editor in 55.18 ms, found 12 plugins.
Preloading 0 native plugins for Editor in 0.00 ms.
Unloading 30 Unused Serialized files (Serialized files now loaded: 0)
Unloading 30 unused Assets / (4.5 MB). Loaded Objects now: 8311.
Memory consumption went from 162.4 MB to 157.9 MB.
Total: 16.295300 ms (FindLiveObjects: 0.869700 ms CreateObjectMapping: 1.138400 ms MarkObjects: 10.653400 ms  DeleteObjects: 3.632100 ms)

Prepare: number of updated asset objects reloaded= 0
========================================================================
Received Import Request.
  Time since last request: 1322.563424 seconds.
  path: Assets/Samples/XR Interaction Toolkit/3.0.8/Starter Assets/Presets/XRI Default Continuous Move.preset
  artifactKey: Guid(27c5945ad36f6f147bc402250679a228) Importer(815301076,1909f56bfc062723c751e8b465ee728b)
Start importing Assets/Samples/XR Interaction Toolkit/3.0.8/Starter Assets/Presets/XRI Default Continuous Move.preset using Guid(27c5945ad36f6f147bc402250679a228) Importer(815301076,1909f56bfc062723c751e8b465ee728b) (PreviewImporter) -> (artifact id: '1c5d1726be41d48b433e8adb3cc55e48') in 0.0366579 seconds
Number of updated asset objects reloaded before import = 0Number of asset objects unloaded after import = 4

========================================================================
Received Import Request.
  Time since last request: 3.250000 seconds.
  path: Assets/Samples/XR Interaction Toolkit/3.0.8/Starter Assets/Presets/XRI Default Continuous Turn.preset
  artifactKey: Guid(735a78fc7c2a98a4e85e0e42bf895f48) Importer(815301076,1909f56bfc062723c751e8b465ee728b)
Start importing Assets/Samples/XR Interaction Toolkit/3.0.8/Starter Assets/Presets/XRI Default Continuous Turn.preset using Guid(735a78fc7c2a98a4e85e0e42bf895f48) Importer(815301076,1909f56bfc062723c751e8b465ee728b) (PreviewImporter) -> (artifact id: '916d0c4432a4898b715f09f19742e976') in 0.0036504 seconds
Number of updated asset objects reloaded before import = 0Number of asset objects unloaded after import = 4

========================================================================
Received Import Request.
  Time since last request: 1.258695 seconds.
  path: Assets/Samples/XR Interaction Toolkit/3.0.8/Starter Assets/Presets/XRI Default Dynamic Move.preset
  artifactKey: Guid(da25954ba1a2e604294f2ccda1d6372c) Importer(815301076,1909f56bfc062723c751e8b465ee728b)
Start importing Assets/Samples/XR Interaction Toolkit/3.0.8/Starter Assets/Presets/XRI Default Dynamic Move.preset using Guid(da25954ba1a2e604294f2ccda1d6372c) Importer(815301076,1909f56bfc062723c751e8b465ee728b) (PreviewImporter) -> (artifact id: '272ee0eea8ee4ae0f801502d1ef6e0f9') in 0.0056203 seconds
Number of updated asset objects reloaded before import = 0Number of asset objects unloaded after import = 4

========================================================================
Received Import Request.
  Time since last request: 6.784482 seconds.
  path: Assets/Samples/XR Interaction Toolkit/3.0.8/Starter Assets/Presets/XRI Default Right Controller InputActionManager.preset
  artifactKey: Guid(55f7614a1d331d14bb631965514937d8) Importer(815301076,1909f56bfc062723c751e8b465ee728b)
Start importing Assets/Samples/XR Interaction Toolkit/3.0.8/Starter Assets/Presets/XRI Default Right Controller InputActionManager.preset using Guid(55f7614a1d331d14bb631965514937d8) Importer(815301076,1909f56bfc062723c751e8b465ee728b) (PreviewImporter) -> (artifact id: 'a1bb98c348372b56049d80433a743ee3') in 0.0041996 seconds
Number of updated asset objects reloaded before import = 0Number of asset objects unloaded after import = 8

========================================================================
Received Import Request.
  Time since last request: 53.648417 seconds.
  path: Assets/Samples/XR Interaction Toolkit/3.0.8/Starter Assets/Presets/XRI Default Left Controller InputActionManager.preset
  artifactKey: Guid(c3d4ecc12d5e0f14c93fd734af32ab63) Importer(815301076,1909f56bfc062723c751e8b465ee728b)
Start importing Assets/Samples/XR Interaction Toolkit/3.0.8/Starter Assets/Presets/XRI Default Left Controller InputActionManager.preset using Guid(c3d4ecc12d5e0f14c93fd734af32ab63) Importer(815301076,1909f56bfc062723c751e8b465ee728b) (PreviewImporter) -> (artifact id: '6009e549894f428f1245018a793a97b8') in 0.0030767 seconds
Number of updated asset objects reloaded before import = 0Number of asset objects unloaded after import = 8

========================================================================
Received Import Request.
  Time since last request: 83.892664 seconds.
  path: Assets/Samples/XR Interaction Toolkit/3.0.8/Starter Assets/Presets/XRI Default Snap Turn.preset
  artifactKey: Guid(5d3a60dbf2f04694f9060712df89debb) Importer(815301076,1909f56bfc062723c751e8b465ee728b)
Start importing Assets/Samples/XR Interaction Toolkit/3.0.8/Starter Assets/Presets/XRI Default Snap Turn.preset using Guid(5d3a60dbf2f04694f9060712df89debb) Importer(815301076,1909f56bfc062723c751e8b465ee728b) (PreviewImporter) -> (artifact id: '7eb752f38973bb58ddf5ded9d41b89db') in 0.0036188 seconds
Number of updated asset objects reloaded before import = 0Number of asset objects unloaded after import = 4

========================================================================
Received Import Request.
  Time since last request: 3.188002 seconds.
  path: Assets/Samples/XR Interaction Toolkit/3.0.8/Starter Assets/Presets/XRI Default XR UI Input Module.preset
  artifactKey: Guid(2c3e7ff9ab352b74da862a5a8779b276) Importer(815301076,1909f56bfc062723c751e8b465ee728b)
Start importing Assets/Samples/XR Interaction Toolkit/3.0.8/Starter Assets/Presets/XRI Default XR UI Input Module.preset using Guid(2c3e7ff9ab352b74da862a5a8779b276) Importer(815301076,1909f56bfc062723c751e8b465ee728b) (PreviewImporter) -> (artifact id: 'e11e5aa27c0fb6ad601270d4daf87f8a') in 0.0046086 seconds
Number of updated asset objects reloaded before import = 0Number of asset objects unloaded after import = 10

========================================================================
Received Import Request.
  Time since last request: 20.056821 seconds.
  path: Assets/Samples/XR Interaction Toolkit/3.0.8/Starter Assets/XRI Default Input Actions.inputactions
  artifactKey: Guid(c348712bda248c246b8c49b3db54643f) Importer(815301076,1909f56bfc062723c751e8b465ee728b)
Start importing Assets/Samples/XR Interaction Toolkit/3.0.8/Starter Assets/XRI Default Input Actions.inputactions using Guid(c348712bda248c246b8c49b3db54643f) Importer(815301076,1909f56bfc062723c751e8b465ee728b) (PreviewImporter) -> (artifact id: 'de6b225505efc0dbad0267e1e1ab4b08') in 0.0128468 seconds
Number of updated asset objects reloaded before import = 0Number of asset objects unloaded after import = 92

========================================================================
Received Prepare
Begin MonoManager ReloadAssembly
- Loaded All Assemblies, in  1.207 seconds
'Packages/com.unity.xr.openxr/Runtime/OpenXRLoader.cs' contains partial class of Unity.Object, exactly 1 of the partial classes needs to be in a file with the same filename. This is to know the one that can be referenced from ie. GameObjects
'Packages/com.unity.xr.openxr/Runtime/OpenXRLoaderInternal.cs' contains partial class of Unity.Object, exactly 1 of the partial classes needs to be in a file with the same filename. This is to know the one that can be referenced from ie. GameObjects
Refreshing native plugins compatible for Editor in 20.46 ms, found 12 plugins.
Native extension for Android target not found
Native extension for UWP target not found
Native extension for WindowsStandalone target not found
[Package Manager] Failed to launch server process. Reason: Unity was launched with the -noUpm command-line argument
[Package Manager] Unable to send message (not connected to server process).
[Package Manager] Cannot connect to Unity Package Manager local server
[Package Manager] Failed to launch server process. Reason: Unity was launched with the -noUpm command-line argument
[Package Manager] Unable to send message (not connected to server process).
[Package Manager] Cannot connect to Unity Package Manager local server
System.Reflection.TargetInvocationException: Exception has been thrown by the target of an invocation. ---> System.TypeInitializationException: The type initializer for 'UnityEditor.XR.Interaction.Toolkit.Samples.Hands.Editor.HandsSampleProjectValidation' threw an exception. ---> System.NullReferenceException: Object reference not set to an instance of an object
  at Unity.XR.CoreUtils.Editor.PackageVersionUtility.UpdatePackageVersions () [0x00034] in .\Library\PackageCache\com.unity.xr.core-utils@c0df0dd5bced\Editor\ProjectValidation\PackageVersionUtility.cs:46 
  at Unity.XR.CoreUtils.Editor.PackageVersionUtility.GetPackageVersion (System.String packageName) [0x00011] in .\Library\PackageCache\com.unity.xr.core-utils@c0df0dd5bced\Editor\ProjectValidation\PackageVersionUtility.cs:67 
  at UnityEditor.XR.Interaction.Toolkit.Samples.Hands.Editor.HandsSampleProjectValidation..cctor () [0x00041] in D:\Carpetas del sistema NO BORRAR\GITHUB DESKTOP REPO\RealidadMixta_Iot_pruebas\Industria_IOT_MR_unity6\Assets\Samples\XR Interaction Toolkit\3.0.8\Hands Interaction Demo\Editor\Scripts\HandsSampleProjectValidation.cs:34 
   --- End of inner exception stack trace ---
  at (wrapper managed-to-native) System.Object.__icall_wrapper_mono_gc_wbarrier_generic_nostore_internal(intptr)
  at (wrapper write-barrier) System.Object.wbarrier_conc(intptr)
  at (wrapper managed-to-native) System.Reflection.RuntimeMethodInfo.InternalInvoke(System.Reflection.RuntimeMethodInfo,object,object[],System.Exception&)
  at System.Reflection.RuntimeMethodInfo.Invoke (System.Object obj, System.Reflection.BindingFlags invokeAttr, System.Reflection.Binder binder, System.Object[] parameters, System.Globalization.CultureInfo culture) [0x0006a] in <191a1970a53948f9819ac1d2e4f5c72e>:0 
   --- End of inner exception stack trace ---
  at System.Reflection.RuntimeMethodInfo.Invoke (System.Object obj, System.Reflection.BindingFlags invokeAttr, System.Reflection.Binder binder, System.Object[] parameters, System.Globalization.CultureInfo culture) [0x00083] in <191a1970a53948f9819ac1d2e4f5c72e>:0 
  at System.Reflection.MethodBase.Invoke (System.Object obj, System.Object[] parameters) [0x00000] in <191a1970a53948f9819ac1d2e4f5c72e>:0 
  at UnityEditor.EditorAssemblies.ProcessInitializeOnLoadMethodAttributes () [0x00056] in <2f9d421960d84dffaa88793de0f4b5f3>:0 
UnityEngine.Debug:ExtractStackTraceNoAlloc (byte*,int,string)
UnityEngine.StackTraceUtility:ExtractStackTrace ()
UnityEngine.DebugLogHandler:Internal_Log (UnityEngine.LogType,UnityEngine.LogOption,string,UnityEngine.Object)
UnityEngine.DebugLogHandler:LogFormat (UnityEngine.LogType,UnityEngine.Object,string,object[])
UnityEngine.Logger:Log (UnityEngine.LogType,object)
UnityEngine.Debug:LogError (object)
UnityEditor.EditorAssemblies:ProcessInitializeOnLoadMethodAttributes ()

Mono: successfully reloaded assembly
[Package Manager] Failed to launch server process. Reason: Unity was launched with the -noUpm command-line argument
[Package Manager] Unable to send message (not connected to server process).
[Package Manager] Cannot connect to Unity Package Manager local server
- Finished resetting the current domain, in  1.091 seconds
Domain Reload Profiling: 2273ms
	BeginReloadAssembly (326ms)
		ExecutionOrderSort (0ms)
		DisableScriptedObjects (6ms)
		BackupInstance (0ms)
		ReleaseScriptingObjects (0ms)
		CreateAndSetChildDomain (68ms)
	RebuildCommonClasses (44ms)
	RebuildNativeTypeToScriptingClass (14ms)
	initialDomainReloadingComplete (55ms)
	LoadAllAssembliesAndSetupDomain (743ms)
		LoadAssemblies (662ms)
		RebuildTransferFunctionScriptingTraits (0ms)
		AnalyzeDomain (258ms)
			TypeCache.Refresh (8ms)
				TypeCache.ScanAssembly (0ms)
			BuildScriptInfoCaches (228ms)
			ResolveRequiredComponents (18ms)
	FinalizeReload (1091ms)
		ReleaseScriptCaches (0ms)
		RebuildScriptCaches (0ms)
		SetupLoadedEditorAssemblies (833ms)
			LogAssemblyErrors (0ms)
			InitializePlatformSupportModulesInManaged (14ms)
			SetLoadedEditorAssemblies (6ms)
			BeforeProcessingInitializeOnLoad (211ms)
			ProcessInitializeOnLoadAttributes (435ms)
			ProcessInitializeOnLoadMethodAttributes (149ms)
			AfterProcessingInitializeOnLoad (18ms)
			EditorAssembliesLoaded (1ms)
		ExecutionOrderSort2 (0ms)
		AwakeInstancesAfterBackupRestoration (17ms)
Refreshing native plugins compatible for Editor in 43.34 ms, found 12 plugins.
Preloading 0 native plugins for Editor in 0.00 ms.
Unloading 50 Unused Serialized files (Serialized files now loaded: 0)
Unloading 7495 unused Assets / (8.8 MB). Loaded Objects now: 8314.
Memory consumption went from 196.9 MB to 188.1 MB.
Total: 24.122500 ms (FindLiveObjects: 1.663400 ms CreateObjectMapping: 2.608200 ms MarkObjects: 10.836300 ms  DeleteObjects: 9.012700 ms)

Prepare: number of updated asset objects reloaded= 0
========================================================================
Received Prepare
Refreshing native plugins compatible for Editor in 36.54 ms, found 12 plugins.
Preloading 0 native plugins for Editor in 0.00 ms.
Unloading 30 Unused Serialized files (Serialized files now loaded: 0)
Unloading 30 unused Assets / (4.5 MB). Loaded Objects now: 8314.
Memory consumption went from 162.5 MB to 157.9 MB.
Total: 16.260300 ms (FindLiveObjects: 0.856500 ms CreateObjectMapping: 1.218500 ms MarkObjects: 10.687300 ms  DeleteObjects: 3.495700 ms)

Prepare: number of updated asset objects reloaded= 0
========================================================================
Received Prepare
Begin MonoManager ReloadAssembly
- Loaded All Assemblies, in  1.155 seconds
'Packages/com.unity.xr.openxr/Runtime/OpenXRLoader.cs' contains partial class of Unity.Object, exactly 1 of the partial classes needs to be in a file with the same filename. This is to know the one that can be referenced from ie. GameObjects
'Packages/com.unity.xr.openxr/Runtime/OpenXRLoaderInternal.cs' contains partial class of Unity.Object, exactly 1 of the partial classes needs to be in a file with the same filename. This is to know the one that can be referenced from ie. GameObjects
Refreshing native plugins compatible for Editor in 21.85 ms, found 12 plugins.
Native extension for Android target not found
Native extension for UWP target not found
Native extension for WindowsStandalone target not found
[Package Manager] Failed to launch server process. Reason: Unity was launched with the -noUpm command-line argument
[Package Manager] Unable to send message (not connected to server process).
[Package Manager] Cannot connect to Unity Package Manager local server
[Package Manager] Failed to launch server process. Reason: Unity was launched with the -noUpm command-line argument
[Package Manager] Unable to send message (not connected to server process).
[Package Manager] Cannot connect to Unity Package Manager local server
System.Reflection.TargetInvocationException: Exception has been thrown by the target of an invocation. ---> System.TypeInitializationException: The type initializer for 'UnityEditor.XR.Interaction.Toolkit.Samples.Hands.Editor.HandsSampleProjectValidation' threw an exception. ---> System.NullReferenceException: Object reference not set to an instance of an object
  at Unity.XR.CoreUtils.Editor.PackageVersionUtility.UpdatePackageVersions () [0x00034] in .\Library\PackageCache\com.unity.xr.core-utils@c0df0dd5bced\Editor\ProjectValidation\PackageVersionUtility.cs:46 
  at Unity.XR.CoreUtils.Editor.PackageVersionUtility.GetPackageVersion (System.String packageName) [0x00011] in .\Library\PackageCache\com.unity.xr.core-utils@c0df0dd5bced\Editor\ProjectValidation\PackageVersionUtility.cs:67 
  at UnityEditor.XR.Interaction.Toolkit.Samples.Hands.Editor.HandsSampleProjectValidation..cctor () [0x00041] in D:\Carpetas del sistema NO BORRAR\GITHUB DESKTOP REPO\RealidadMixta_Iot_pruebas\Industria_IOT_MR_unity6\Assets\Samples\XR Interaction Toolkit\3.0.8\Hands Interaction Demo\Editor\Scripts\HandsSampleProjectValidation.cs:34 
   --- End of inner exception stack trace ---
  at (wrapper managed-to-native) System.Object.__icall_wrapper_mono_gc_wbarrier_generic_nostore_internal(intptr)
  at (wrapper write-barrier) System.Object.wbarrier_conc(intptr)
  at (wrapper managed-to-native) System.Reflection.RuntimeMethodInfo.InternalInvoke(System.Reflection.RuntimeMethodInfo,object,object[],System.Exception&)
  at System.Reflection.RuntimeMethodInfo.Invoke (System.Object obj, System.Reflection.BindingFlags invokeAttr, System.Reflection.Binder binder, System.Object[] parameters, System.Globalization.CultureInfo culture) [0x0006a] in <191a1970a53948f9819ac1d2e4f5c72e>:0 
   --- End of inner exception stack trace ---
  at System.Reflection.RuntimeMethodInfo.Invoke (System.Object obj, System.Reflection.BindingFlags invokeAttr, System.Reflection.Binder binder, System.Object[] parameters, System.Globalization.CultureInfo culture) [0x00083] in <191a1970a53948f9819ac1d2e4f5c72e>:0 
  at System.Reflection.MethodBase.Invoke (System.Object obj, System.Object[] parameters) [0x00000] in <191a1970a53948f9819ac1d2e4f5c72e>:0 
  at UnityEditor.EditorAssemblies.ProcessInitializeOnLoadMethodAttributes () [0x00056] in <2f9d421960d84dffaa88793de0f4b5f3>:0 
UnityEngine.Debug:ExtractStackTraceNoAlloc (byte*,int,string)
UnityEngine.StackTraceUtility:ExtractStackTrace ()
UnityEngine.DebugLogHandler:Internal_Log (UnityEngine.LogType,UnityEngine.LogOption,string,UnityEngine.Object)
UnityEngine.DebugLogHandler:LogFormat (UnityEngine.LogType,UnityEngine.Object,string,object[])
UnityEngine.Logger:Log (UnityEngine.LogType,object)
UnityEngine.Debug:LogError (object)
UnityEditor.EditorAssemblies:ProcessInitializeOnLoadMethodAttributes ()

Mono: successfully reloaded assembly
[Package Manager] Failed to launch server process. Reason: Unity was launched with the -noUpm command-line argument
[Package Manager] Unable to send message (not connected to server process).
[Package Manager] Cannot connect to Unity Package Manager local server
- Finished resetting the current domain, in  1.069 seconds
Domain Reload Profiling: 2204ms
	BeginReloadAssembly (279ms)
		ExecutionOrderSort (0ms)
		DisableScriptedObjects (6ms)
		BackupInstance (0ms)
		ReleaseScriptingObjects (0ms)
		CreateAndSetChildDomain (66ms)
	RebuildCommonClasses (37ms)
	RebuildNativeTypeToScriptingClass (16ms)
	initialDomainReloadingComplete (43ms)
	LoadAllAssembliesAndSetupDomain (760ms)
		LoadAssemblies (625ms)
		RebuildTransferFunctionScriptingTraits (0ms)
		AnalyzeDomain (268ms)
			TypeCache.Refresh (7ms)
				TypeCache.ScanAssembly (0ms)
			BuildScriptInfoCaches (241ms)
			ResolveRequiredComponents (16ms)
	FinalizeReload (1069ms)
		ReleaseScriptCaches (0ms)
		RebuildScriptCaches (0ms)
		SetupLoadedEditorAssemblies (824ms)
			LogAssemblyErrors (0ms)
			InitializePlatformSupportModulesInManaged (15ms)
			SetLoadedEditorAssemblies (6ms)
			BeforeProcessingInitializeOnLoad (216ms)
			ProcessInitializeOnLoadAttributes (426ms)
			ProcessInitializeOnLoadMethodAttributes (142ms)
			AfterProcessingInitializeOnLoad (19ms)
			EditorAssembliesLoaded (1ms)
		ExecutionOrderSort2 (0ms)
		AwakeInstancesAfterBackupRestoration (21ms)
Refreshing native plugins compatible for Editor in 38.17 ms, found 12 plugins.
Preloading 0 native plugins for Editor in 0.00 ms.
Unloading 50 Unused Serialized files (Serialized files now loaded: 0)
Unloading 7495 unused Assets / (8.1 MB). Loaded Objects now: 8317.
Memory consumption went from 196.8 MB to 188.7 MB.
Total: 24.225100 ms (FindLiveObjects: 1.865800 ms CreateObjectMapping: 2.804500 ms MarkObjects: 9.961500 ms  DeleteObjects: 9.589100 ms)

Prepare: number of updated asset objects reloaded= 0
========================================================================
Received Prepare
Refreshing native plugins compatible for Editor in 35.68 ms, found 12 plugins.
Preloading 0 native plugins for Editor in 0.00 ms.
Unloading 30 Unused Serialized files (Serialized files now loaded: 0)
Unloading 30 unused Assets / (4.6 MB). Loaded Objects now: 8317.
Memory consumption went from 162.5 MB to 157.9 MB.
Total: 14.817500 ms (FindLiveObjects: 0.791700 ms CreateObjectMapping: 1.007600 ms MarkObjects: 9.945200 ms  DeleteObjects: 3.070600 ms)

Prepare: number of updated asset objects reloaded= 0
========================================================================
Received Import Request.
  Time since last request: 662.379866 seconds.
  path: Assets/Samples/XR Hands
  artifactKey: Guid(a4cde0b25ceb86043a167c96a72d73b5) Importer(815301076,1909f56bfc062723c751e8b465ee728b)
Start importing Assets/Samples/XR Hands using Guid(a4cde0b25ceb86043a167c96a72d73b5) Importer(815301076,1909f56bfc062723c751e8b465ee728b) (PreviewImporter) -> (artifact id: '07509fd5fef420df394b82b21603d2ce') in 0.0082107 seconds
Number of updated asset objects reloaded before import = 0Number of asset objects unloaded after import = 0

========================================================================
Received Import Request.
  Time since last request: 0.783486 seconds.
  path: Assets/Samples/XR Hands/1.5.0
  artifactKey: Guid(9d3a525d5668ee94798bdced9e8dd000) Importer(815301076,1909f56bfc062723c751e8b465ee728b)
Start importing Assets/Samples/XR Hands/1.5.0 using Guid(9d3a525d5668ee94798bdced9e8dd000) Importer(815301076,1909f56bfc062723c751e8b465ee728b) (PreviewImporter) -> (artifact id: 'ea3715a485b57a5e3b92befc093eb8c1') in 0.0009507 seconds
Number of updated asset objects reloaded before import = 0Number of asset objects unloaded after import = 0

========================================================================
Received Import Request.
  Time since last request: 1.793649 seconds.
  path: Assets/Samples/XR Hands/1.5.0/HandVisualizer/HandVisualizer.unity
  artifactKey: Guid(ab7acf0d9677fbe4db51bc36647d4fcb) Importer(815301076,1909f56bfc062723c751e8b465ee728b)
Start importing Assets/Samples/XR Hands/1.5.0/HandVisualizer/HandVisualizer.unity using Guid(ab7acf0d9677fbe4db51bc36647d4fcb) Importer(815301076,1909f56bfc062723c751e8b465ee728b) (PreviewImporter) -> (artifact id: 'cec5098d869991eba67b73db8e8a7b4c') in 0.0007314 seconds
Number of updated asset objects reloaded before import = 0Number of asset objects unloaded after import = 0

========================================================================
Received Import Request.
  Time since last request: 4.848363 seconds.
  path: Assets/XR/Settings/OpenXR Editor Settings.asset
  artifactKey: Guid(44e23477af524f842b84f88cbed71d84) Importer(815301076,1909f56bfc062723c751e8b465ee728b)
Start importing Assets/XR/Settings/OpenXR Editor Settings.asset using Guid(44e23477af524f842b84f88cbed71d84) Importer(815301076,1909f56bfc062723c751e8b465ee728b) (PreviewImporter) -> (artifact id: '5186dd9fd9073b45dae2b8665621e249') in 0.0209668 seconds
Number of updated asset objects reloaded before import = 0Number of asset objects unloaded after import = 1

========================================================================
Received Import Request.
  Time since last request: 0.000030 seconds.
  path: Assets/Samples/XR Interaction Toolkit/3.0.8/Hands Interaction Demo/Prefabs/XR Origin Hands (XR Rig).prefab
  artifactKey: Guid(d6878e1999eb4b44a9f5a263af86c185) Importer(815301076,1909f56bfc062723c751e8b465ee728b)
Start importing Assets/Samples/XR Interaction Toolkit/3.0.8/Hands Interaction Demo/Prefabs/XR Origin Hands (XR Rig).prefab using Guid(d6878e1999eb4b44a9f5a263af86c185) Importer(815301076,1909f56bfc062723c751e8b465ee728b) (PreviewImporter) -> (artifact id: '6c7f1c7fc17bad2feee9666698996a53') in 0.8826013 seconds
Number of updated asset objects reloaded before import = 0Number of asset objects unloaded after import = 1298

========================================================================
Received Import Request.
  Time since last request: 0.000088 seconds.
  path: Assets/Samples/XR Interaction Toolkit/3.0.8/Starter Assets/Prefabs/Controllers/XR Controller Left.prefab
  artifactKey: Guid(1392f805216c47742996d4742c80721c) Importer(815301076,1909f56bfc062723c751e8b465ee728b)
Start importing Assets/Samples/XR Interaction Toolkit/3.0.8/Starter Assets/Prefabs/Controllers/XR Controller Left.prefab using Guid(1392f805216c47742996d4742c80721c) Importer(815301076,1909f56bfc062723c751e8b465ee728b) (PreviewImporter) -> (artifact id: 'b82cd060653a68eba88e25bcaeaa1ea4') in 0.0545877 seconds
Number of updated asset objects reloaded before import = 0Number of asset objects unloaded after import = 61

========================================================================
Received Import Request.
  Time since last request: 0.000036 seconds.
  path: Assets/XR/Loaders/OpenXRLoader.asset
  artifactKey: Guid(7215f4a744857884eab394f785f42acf) Importer(815301076,1909f56bfc062723c751e8b465ee728b)
Start importing Assets/XR/Loaders/OpenXRLoader.asset using Guid(7215f4a744857884eab394f785f42acf) Importer(815301076,1909f56bfc062723c751e8b465ee728b) (PreviewImporter) -> (artifact id: '570994ba85d13bb3939b9ed3ba1ef881') in 0.0013623 seconds
Number of updated asset objects reloaded before import = 0Number of asset objects unloaded after import = 0

========================================================================
Received Prepare
Begin MonoManager ReloadAssembly
- Loaded All Assemblies, in  1.325 seconds
'Packages/com.unity.xr.openxr/Runtime/OpenXRLoader.cs' contains partial class of Unity.Object, exactly 1 of the partial classes needs to be in a file with the same filename. This is to know the one that can be referenced from ie. GameObjects
'Packages/com.unity.xr.openxr/Runtime/OpenXRLoaderInternal.cs' contains partial class of Unity.Object, exactly 1 of the partial classes needs to be in a file with the same filename. This is to know the one that can be referenced from ie. GameObjects
Refreshing native plugins compatible for Editor in 23.30 ms, found 12 plugins.
Native extension for Android target not found
Native extension for UWP target not found
Native extension for WindowsStandalone target not found
[Package Manager] Failed to launch server process. Reason: Unity was launched with the -noUpm command-line argument
[Package Manager] Unable to send message (not connected to server process).
[Package Manager] Cannot connect to Unity Package Manager local server
[Package Manager] Failed to launch server process. Reason: Unity was launched with the -noUpm command-line argument
[Package Manager] Unable to send message (not connected to server process).
[Package Manager] Cannot connect to Unity Package Manager local server
System.Reflection.TargetInvocationException: Exception has been thrown by the target of an invocation. ---> System.TypeInitializationException: The type initializer for 'UnityEditor.XR.Interaction.Toolkit.Samples.Hands.Editor.HandsSampleProjectValidation' threw an exception. ---> System.NullReferenceException: Object reference not set to an instance of an object
  at Unity.XR.CoreUtils.Editor.PackageVersionUtility.UpdatePackageVersions () [0x00034] in .\Library\PackageCache\com.unity.xr.core-utils@c0df0dd5bced\Editor\ProjectValidation\PackageVersionUtility.cs:46 
  at Unity.XR.CoreUtils.Editor.PackageVersionUtility.GetPackageVersion (System.String packageName) [0x00011] in .\Library\PackageCache\com.unity.xr.core-utils@c0df0dd5bced\Editor\ProjectValidation\PackageVersionUtility.cs:67 
  at UnityEditor.XR.Interaction.Toolkit.Samples.Hands.Editor.HandsSampleProjectValidation..cctor () [0x00041] in D:\Carpetas del sistema NO BORRAR\GITHUB DESKTOP REPO\RealidadMixta_Iot_pruebas\Industria_IOT_MR_unity6\Assets\Samples\XR Interaction Toolkit\3.0.8\Hands Interaction Demo\Editor\Scripts\HandsSampleProjectValidation.cs:34 
   --- End of inner exception stack trace ---
  at (wrapper managed-to-native) System.Object.__icall_wrapper_mono_gc_wbarrier_generic_nostore_internal(intptr)
  at (wrapper write-barrier) System.Object.wbarrier_conc(intptr)
  at (wrapper managed-to-native) System.Reflection.RuntimeMethodInfo.InternalInvoke(System.Reflection.RuntimeMethodInfo,object,object[],System.Exception&)
  at System.Reflection.RuntimeMethodInfo.Invoke (System.Object obj, System.Reflection.BindingFlags invokeAttr, System.Reflection.Binder binder, System.Object[] parameters, System.Globalization.CultureInfo culture) [0x0006a] in <191a1970a53948f9819ac1d2e4f5c72e>:0 
   --- End of inner exception stack trace ---
  at System.Reflection.RuntimeMethodInfo.Invoke (System.Object obj, System.Reflection.BindingFlags invokeAttr, System.Reflection.Binder binder, System.Object[] parameters, System.Globalization.CultureInfo culture) [0x00083] in <191a1970a53948f9819ac1d2e4f5c72e>:0 
  at System.Reflection.MethodBase.Invoke (System.Object obj, System.Object[] parameters) [0x00000] in <191a1970a53948f9819ac1d2e4f5c72e>:0 
  at UnityEditor.EditorAssemblies.ProcessInitializeOnLoadMethodAttributes () [0x00056] in <2f9d421960d84dffaa88793de0f4b5f3>:0 
UnityEngine.Debug:ExtractStackTraceNoAlloc (byte*,int,string)
UnityEngine.StackTraceUtility:ExtractStackTrace ()
UnityEngine.DebugLogHandler:Internal_Log (UnityEngine.LogType,UnityEngine.LogOption,string,UnityEngine.Object)
UnityEngine.DebugLogHandler:LogFormat (UnityEngine.LogType,UnityEngine.Object,string,object[])
UnityEngine.Logger:Log (UnityEngine.LogType,object)
UnityEngine.Debug:LogError (object)
UnityEditor.EditorAssemblies:ProcessInitializeOnLoadMethodAttributes ()

Mono: successfully reloaded assembly
[Package Manager] Failed to launch server process. Reason: Unity was launched with the -noUpm command-line argument
[Package Manager] Unable to send message (not connected to server process).
[Package Manager] Cannot connect to Unity Package Manager local server
- Finished resetting the current domain, in  1.264 seconds
Domain Reload Profiling: 2569ms
	BeginReloadAssembly (358ms)
		ExecutionOrderSort (0ms)
		DisableScriptedObjects (30ms)
		BackupInstance (0ms)
		ReleaseScriptingObjects (0ms)
		CreateAndSetChildDomain (97ms)
	RebuildCommonClasses (49ms)
	RebuildNativeTypeToScriptingClass (18ms)
	initialDomainReloadingComplete (49ms)
	LoadAllAssembliesAndSetupDomain (830ms)
		LoadAssemblies (670ms)
		RebuildTransferFunctionScriptingTraits (0ms)
		AnalyzeDomain (310ms)
			TypeCache.Refresh (8ms)
				TypeCache.ScanAssembly (0ms)
			BuildScriptInfoCaches (276ms)
			ResolveRequiredComponents (22ms)
	FinalizeReload (1264ms)
		ReleaseScriptCaches (0ms)
		RebuildScriptCaches (0ms)
		SetupLoadedEditorAssemblies (1002ms)
			LogAssemblyErrors (0ms)
			InitializePlatformSupportModulesInManaged (16ms)
			SetLoadedEditorAssemblies (5ms)
			BeforeProcessingInitializeOnLoad (272ms)
			ProcessInitializeOnLoadAttributes (511ms)
			ProcessInitializeOnLoadMethodAttributes (172ms)
			AfterProcessingInitializeOnLoad (25ms)
			EditorAssembliesLoaded (1ms)
		ExecutionOrderSort2 (0ms)
		AwakeInstancesAfterBackupRestoration (22ms)
Refreshing native plugins compatible for Editor in 47.61 ms, found 12 plugins.
Preloading 0 native plugins for Editor in 0.00 ms.
Unloading 50 Unused Serialized files (Serialized files now loaded: 0)
Unloading 7498 unused Assets / (9.9 MB). Loaded Objects now: 8343.
Memory consumption went from 210.7 MB to 200.8 MB.
Total: 31.182200 ms (FindLiveObjects: 2.226800 ms CreateObjectMapping: 2.183400 ms MarkObjects: 11.332900 ms  DeleteObjects: 15.437700 ms)

Prepare: number of updated asset objects reloaded= 0
========================================================================
Received Import Request.
  Time since last request: 137.344067 seconds.
  path: Assets/Samples/XR Interaction Toolkit/3.0.8/Hands Interaction Demo/Prefabs/XR Origin Hands (XR Rig).prefab
  artifactKey: Guid(d6878e1999eb4b44a9f5a263af86c185) Importer(815301076,1909f56bfc062723c751e8b465ee728b)
Start importing Assets/Samples/XR Interaction Toolkit/3.0.8/Hands Interaction Demo/Prefabs/XR Origin Hands (XR Rig).prefab using Guid(d6878e1999eb4b44a9f5a263af86c185) Importer(815301076,1909f56bfc062723c751e8b465ee728b) (PreviewImporter) -> (artifact id: '2363d4b23b335d82da259cf0e431a4b5') in 1.2824979 seconds
Number of updated asset objects reloaded before import = 0Number of asset objects unloaded after import = 1298

========================================================================
Received Prepare
Refreshing native plugins compatible for Editor in 41.07 ms, found 12 plugins.
Preloading 0 native plugins for Editor in 0.00 ms.
Unloading 30 Unused Serialized files (Serialized files now loaded: 0)
Unloading 33 unused Assets / (4.5 MB). Loaded Objects now: 8484.
Memory consumption went from 185.7 MB to 181.2 MB.
Total: 19.985700 ms (FindLiveObjects: 0.817900 ms CreateObjectMapping: 1.063800 ms MarkObjects: 14.417200 ms  DeleteObjects: 3.684600 ms)

Prepare: number of updated asset objects reloaded= 0
========================================================================
Received Prepare
Begin MonoManager ReloadAssembly
- Loaded All Assemblies, in  1.145 seconds
'Packages/com.unity.xr.openxr/Runtime/OpenXRLoader.cs' contains partial class of Unity.Object, exactly 1 of the partial classes needs to be in a file with the same filename. This is to know the one that can be referenced from ie. GameObjects
'Packages/com.unity.xr.openxr/Runtime/OpenXRLoaderInternal.cs' contains partial class of Unity.Object, exactly 1 of the partial classes needs to be in a file with the same filename. This is to know the one that can be referenced from ie. GameObjects
Refreshing native plugins compatible for Editor in 21.18 ms, found 12 plugins.
Native extension for Android target not found
Native extension for UWP target not found
Native extension for WindowsStandalone target not found
[Package Manager] Failed to launch server process. Reason: Unity was launched with the -noUpm command-line argument
[Package Manager] Unable to send message (not connected to server process).
[Package Manager] Cannot connect to Unity Package Manager local server
[Package Manager] Failed to launch server process. Reason: Unity was launched with the -noUpm command-line argument
[Package Manager] Unable to send message (not connected to server process).
[Package Manager] Cannot connect to Unity Package Manager local server
System.Reflection.TargetInvocationException: Exception has been thrown by the target of an invocation. ---> System.TypeInitializationException: The type initializer for 'UnityEditor.XR.Interaction.Toolkit.Samples.Hands.Editor.HandsSampleProjectValidation' threw an exception. ---> System.NullReferenceException: Object reference not set to an instance of an object
  at Unity.XR.CoreUtils.Editor.PackageVersionUtility.UpdatePackageVersions () [0x00034] in .\Library\PackageCache\com.unity.xr.core-utils@c0df0dd5bced\Editor\ProjectValidation\PackageVersionUtility.cs:46 
  at Unity.XR.CoreUtils.Editor.PackageVersionUtility.GetPackageVersion (System.String packageName) [0x00011] in .\Library\PackageCache\com.unity.xr.core-utils@c0df0dd5bced\Editor\ProjectValidation\PackageVersionUtility.cs:67 
  at UnityEditor.XR.Interaction.Toolkit.Samples.Hands.Editor.HandsSampleProjectValidation..cctor () [0x00041] in D:\Carpetas del sistema NO BORRAR\GITHUB DESKTOP REPO\RealidadMixta_Iot_pruebas\Industria_IOT_MR_unity6\Assets\Samples\XR Interaction Toolkit\3.0.8\Hands Interaction Demo\Editor\Scripts\HandsSampleProjectValidation.cs:34 
   --- End of inner exception stack trace ---
  at (wrapper managed-to-native) System.Object.__icall_wrapper_mono_gc_wbarrier_generic_nostore_internal(intptr)
  at (wrapper write-barrier) System.Object.wbarrier_conc(intptr)
  at (wrapper managed-to-native) System.Reflection.RuntimeMethodInfo.InternalInvoke(System.Reflection.RuntimeMethodInfo,object,object[],System.Exception&)
  at System.Reflection.RuntimeMethodInfo.Invoke (System.Object obj, System.Reflection.BindingFlags invokeAttr, System.Reflection.Binder binder, System.Object[] parameters, System.Globalization.CultureInfo culture) [0x0006a] in <191a1970a53948f9819ac1d2e4f5c72e>:0 
   --- End of inner exception stack trace ---
  at System.Reflection.RuntimeMethodInfo.Invoke (System.Object obj, System.Reflection.BindingFlags invokeAttr, System.Reflection.Binder binder, System.Object[] parameters, System.Globalization.CultureInfo culture) [0x00083] in <191a1970a53948f9819ac1d2e4f5c72e>:0 
  at System.Reflection.MethodBase.Invoke (System.Object obj, System.Object[] parameters) [0x00000] in <191a1970a53948f9819ac1d2e4f5c72e>:0 
  at UnityEditor.EditorAssemblies.ProcessInitializeOnLoadMethodAttributes () [0x00056] in <2f9d421960d84dffaa88793de0f4b5f3>:0 
UnityEngine.Debug:ExtractStackTraceNoAlloc (byte*,int,string)
UnityEngine.StackTraceUtility:ExtractStackTrace ()
UnityEngine.DebugLogHandler:Internal_Log (UnityEngine.LogType,UnityEngine.LogOption,string,UnityEngine.Object)
UnityEngine.DebugLogHandler:LogFormat (UnityEngine.LogType,UnityEngine.Object,string,object[])
UnityEngine.Logger:Log (UnityEngine.LogType,object)
UnityEngine.Debug:LogError (object)
UnityEditor.EditorAssemblies:ProcessInitializeOnLoadMethodAttributes ()

Mono: successfully reloaded assembly
[Package Manager] Failed to launch server process. Reason: Unity was launched with the -noUpm command-line argument
[Package Manager] Unable to send message (not connected to server process).
[Package Manager] Cannot connect to Unity Package Manager local server
- Finished resetting the current domain, in  1.129 seconds
Domain Reload Profiling: 2257ms
	BeginReloadAssembly (310ms)
		ExecutionOrderSort (0ms)
		DisableScriptedObjects (21ms)
		BackupInstance (0ms)
		ReleaseScriptingObjects (0ms)
		CreateAndSetChildDomain (87ms)
	RebuildCommonClasses (37ms)
	RebuildNativeTypeToScriptingClass (13ms)
	initialDomainReloadingComplete (42ms)
	LoadAllAssembliesAndSetupDomain (723ms)
		LoadAssemblies (619ms)
		RebuildTransferFunctionScriptingTraits (0ms)
		AnalyzeDomain (235ms)
			TypeCache.Refresh (8ms)
				TypeCache.ScanAssembly (0ms)
			BuildScriptInfoCaches (209ms)
			ResolveRequiredComponents (15ms)
	FinalizeReload (1131ms)
		ReleaseScriptCaches (0ms)
		RebuildScriptCaches (0ms)
		SetupLoadedEditorAssemblies (877ms)
			LogAssemblyErrors (0ms)
			InitializePlatformSupportModulesInManaged (20ms)
			SetLoadedEditorAssemblies (7ms)
			BeforeProcessingInitializeOnLoad (269ms)
			ProcessInitializeOnLoadAttributes (430ms)
			ProcessInitializeOnLoadMethodAttributes (128ms)
			AfterProcessingInitializeOnLoad (21ms)
			EditorAssembliesLoaded (0ms)
		ExecutionOrderSort2 (0ms)
		AwakeInstancesAfterBackupRestoration (16ms)
Refreshing native plugins compatible for Editor in 42.61 ms, found 12 plugins.
Preloading 0 native plugins for Editor in 0.00 ms.
Unloading 50 Unused Serialized files (Serialized files now loaded: 0)
Unloading 7495 unused Assets / (7.9 MB). Loaded Objects now: 8366.
Memory consumption went from 214.8 MB to 206.9 MB.
Total: 23.201300 ms (FindLiveObjects: 1.837000 ms CreateObjectMapping: 2.582500 ms MarkObjects: 10.814200 ms  DeleteObjects: 7.965800 ms)

Prepare: number of updated asset objects reloaded= 0
========================================================================
Received Prepare
Refreshing native plugins compatible for Editor in 41.08 ms, found 12 plugins.
Preloading 0 native plugins for Editor in 0.00 ms.
Unloading 30 Unused Serialized files (Serialized files now loaded: 0)
Unloading 30 unused Assets / (4.6 MB). Loaded Objects now: 8366.
Memory consumption went from 180.4 MB to 175.7 MB.
Total: 16.236600 ms (FindLiveObjects: 0.876700 ms CreateObjectMapping: 1.004100 ms MarkObjects: 10.104000 ms  DeleteObjects: 4.250400 ms)

Prepare: number of updated asset objects reloaded= 0
========================================================================
Received Prepare
Begin MonoManager ReloadAssembly
- Loaded All Assemblies, in  1.126 seconds
'Packages/com.unity.xr.openxr/Runtime/OpenXRLoader.cs' contains partial class of Unity.Object, exactly 1 of the partial classes needs to be in a file with the same filename. This is to know the one that can be referenced from ie. GameObjects
'Packages/com.unity.xr.openxr/Runtime/OpenXRLoaderInternal.cs' contains partial class of Unity.Object, exactly 1 of the partial classes needs to be in a file with the same filename. This is to know the one that can be referenced from ie. GameObjects
Refreshing native plugins compatible for Editor in 24.74 ms, found 12 plugins.
Native extension for Android target not found
Native extension for UWP target not found
Native extension for WindowsStandalone target not found
[Package Manager] Failed to launch server process. Reason: Unity was launched with the -noUpm command-line argument
[Package Manager] Unable to send message (not connected to server process).
[Package Manager] Cannot connect to Unity Package Manager local server
[Package Manager] Failed to launch server process. Reason: Unity was launched with the -noUpm command-line argument
[Package Manager] Unable to send message (not connected to server process).
[Package Manager] Cannot connect to Unity Package Manager local server
System.Reflection.TargetInvocationException: Exception has been thrown by the target of an invocation. ---> System.TypeInitializationException: The type initializer for 'UnityEditor.XR.Interaction.Toolkit.Samples.Hands.Editor.HandsSampleProjectValidation' threw an exception. ---> System.NullReferenceException: Object reference not set to an instance of an object
  at Unity.XR.CoreUtils.Editor.PackageVersionUtility.UpdatePackageVersions () [0x00034] in .\Library\PackageCache\com.unity.xr.core-utils@c0df0dd5bced\Editor\ProjectValidation\PackageVersionUtility.cs:46 
  at Unity.XR.CoreUtils.Editor.PackageVersionUtility.GetPackageVersion (System.String packageName) [0x00011] in .\Library\PackageCache\com.unity.xr.core-utils@c0df0dd5bced\Editor\ProjectValidation\PackageVersionUtility.cs:67 
  at UnityEditor.XR.Interaction.Toolkit.Samples.Hands.Editor.HandsSampleProjectValidation..cctor () [0x00041] in D:\Carpetas del sistema NO BORRAR\GITHUB DESKTOP REPO\RealidadMixta_Iot_pruebas\Industria_IOT_MR_unity6\Assets\Samples\XR Interaction Toolkit\3.0.8\Hands Interaction Demo\Editor\Scripts\HandsSampleProjectValidation.cs:34 
   --- End of inner exception stack trace ---
  at (wrapper managed-to-native) System.Object.__icall_wrapper_mono_gc_wbarrier_generic_nostore_internal(intptr)
  at (wrapper write-barrier) System.Object.wbarrier_conc(intptr)
  at (wrapper managed-to-native) System.Reflection.RuntimeMethodInfo.InternalInvoke(System.Reflection.RuntimeMethodInfo,object,object[],System.Exception&)
  at System.Reflection.RuntimeMethodInfo.Invoke (System.Object obj, System.Reflection.BindingFlags invokeAttr, System.Reflection.Binder binder, System.Object[] parameters, System.Globalization.CultureInfo culture) [0x0006a] in <191a1970a53948f9819ac1d2e4f5c72e>:0 
   --- End of inner exception stack trace ---
  at System.Reflection.RuntimeMethodInfo.Invoke (System.Object obj, System.Reflection.BindingFlags invokeAttr, System.Reflection.Binder binder, System.Object[] parameters, System.Globalization.CultureInfo culture) [0x00083] in <191a1970a53948f9819ac1d2e4f5c72e>:0 
  at System.Reflection.MethodBase.Invoke (System.Object obj, System.Object[] parameters) [0x00000] in <191a1970a53948f9819ac1d2e4f5c72e>:0 
  at UnityEditor.EditorAssemblies.ProcessInitializeOnLoadMethodAttributes () [0x00056] in <2f9d421960d84dffaa88793de0f4b5f3>:0 
UnityEngine.Debug:ExtractStackTraceNoAlloc (byte*,int,string)
UnityEngine.StackTraceUtility:ExtractStackTrace ()
UnityEngine.DebugLogHandler:Internal_Log (UnityEngine.LogType,UnityEngine.LogOption,string,UnityEngine.Object)
UnityEngine.DebugLogHandler:LogFormat (UnityEngine.LogType,UnityEngine.Object,string,object[])
UnityEngine.Logger:Log (UnityEngine.LogType,object)
UnityEngine.Debug:LogError (object)
UnityEditor.EditorAssemblies:ProcessInitializeOnLoadMethodAttributes ()

Mono: successfully reloaded assembly
[Package Manager] Failed to launch server process. Reason: Unity was launched with the -noUpm command-line argument
[Package Manager] Unable to send message (not connected to server process).
[Package Manager] Cannot connect to Unity Package Manager local server
- Finished resetting the current domain, in  1.090 seconds
Domain Reload Profiling: 2197ms
	BeginReloadAssembly (288ms)
		ExecutionOrderSort (0ms)
		DisableScriptedObjects (7ms)
		BackupInstance (0ms)
		ReleaseScriptingObjects (0ms)
		CreateAndSetChildDomain (68ms)
	RebuildCommonClasses (37ms)
	RebuildNativeTypeToScriptingClass (12ms)
	initialDomainReloadingComplete (46ms)
	LoadAllAssembliesAndSetupDomain (723ms)
		LoadAssemblies (608ms)
		RebuildTransferFunctionScriptingTraits (0ms)
		AnalyzeDomain (252ms)
			TypeCache.Refresh (7ms)
				TypeCache.ScanAssembly (0ms)
			BuildScriptInfoCaches (223ms)
			ResolveRequiredComponents (18ms)
	FinalizeReload (1091ms)
		ReleaseScriptCaches (0ms)
		RebuildScriptCaches (0ms)
		SetupLoadedEditorAssemblies (818ms)
			LogAssemblyErrors (0ms)
			InitializePlatformSupportModulesInManaged (15ms)
			SetLoadedEditorAssemblies (4ms)
			BeforeProcessingInitializeOnLoad (219ms)
			ProcessInitializeOnLoadAttributes (415ms)
			ProcessInitializeOnLoadMethodAttributes (147ms)
			AfterProcessingInitializeOnLoad (17ms)
			EditorAssembliesLoaded (0ms)
		ExecutionOrderSort2 (0ms)
		AwakeInstancesAfterBackupRestoration (23ms)
Refreshing native plugins compatible for Editor in 37.92 ms, found 12 plugins.
Preloading 0 native plugins for Editor in 0.00 ms.
Unloading 50 Unused Serialized files (Serialized files now loaded: 0)
Unloading 7495 unused Assets / (9.6 MB). Loaded Objects now: 8369.
Memory consumption went from 214.7 MB to 205.1 MB.
Total: 24.453900 ms (FindLiveObjects: 1.571500 ms CreateObjectMapping: 2.655700 ms MarkObjects: 10.174400 ms  DeleteObjects: 10.050700 ms)

Prepare: number of updated asset objects reloaded= 0
========================================================================
Received Prepare
Refreshing native plugins compatible for Editor in 54.31 ms, found 12 plugins.
Preloading 0 native plugins for Editor in 0.00 ms.
Unloading 30 Unused Serialized files (Serialized files now loaded: 0)
Unloading 30 unused Assets / (4.6 MB). Loaded Objects now: 8369.
Memory consumption went from 180.3 MB to 175.8 MB.
Total: 17.842700 ms (FindLiveObjects: 0.819000 ms CreateObjectMapping: 1.070200 ms MarkObjects: 12.781600 ms  DeleteObjects: 3.170100 ms)

Prepare: number of updated asset objects reloaded= 0
========================================================================
Received Prepare
Begin MonoManager ReloadAssembly
- Loaded All Assemblies, in  1.147 seconds
'Packages/com.unity.xr.openxr/Runtime/OpenXRLoader.cs' contains partial class of Unity.Object, exactly 1 of the partial classes needs to be in a file with the same filename. This is to know the one that can be referenced from ie. GameObjects
'Packages/com.unity.xr.openxr/Runtime/OpenXRLoaderInternal.cs' contains partial class of Unity.Object, exactly 1 of the partial classes needs to be in a file with the same filename. This is to know the one that can be referenced from ie. GameObjects
Refreshing native plugins compatible for Editor in 21.37 ms, found 12 plugins.
Native extension for Android target not found
Native extension for UWP target not found
Native extension for WindowsStandalone target not found
[Package Manager] Failed to launch server process. Reason: Unity was launched with the -noUpm command-line argument
[Package Manager] Unable to send message (not connected to server process).
[Package Manager] Cannot connect to Unity Package Manager local server
[Package Manager] Failed to launch server process. Reason: Unity was launched with the -noUpm command-line argument
[Package Manager] Unable to send message (not connected to server process).
[Package Manager] Cannot connect to Unity Package Manager local server
System.Reflection.TargetInvocationException: Exception has been thrown by the target of an invocation. ---> System.TypeInitializationException: The type initializer for 'UnityEditor.XR.Interaction.Toolkit.Samples.Hands.Editor.HandsSampleProjectValidation' threw an exception. ---> System.NullReferenceException: Object reference not set to an instance of an object
  at Unity.XR.CoreUtils.Editor.PackageVersionUtility.UpdatePackageVersions () [0x00034] in .\Library\PackageCache\com.unity.xr.core-utils@c0df0dd5bced\Editor\ProjectValidation\PackageVersionUtility.cs:46 
  at Unity.XR.CoreUtils.Editor.PackageVersionUtility.GetPackageVersion (System.String packageName) [0x00011] in .\Library\PackageCache\com.unity.xr.core-utils@c0df0dd5bced\Editor\ProjectValidation\PackageVersionUtility.cs:67 
  at UnityEditor.XR.Interaction.Toolkit.Samples.Hands.Editor.HandsSampleProjectValidation..cctor () [0x00041] in D:\Carpetas del sistema NO BORRAR\GITHUB DESKTOP REPO\RealidadMixta_Iot_pruebas\Industria_IOT_MR_unity6\Assets\Samples\XR Interaction Toolkit\3.0.8\Hands Interaction Demo\Editor\Scripts\HandsSampleProjectValidation.cs:34 
   --- End of inner exception stack trace ---
  at (wrapper managed-to-native) System.Object.__icall_wrapper_mono_gc_wbarrier_generic_nostore_internal(intptr)
  at (wrapper write-barrier) System.Object.wbarrier_conc(intptr)
  at (wrapper managed-to-native) System.Reflection.RuntimeMethodInfo.InternalInvoke(System.Reflection.RuntimeMethodInfo,object,object[],System.Exception&)
  at System.Reflection.RuntimeMethodInfo.Invoke (System.Object obj, System.Reflection.BindingFlags invokeAttr, System.Reflection.Binder binder, System.Object[] parameters, System.Globalization.CultureInfo culture) [0x0006a] in <191a1970a53948f9819ac1d2e4f5c72e>:0 
   --- End of inner exception stack trace ---
  at System.Reflection.RuntimeMethodInfo.Invoke (System.Object obj, System.Reflection.BindingFlags invokeAttr, System.Reflection.Binder binder, System.Object[] parameters, System.Globalization.CultureInfo culture) [0x00083] in <191a1970a53948f9819ac1d2e4f5c72e>:0 
  at System.Reflection.MethodBase.Invoke (System.Object obj, System.Object[] parameters) [0x00000] in <191a1970a53948f9819ac1d2e4f5c72e>:0 
  at UnityEditor.EditorAssemblies.ProcessInitializeOnLoadMethodAttributes () [0x00056] in <2f9d421960d84dffaa88793de0f4b5f3>:0 
UnityEngine.Debug:ExtractStackTraceNoAlloc (byte*,int,string)
UnityEngine.StackTraceUtility:ExtractStackTrace ()
UnityEngine.DebugLogHandler:Internal_Log (UnityEngine.LogType,UnityEngine.LogOption,string,UnityEngine.Object)
UnityEngine.DebugLogHandler:LogFormat (UnityEngine.LogType,UnityEngine.Object,string,object[])
UnityEngine.Logger:Log (UnityEngine.LogType,object)
UnityEngine.Debug:LogError (object)
UnityEditor.EditorAssemblies:ProcessInitializeOnLoadMethodAttributes ()

Mono: successfully reloaded assembly
[Package Manager] Failed to launch server process. Reason: Unity was launched with the -noUpm command-line argument
[Package Manager] Unable to send message (not connected to server process).
[Package Manager] Cannot connect to Unity Package Manager local server
- Finished resetting the current domain, in  1.080 seconds
Domain Reload Profiling: 2207ms
	BeginReloadAssembly (308ms)
		ExecutionOrderSort (0ms)
		DisableScriptedObjects (8ms)
		BackupInstance (0ms)
		ReleaseScriptingObjects (0ms)
		CreateAndSetChildDomain (68ms)
	RebuildCommonClasses (46ms)
	RebuildNativeTypeToScriptingClass (11ms)
	initialDomainReloadingComplete (45ms)
	LoadAllAssembliesAndSetupDomain (717ms)
		LoadAssemblies (625ms)
		RebuildTransferFunctionScriptingTraits (0ms)
		AnalyzeDomain (250ms)
			TypeCache.Refresh (7ms)
				TypeCache.ScanAssembly (0ms)
			BuildScriptInfoCaches (224ms)
			ResolveRequiredComponents (15ms)
	FinalizeReload (1080ms)
		ReleaseScriptCaches (0ms)
		RebuildScriptCaches (0ms)
		SetupLoadedEditorAssemblies (823ms)
			LogAssemblyErrors (0ms)
			InitializePlatformSupportModulesInManaged (14ms)
			SetLoadedEditorAssemblies (6ms)
			BeforeProcessingInitializeOnLoad (222ms)
			ProcessInitializeOnLoadAttributes (418ms)
			ProcessInitializeOnLoadMethodAttributes (145ms)
			AfterProcessingInitializeOnLoad (18ms)
			EditorAssembliesLoaded (0ms)
		ExecutionOrderSort2 (0ms)
		AwakeInstancesAfterBackupRestoration (20ms)
Refreshing native plugins compatible for Editor in 37.34 ms, found 12 plugins.
Preloading 0 native plugins for Editor in 0.00 ms.
Unloading 50 Unused Serialized files (Serialized files now loaded: 0)
Unloading 7495 unused Assets / (8.4 MB). Loaded Objects now: 8372.
Memory consumption went from 214.7 MB to 206.4 MB.
Total: 25.203500 ms (FindLiveObjects: 1.596000 ms CreateObjectMapping: 2.696200 ms MarkObjects: 12.203900 ms  DeleteObjects: 8.706100 ms)

Prepare: number of updated asset objects reloaded= 0
========================================================================
Received Prepare
Refreshing native plugins compatible for Editor in 35.19 ms, found 12 plugins.
Preloading 0 native plugins for Editor in 0.00 ms.
Unloading 30 Unused Serialized files (Serialized files now loaded: 0)
Unloading 30 unused Assets / (4.5 MB). Loaded Objects now: 8372.
Memory consumption went from 180.3 MB to 175.8 MB.
Total: 15.515700 ms (FindLiveObjects: 0.788800 ms CreateObjectMapping: 0.975100 ms MarkObjects: 10.112800 ms  DeleteObjects: 3.636600 ms)

Prepare: number of updated asset objects reloaded= 0
========================================================================
Received Prepare
Begin MonoManager ReloadAssembly
- Loaded All Assemblies, in  1.105 seconds
'Packages/com.unity.xr.openxr/Runtime/OpenXRLoader.cs' contains partial class of Unity.Object, exactly 1 of the partial classes needs to be in a file with the same filename. This is to know the one that can be referenced from ie. GameObjects
'Packages/com.unity.xr.openxr/Runtime/OpenXRLoaderInternal.cs' contains partial class of Unity.Object, exactly 1 of the partial classes needs to be in a file with the same filename. This is to know the one that can be referenced from ie. GameObjects
Refreshing native plugins compatible for Editor in 20.65 ms, found 12 plugins.
Native extension for Android target not found
Native extension for UWP target not found
Native extension for WindowsStandalone target not found
[Package Manager] Failed to launch server process. Reason: Unity was launched with the -noUpm command-line argument
[Package Manager] Unable to send message (not connected to server process).
[Package Manager] Cannot connect to Unity Package Manager local server
[Package Manager] Failed to launch server process. Reason: Unity was launched with the -noUpm command-line argument
[Package Manager] Unable to send message (not connected to server process).
[Package Manager] Cannot connect to Unity Package Manager local server
System.Reflection.TargetInvocationException: Exception has been thrown by the target of an invocation. ---> System.TypeInitializationException: The type initializer for 'UnityEditor.XR.Interaction.Toolkit.Samples.Hands.Editor.HandsSampleProjectValidation' threw an exception. ---> System.NullReferenceException: Object reference not set to an instance of an object
  at Unity.XR.CoreUtils.Editor.PackageVersionUtility.UpdatePackageVersions () [0x00034] in .\Library\PackageCache\com.unity.xr.core-utils@c0df0dd5bced\Editor\ProjectValidation\PackageVersionUtility.cs:46 
  at Unity.XR.CoreUtils.Editor.PackageVersionUtility.GetPackageVersion (System.String packageName) [0x00011] in .\Library\PackageCache\com.unity.xr.core-utils@c0df0dd5bced\Editor\ProjectValidation\PackageVersionUtility.cs:67 
  at UnityEditor.XR.Interaction.Toolkit.Samples.Hands.Editor.HandsSampleProjectValidation..cctor () [0x00041] in D:\Carpetas del sistema NO BORRAR\GITHUB DESKTOP REPO\RealidadMixta_Iot_pruebas\Industria_IOT_MR_unity6\Assets\Samples\XR Interaction Toolkit\3.0.8\Hands Interaction Demo\Editor\Scripts\HandsSampleProjectValidation.cs:34 
   --- End of inner exception stack trace ---
  at (wrapper managed-to-native) System.Object.__icall_wrapper_mono_gc_wbarrier_generic_nostore_internal(intptr)
  at (wrapper write-barrier) System.Object.wbarrier_conc(intptr)
  at (wrapper managed-to-native) System.Reflection.RuntimeMethodInfo.InternalInvoke(System.Reflection.RuntimeMethodInfo,object,object[],System.Exception&)
  at System.Reflection.RuntimeMethodInfo.Invoke (System.Object obj, System.Reflection.BindingFlags invokeAttr, System.Reflection.Binder binder, System.Object[] parameters, System.Globalization.CultureInfo culture) [0x0006a] in <191a1970a53948f9819ac1d2e4f5c72e>:0 
   --- End of inner exception stack trace ---
  at System.Reflection.RuntimeMethodInfo.Invoke (System.Object obj, System.Reflection.BindingFlags invokeAttr, System.Reflection.Binder binder, System.Object[] parameters, System.Globalization.CultureInfo culture) [0x00083] in <191a1970a53948f9819ac1d2e4f5c72e>:0 
  at System.Reflection.MethodBase.Invoke (System.Object obj, System.Object[] parameters) [0x00000] in <191a1970a53948f9819ac1d2e4f5c72e>:0 
  at UnityEditor.EditorAssemblies.ProcessInitializeOnLoadMethodAttributes () [0x00056] in <2f9d421960d84dffaa88793de0f4b5f3>:0 
UnityEngine.Debug:ExtractStackTraceNoAlloc (byte*,int,string)
UnityEngine.StackTraceUtility:ExtractStackTrace ()
UnityEngine.DebugLogHandler:Internal_Log (UnityEngine.LogType,UnityEngine.LogOption,string,UnityEngine.Object)
UnityEngine.DebugLogHandler:LogFormat (UnityEngine.LogType,UnityEngine.Object,string,object[])
UnityEngine.Logger:Log (UnityEngine.LogType,object)
UnityEngine.Debug:LogError (object)
UnityEditor.EditorAssemblies:ProcessInitializeOnLoadMethodAttributes ()

Mono: successfully reloaded assembly
[Package Manager] Failed to launch server process. Reason: Unity was launched with the -noUpm command-line argument
[Package Manager] Unable to send message (not connected to server process).
[Package Manager] Cannot connect to Unity Package Manager local server
- Finished resetting the current domain, in  1.047 seconds
Domain Reload Profiling: 2134ms
	BeginReloadAssembly (277ms)
		ExecutionOrderSort (0ms)
		DisableScriptedObjects (6ms)
		BackupInstance (0ms)
		ReleaseScriptingObjects (0ms)
		CreateAndSetChildDomain (63ms)
	RebuildCommonClasses (40ms)
	RebuildNativeTypeToScriptingClass (14ms)
	initialDomainReloadingComplete (49ms)
	LoadAllAssembliesAndSetupDomain (707ms)
		LoadAssemblies (608ms)
		RebuildTransferFunctionScriptingTraits (0ms)
		AnalyzeDomain (234ms)
			TypeCache.Refresh (7ms)
				TypeCache.ScanAssembly (0ms)
			BuildScriptInfoCaches (209ms)
			ResolveRequiredComponents (15ms)
	FinalizeReload (1047ms)
		ReleaseScriptCaches (0ms)
		RebuildScriptCaches (0ms)
		SetupLoadedEditorAssemblies (797ms)
			LogAssemblyErrors (0ms)
			InitializePlatformSupportModulesInManaged (17ms)
			SetLoadedEditorAssemblies (6ms)
			BeforeProcessingInitializeOnLoad (210ms)
			ProcessInitializeOnLoadAttributes (412ms)
			ProcessInitializeOnLoadMethodAttributes (135ms)
			AfterProcessingInitializeOnLoad (16ms)
			EditorAssembliesLoaded (1ms)
		ExecutionOrderSort2 (0ms)
		AwakeInstancesAfterBackupRestoration (20ms)
Refreshing native plugins compatible for Editor in 40.87 ms, found 12 plugins.
Preloading 0 native plugins for Editor in 0.00 ms.
Unloading 50 Unused Serialized files (Serialized files now loaded: 0)
Unloading 7495 unused Assets / (8.3 MB). Loaded Objects now: 8375.
Memory consumption went from 237.8 MB to 229.5 MB.
Total: 24.188100 ms (FindLiveObjects: 2.081200 ms CreateObjectMapping: 2.913800 ms MarkObjects: 9.391300 ms  DeleteObjects: 9.799900 ms)

Prepare: number of updated asset objects reloaded= 0
========================================================================
Received Prepare
Begin MonoManager ReloadAssembly
- Loaded All Assemblies, in  1.108 seconds
'Packages/com.unity.xr.openxr/Runtime/OpenXRLoader.cs' contains partial class of Unity.Object, exactly 1 of the partial classes needs to be in a file with the same filename. This is to know the one that can be referenced from ie. GameObjects
'Packages/com.unity.xr.openxr/Runtime/OpenXRLoaderInternal.cs' contains partial class of Unity.Object, exactly 1 of the partial classes needs to be in a file with the same filename. This is to know the one that can be referenced from ie. GameObjects
Refreshing native plugins compatible for Editor in 20.86 ms, found 12 plugins.
Native extension for Android target not found
Native extension for UWP target not found
Native extension for WindowsStandalone target not found
[Package Manager] Failed to launch server process. Reason: Unity was launched with the -noUpm command-line argument
[Package Manager] Unable to send message (not connected to server process).
[Package Manager] Cannot connect to Unity Package Manager local server
[Package Manager] Failed to launch server process. Reason: Unity was launched with the -noUpm command-line argument
[Package Manager] Unable to send message (not connected to server process).
[Package Manager] Cannot connect to Unity Package Manager local server
System.Reflection.TargetInvocationException: Exception has been thrown by the target of an invocation. ---> System.TypeInitializationException: The type initializer for 'UnityEditor.XR.Interaction.Toolkit.Samples.Hands.Editor.HandsSampleProjectValidation' threw an exception. ---> System.NullReferenceException: Object reference not set to an instance of an object
  at Unity.XR.CoreUtils.Editor.PackageVersionUtility.UpdatePackageVersions () [0x00034] in .\Library\PackageCache\com.unity.xr.core-utils@c0df0dd5bced\Editor\ProjectValidation\PackageVersionUtility.cs:46 
  at Unity.XR.CoreUtils.Editor.PackageVersionUtility.GetPackageVersion (System.String packageName) [0x00011] in .\Library\PackageCache\com.unity.xr.core-utils@c0df0dd5bced\Editor\ProjectValidation\PackageVersionUtility.cs:67 
  at UnityEditor.XR.Interaction.Toolkit.Samples.Hands.Editor.HandsSampleProjectValidation..cctor () [0x00041] in D:\Carpetas del sistema NO BORRAR\GITHUB DESKTOP REPO\RealidadMixta_Iot_pruebas\Industria_IOT_MR_unity6\Assets\Samples\XR Interaction Toolkit\3.0.8\Hands Interaction Demo\Editor\Scripts\HandsSampleProjectValidation.cs:34 
   --- End of inner exception stack trace ---
  at (wrapper managed-to-native) System.Object.__icall_wrapper_mono_gc_wbarrier_generic_nostore_internal(intptr)
  at (wrapper write-barrier) System.Object.wbarrier_conc(intptr)
  at (wrapper managed-to-native) System.Reflection.RuntimeMethodInfo.InternalInvoke(System.Reflection.RuntimeMethodInfo,object,object[],System.Exception&)
  at System.Reflection.RuntimeMethodInfo.Invoke (System.Object obj, System.Reflection.BindingFlags invokeAttr, System.Reflection.Binder binder, System.Object[] parameters, System.Globalization.CultureInfo culture) [0x0006a] in <191a1970a53948f9819ac1d2e4f5c72e>:0 
   --- End of inner exception stack trace ---
  at System.Reflection.RuntimeMethodInfo.Invoke (System.Object obj, System.Reflection.BindingFlags invokeAttr, System.Reflection.Binder binder, System.Object[] parameters, System.Globalization.CultureInfo culture) [0x00083] in <191a1970a53948f9819ac1d2e4f5c72e>:0 
  at System.Reflection.MethodBase.Invoke (System.Object obj, System.Object[] parameters) [0x00000] in <191a1970a53948f9819ac1d2e4f5c72e>:0 
  at UnityEditor.EditorAssemblies.ProcessInitializeOnLoadMethodAttributes () [0x00056] in <2f9d421960d84dffaa88793de0f4b5f3>:0 
UnityEngine.Debug:ExtractStackTraceNoAlloc (byte*,int,string)
UnityEngine.StackTraceUtility:ExtractStackTrace ()
UnityEngine.DebugLogHandler:Internal_Log (UnityEngine.LogType,UnityEngine.LogOption,string,UnityEngine.Object)
UnityEngine.DebugLogHandler:LogFormat (UnityEngine.LogType,UnityEngine.Object,string,object[])
UnityEngine.Logger:Log (UnityEngine.LogType,object)
UnityEngine.Debug:LogError (object)
UnityEditor.EditorAssemblies:ProcessInitializeOnLoadMethodAttributes ()

Mono: successfully reloaded assembly
[Package Manager] Failed to launch server process. Reason: Unity was launched with the -noUpm command-line argument
[Package Manager] Unable to send message (not connected to server process).
[Package Manager] Cannot connect to Unity Package Manager local server
- Finished resetting the current domain, in  1.052 seconds
Domain Reload Profiling: 2145ms
	BeginReloadAssembly (282ms)
		ExecutionOrderSort (0ms)
		DisableScriptedObjects (8ms)
		BackupInstance (0ms)
		ReleaseScriptingObjects (0ms)
		CreateAndSetChildDomain (67ms)
	RebuildCommonClasses (38ms)
	RebuildNativeTypeToScriptingClass (13ms)
	initialDomainReloadingComplete (44ms)
	LoadAllAssembliesAndSetupDomain (716ms)
		LoadAssemblies (587ms)
		RebuildTransferFunctionScriptingTraits (0ms)
		AnalyzeDomain (262ms)
			TypeCache.Refresh (6ms)
				TypeCache.ScanAssembly (0ms)
			BuildScriptInfoCaches (234ms)
			ResolveRequiredComponents (17ms)
	FinalizeReload (1052ms)
		ReleaseScriptCaches (0ms)
		RebuildScriptCaches (0ms)
		SetupLoadedEditorAssemblies (799ms)
			LogAssemblyErrors (0ms)
			InitializePlatformSupportModulesInManaged (14ms)
			SetLoadedEditorAssemblies (5ms)
			BeforeProcessingInitializeOnLoad (208ms)
			ProcessInitializeOnLoadAttributes (421ms)
			ProcessInitializeOnLoadMethodAttributes (133ms)
			AfterProcessingInitializeOnLoad (16ms)
			EditorAssembliesLoaded (0ms)
		ExecutionOrderSort2 (0ms)
		AwakeInstancesAfterBackupRestoration (17ms)
Refreshing native plugins compatible for Editor in 41.72 ms, found 12 plugins.
Preloading 0 native plugins for Editor in 0.00 ms.
Unloading 50 Unused Serialized files (Serialized files now loaded: 0)
Unloading 7495 unused Assets / (6.5 MB). Loaded Objects now: 8378.
Memory consumption went from 237.6 MB to 231.0 MB.
Total: 23.478600 ms (FindLiveObjects: 1.703300 ms CreateObjectMapping: 2.747600 ms MarkObjects: 10.134600 ms  DeleteObjects: 8.890800 ms)

Prepare: number of updated asset objects reloaded= 0
========================================================================
Received Prepare
Refreshing native plugins compatible for Editor in 37.71 ms, found 12 plugins.
Preloading 0 native plugins for Editor in 0.00 ms.
Unloading 30 Unused Serialized files (Serialized files now loaded: 0)
Unloading 30 unused Assets / (4.6 MB). Loaded Objects now: 8378.
Memory consumption went from 203.4 MB to 198.8 MB.
Total: 15.972400 ms (FindLiveObjects: 0.844000 ms CreateObjectMapping: 1.021500 ms MarkObjects: 10.224000 ms  DeleteObjects: 3.881500 ms)

Prepare: number of updated asset objects reloaded= 0
========================================================================
Received Prepare
Begin MonoManager ReloadAssembly
- Loaded All Assemblies, in  1.124 seconds
'Packages/com.unity.xr.openxr/Runtime/OpenXRLoader.cs' contains partial class of Unity.Object, exactly 1 of the partial classes needs to be in a file with the same filename. This is to know the one that can be referenced from ie. GameObjects
'Packages/com.unity.xr.openxr/Runtime/OpenXRLoaderInternal.cs' contains partial class of Unity.Object, exactly 1 of the partial classes needs to be in a file with the same filename. This is to know the one that can be referenced from ie. GameObjects
Refreshing native plugins compatible for Editor in 20.93 ms, found 12 plugins.
Native extension for Android target not found
Native extension for UWP target not found
Native extension for WindowsStandalone target not found
[Package Manager] Failed to launch server process. Reason: Unity was launched with the -noUpm command-line argument
[Package Manager] Unable to send message (not connected to server process).
[Package Manager] Cannot connect to Unity Package Manager local server
[Package Manager] Failed to launch server process. Reason: Unity was launched with the -noUpm command-line argument
[Package Manager] Unable to send message (not connected to server process).
[Package Manager] Cannot connect to Unity Package Manager local server
System.Reflection.TargetInvocationException: Exception has been thrown by the target of an invocation. ---> System.TypeInitializationException: The type initializer for 'UnityEditor.XR.Interaction.Toolkit.Samples.Hands.Editor.HandsSampleProjectValidation' threw an exception. ---> System.NullReferenceException: Object reference not set to an instance of an object
  at Unity.XR.CoreUtils.Editor.PackageVersionUtility.UpdatePackageVersions () [0x00034] in .\Library\PackageCache\com.unity.xr.core-utils@c0df0dd5bced\Editor\ProjectValidation\PackageVersionUtility.cs:46 
  at Unity.XR.CoreUtils.Editor.PackageVersionUtility.GetPackageVersion (System.String packageName) [0x00011] in .\Library\PackageCache\com.unity.xr.core-utils@c0df0dd5bced\Editor\ProjectValidation\PackageVersionUtility.cs:67 
  at UnityEditor.XR.Interaction.Toolkit.Samples.Hands.Editor.HandsSampleProjectValidation..cctor () [0x00041] in D:\Carpetas del sistema NO BORRAR\GITHUB DESKTOP REPO\RealidadMixta_Iot_pruebas\Industria_IOT_MR_unity6\Assets\Samples\XR Interaction Toolkit\3.0.8\Hands Interaction Demo\Editor\Scripts\HandsSampleProjectValidation.cs:34 
   --- End of inner exception stack trace ---
  at (wrapper managed-to-native) System.Object.__icall_wrapper_mono_gc_wbarrier_generic_nostore_internal(intptr)
  at (wrapper write-barrier) System.Object.wbarrier_conc(intptr)
  at (wrapper managed-to-native) System.Reflection.RuntimeMethodInfo.InternalInvoke(System.Reflection.RuntimeMethodInfo,object,object[],System.Exception&)
  at System.Reflection.RuntimeMethodInfo.Invoke (System.Object obj, System.Reflection.BindingFlags invokeAttr, System.Reflection.Binder binder, System.Object[] parameters, System.Globalization.CultureInfo culture) [0x0006a] in <191a1970a53948f9819ac1d2e4f5c72e>:0 
   --- End of inner exception stack trace ---
  at System.Reflection.RuntimeMethodInfo.Invoke (System.Object obj, System.Reflection.BindingFlags invokeAttr, System.Reflection.Binder binder, System.Object[] parameters, System.Globalization.CultureInfo culture) [0x00083] in <191a1970a53948f9819ac1d2e4f5c72e>:0 
  at System.Reflection.MethodBase.Invoke (System.Object obj, System.Object[] parameters) [0x00000] in <191a1970a53948f9819ac1d2e4f5c72e>:0 
  at UnityEditor.EditorAssemblies.ProcessInitializeOnLoadMethodAttributes () [0x00056] in <2f9d421960d84dffaa88793de0f4b5f3>:0 
UnityEngine.Debug:ExtractStackTraceNoAlloc (byte*,int,string)
UnityEngine.StackTraceUtility:ExtractStackTrace ()
UnityEngine.DebugLogHandler:Internal_Log (UnityEngine.LogType,UnityEngine.LogOption,string,UnityEngine.Object)
UnityEngine.DebugLogHandler:LogFormat (UnityEngine.LogType,UnityEngine.Object,string,object[])
UnityEngine.Logger:Log (UnityEngine.LogType,object)
UnityEngine.Debug:LogError (object)
UnityEditor.EditorAssemblies:ProcessInitializeOnLoadMethodAttributes ()

Mono: successfully reloaded assembly
[Package Manager] Failed to launch server process. Reason: Unity was launched with the -noUpm command-line argument
[Package Manager] Unable to send message (not connected to server process).
[Package Manager] Cannot connect to Unity Package Manager local server
- Finished resetting the current domain, in  1.080 seconds
Domain Reload Profiling: 2186ms
	BeginReloadAssembly (280ms)
		ExecutionOrderSort (0ms)
		DisableScriptedObjects (7ms)
		BackupInstance (0ms)
		ReleaseScriptingObjects (0ms)
		CreateAndSetChildDomain (60ms)
	RebuildCommonClasses (47ms)
	RebuildNativeTypeToScriptingClass (17ms)
	initialDomainReloadingComplete (43ms)
	LoadAllAssembliesAndSetupDomain (720ms)
		LoadAssemblies (616ms)
		RebuildTransferFunctionScriptingTraits (0ms)
		AnalyzeDomain (245ms)
			TypeCache.Refresh (7ms)
				TypeCache.ScanAssembly (0ms)
			BuildScriptInfoCaches (219ms)
			ResolveRequiredComponents (15ms)
	FinalizeReload (1080ms)
		ReleaseScriptCaches (0ms)
		RebuildScriptCaches (0ms)
		SetupLoadedEditorAssemblies (833ms)
			LogAssemblyErrors (0ms)
			InitializePlatformSupportModulesInManaged (14ms)
			SetLoadedEditorAssemblies (7ms)
			BeforeProcessingInitializeOnLoad (215ms)
			ProcessInitializeOnLoadAttributes (423ms)
			ProcessInitializeOnLoadMethodAttributes (156ms)
			AfterProcessingInitializeOnLoad (18ms)
			EditorAssembliesLoaded (0ms)
		ExecutionOrderSort2 (0ms)
		AwakeInstancesAfterBackupRestoration (21ms)
Refreshing native plugins compatible for Editor in 45.13 ms, found 12 plugins.
Preloading 0 native plugins for Editor in 0.00 ms.
Unloading 50 Unused Serialized files (Serialized files now loaded: 0)
Unloading 7495 unused Assets / (8.4 MB). Loaded Objects now: 8381.
Memory consumption went from 214.8 MB to 206.4 MB.
Total: 23.656900 ms (FindLiveObjects: 1.773100 ms CreateObjectMapping: 2.353800 ms MarkObjects: 10.703100 ms  DeleteObjects: 8.825300 ms)

Prepare: number of updated asset objects reloaded= 0
========================================================================
Received Prepare
Refreshing native plugins compatible for Editor in 36.16 ms, found 12 plugins.
Preloading 0 native plugins for Editor in 0.00 ms.
Unloading 30 Unused Serialized files (Serialized files now loaded: 0)
Unloading 30 unused Assets / (4.5 MB). Loaded Objects now: 8381.
Memory consumption went from 180.3 MB to 175.8 MB.
Total: 15.218800 ms (FindLiveObjects: 0.794500 ms CreateObjectMapping: 0.933900 ms MarkObjects: 9.958300 ms  DeleteObjects: 3.530500 ms)

Prepare: number of updated asset objects reloaded= 0
========================================================================
Received Prepare
Begin MonoManager ReloadAssembly
- Loaded All Assemblies, in  1.113 seconds
'Packages/com.unity.xr.openxr/Runtime/OpenXRLoader.cs' contains partial class of Unity.Object, exactly 1 of the partial classes needs to be in a file with the same filename. This is to know the one that can be referenced from ie. GameObjects
'Packages/com.unity.xr.openxr/Runtime/OpenXRLoaderInternal.cs' contains partial class of Unity.Object, exactly 1 of the partial classes needs to be in a file with the same filename. This is to know the one that can be referenced from ie. GameObjects
Refreshing native plugins compatible for Editor in 21.89 ms, found 12 plugins.
Native extension for Android target not found
Native extension for UWP target not found
Native extension for WindowsStandalone target not found
[Package Manager] Failed to launch server process. Reason: Unity was launched with the -noUpm command-line argument
[Package Manager] Unable to send message (not connected to server process).
[Package Manager] Cannot connect to Unity Package Manager local server
[Package Manager] Failed to launch server process. Reason: Unity was launched with the -noUpm command-line argument
[Package Manager] Unable to send message (not connected to server process).
[Package Manager] Cannot connect to Unity Package Manager local server
System.Reflection.TargetInvocationException: Exception has been thrown by the target of an invocation. ---> System.TypeInitializationException: The type initializer for 'UnityEditor.XR.Interaction.Toolkit.Samples.Hands.Editor.HandsSampleProjectValidation' threw an exception. ---> System.NullReferenceException: Object reference not set to an instance of an object
  at Unity.XR.CoreUtils.Editor.PackageVersionUtility.UpdatePackageVersions () [0x00034] in .\Library\PackageCache\com.unity.xr.core-utils@c0df0dd5bced\Editor\ProjectValidation\PackageVersionUtility.cs:46 
  at Unity.XR.CoreUtils.Editor.PackageVersionUtility.GetPackageVersion (System.String packageName) [0x00011] in .\Library\PackageCache\com.unity.xr.core-utils@c0df0dd5bced\Editor\ProjectValidation\PackageVersionUtility.cs:67 
  at UnityEditor.XR.Interaction.Toolkit.Samples.Hands.Editor.HandsSampleProjectValidation..cctor () [0x00041] in D:\Carpetas del sistema NO BORRAR\GITHUB DESKTOP REPO\RealidadMixta_Iot_pruebas\Industria_IOT_MR_unity6\Assets\Samples\XR Interaction Toolkit\3.0.8\Hands Interaction Demo\Editor\Scripts\HandsSampleProjectValidation.cs:34 
   --- End of inner exception stack trace ---
  at (wrapper managed-to-native) System.Object.__icall_wrapper_mono_gc_wbarrier_generic_nostore_internal(intptr)
  at (wrapper write-barrier) System.Object.wbarrier_conc(intptr)
  at (wrapper managed-to-native) System.Reflection.RuntimeMethodInfo.InternalInvoke(System.Reflection.RuntimeMethodInfo,object,object[],System.Exception&)
  at System.Reflection.RuntimeMethodInfo.Invoke (System.Object obj, System.Reflection.BindingFlags invokeAttr, System.Reflection.Binder binder, System.Object[] parameters, System.Globalization.CultureInfo culture) [0x0006a] in <191a1970a53948f9819ac1d2e4f5c72e>:0 
   --- End of inner exception stack trace ---
  at System.Reflection.RuntimeMethodInfo.Invoke (System.Object obj, System.Reflection.BindingFlags invokeAttr, System.Reflection.Binder binder, System.Object[] parameters, System.Globalization.CultureInfo culture) [0x00083] in <191a1970a53948f9819ac1d2e4f5c72e>:0 
  at System.Reflection.MethodBase.Invoke (System.Object obj, System.Object[] parameters) [0x00000] in <191a1970a53948f9819ac1d2e4f5c72e>:0 
  at UnityEditor.EditorAssemblies.ProcessInitializeOnLoadMethodAttributes () [0x00056] in <2f9d421960d84dffaa88793de0f4b5f3>:0 
UnityEngine.Debug:ExtractStackTraceNoAlloc (byte*,int,string)
UnityEngine.StackTraceUtility:ExtractStackTrace ()
UnityEngine.DebugLogHandler:Internal_Log (UnityEngine.LogType,UnityEngine.LogOption,string,UnityEngine.Object)
UnityEngine.DebugLogHandler:LogFormat (UnityEngine.LogType,UnityEngine.Object,string,object[])
UnityEngine.Logger:Log (UnityEngine.LogType,object)
UnityEngine.Debug:LogError (object)
UnityEditor.EditorAssemblies:ProcessInitializeOnLoadMethodAttributes ()

Mono: successfully reloaded assembly
[Package Manager] Failed to launch server process. Reason: Unity was launched with the -noUpm command-line argument
[Package Manager] Unable to send message (not connected to server process).
[Package Manager] Cannot connect to Unity Package Manager local server
- Finished resetting the current domain, in  1.076 seconds
Domain Reload Profiling: 2172ms
	BeginReloadAssembly (275ms)
		ExecutionOrderSort (0ms)
		DisableScriptedObjects (7ms)
		BackupInstance (0ms)
		ReleaseScriptingObjects (0ms)
		CreateAndSetChildDomain (63ms)
	RebuildCommonClasses (41ms)
	RebuildNativeTypeToScriptingClass (18ms)
	initialDomainReloadingComplete (41ms)
	LoadAllAssembliesAndSetupDomain (719ms)
		LoadAssemblies (607ms)
		RebuildTransferFunctionScriptingTraits (0ms)
		AnalyzeDomain (245ms)
			TypeCache.Refresh (7ms)
				TypeCache.ScanAssembly (0ms)
			BuildScriptInfoCaches (219ms)
			ResolveRequiredComponents (15ms)
	FinalizeReload (1077ms)
		ReleaseScriptCaches (0ms)
		RebuildScriptCaches (0ms)
		SetupLoadedEditorAssemblies (825ms)
			LogAssemblyErrors (0ms)
			InitializePlatformSupportModulesInManaged (16ms)
			SetLoadedEditorAssemblies (6ms)
			BeforeProcessingInitializeOnLoad (217ms)
			ProcessInitializeOnLoadAttributes (436ms)
			ProcessInitializeOnLoadMethodAttributes (131ms)
			AfterProcessingInitializeOnLoad (18ms)
			EditorAssembliesLoaded (1ms)
		ExecutionOrderSort2 (0ms)
		AwakeInstancesAfterBackupRestoration (21ms)
Refreshing native plugins compatible for Editor in 40.68 ms, found 12 plugins.
Preloading 0 native plugins for Editor in 0.00 ms.
Unloading 50 Unused Serialized files (Serialized files now loaded: 0)
Unloading 7495 unused Assets / (8.1 MB). Loaded Objects now: 8384.
Memory consumption went from 237.7 MB to 229.7 MB.
Total: 24.337800 ms (FindLiveObjects: 1.858600 ms CreateObjectMapping: 2.237900 ms MarkObjects: 10.051500 ms  DeleteObjects: 10.188100 ms)

Prepare: number of updated asset objects reloaded= 0
========================================================================
Received Prepare
Refreshing native plugins compatible for Editor in 37.25 ms, found 12 plugins.
Preloading 0 native plugins for Editor in 0.00 ms.
Unloading 30 Unused Serialized files (Serialized files now loaded: 0)
Unloading 30 unused Assets / (4.6 MB). Loaded Objects now: 8384.
Memory consumption went from 203.4 MB to 198.8 MB.
Total: 16.732700 ms (FindLiveObjects: 1.218700 ms CreateObjectMapping: 1.122800 ms MarkObjects: 10.076400 ms  DeleteObjects: 4.312600 ms)

Prepare: number of updated asset objects reloaded= 0
========================================================================
Received Prepare
Begin MonoManager ReloadAssembly
- Loaded All Assemblies, in  1.187 seconds
'Packages/com.unity.xr.openxr/Runtime/OpenXRLoader.cs' contains partial class of Unity.Object, exactly 1 of the partial classes needs to be in a file with the same filename. This is to know the one that can be referenced from ie. GameObjects
'Packages/com.unity.xr.openxr/Runtime/OpenXRLoaderInternal.cs' contains partial class of Unity.Object, exactly 1 of the partial classes needs to be in a file with the same filename. This is to know the one that can be referenced from ie. GameObjects
Refreshing native plugins compatible for Editor in 19.92 ms, found 12 plugins.
Native extension for Android target not found
Native extension for UWP target not found
Native extension for WindowsStandalone target not found
[Package Manager] Failed to launch server process. Reason: Unity was launched with the -noUpm command-line argument
[Package Manager] Unable to send message (not connected to server process).
[Package Manager] Cannot connect to Unity Package Manager local server
[Package Manager] Failed to launch server process. Reason: Unity was launched with the -noUpm command-line argument
[Package Manager] Unable to send message (not connected to server process).
[Package Manager] Cannot connect to Unity Package Manager local server
System.Reflection.TargetInvocationException: Exception has been thrown by the target of an invocation. ---> System.TypeInitializationException: The type initializer for 'UnityEditor.XR.Interaction.Toolkit.Samples.Hands.Editor.HandsSampleProjectValidation' threw an exception. ---> System.NullReferenceException: Object reference not set to an instance of an object
  at Unity.XR.CoreUtils.Editor.PackageVersionUtility.UpdatePackageVersions () [0x00034] in .\Library\PackageCache\com.unity.xr.core-utils@c0df0dd5bced\Editor\ProjectValidation\PackageVersionUtility.cs:46 
  at Unity.XR.CoreUtils.Editor.PackageVersionUtility.GetPackageVersion (System.String packageName) [0x00011] in .\Library\PackageCache\com.unity.xr.core-utils@c0df0dd5bced\Editor\ProjectValidation\PackageVersionUtility.cs:67 
  at UnityEditor.XR.Interaction.Toolkit.Samples.Hands.Editor.HandsSampleProjectValidation..cctor () [0x00041] in D:\Carpetas del sistema NO BORRAR\GITHUB DESKTOP REPO\RealidadMixta_Iot_pruebas\Industria_IOT_MR_unity6\Assets\Samples\XR Interaction Toolkit\3.0.8\Hands Interaction Demo\Editor\Scripts\HandsSampleProjectValidation.cs:34 
   --- End of inner exception stack trace ---
  at (wrapper managed-to-native) System.Object.__icall_wrapper_mono_gc_wbarrier_generic_nostore_internal(intptr)
  at (wrapper write-barrier) System.Object.wbarrier_conc(intptr)
  at (wrapper managed-to-native) System.Reflection.RuntimeMethodInfo.InternalInvoke(System.Reflection.RuntimeMethodInfo,object,object[],System.Exception&)
  at System.Reflection.RuntimeMethodInfo.Invoke (System.Object obj, System.Reflection.BindingFlags invokeAttr, System.Reflection.Binder binder, System.Object[] parameters, System.Globalization.CultureInfo culture) [0x0006a] in <191a1970a53948f9819ac1d2e4f5c72e>:0 
   --- End of inner exception stack trace ---
  at System.Reflection.RuntimeMethodInfo.Invoke (System.Object obj, System.Reflection.BindingFlags invokeAttr, System.Reflection.Binder binder, System.Object[] parameters, System.Globalization.CultureInfo culture) [0x00083] in <191a1970a53948f9819ac1d2e4f5c72e>:0 
  at System.Reflection.MethodBase.Invoke (System.Object obj, System.Object[] parameters) [0x00000] in <191a1970a53948f9819ac1d2e4f5c72e>:0 
  at UnityEditor.EditorAssemblies.ProcessInitializeOnLoadMethodAttributes () [0x00056] in <2f9d421960d84dffaa88793de0f4b5f3>:0 
UnityEngine.Debug:ExtractStackTraceNoAlloc (byte*,int,string)
UnityEngine.StackTraceUtility:ExtractStackTrace ()
UnityEngine.DebugLogHandler:Internal_Log (UnityEngine.LogType,UnityEngine.LogOption,string,UnityEngine.Object)
UnityEngine.DebugLogHandler:LogFormat (UnityEngine.LogType,UnityEngine.Object,string,object[])
UnityEngine.Logger:Log (UnityEngine.LogType,object)
UnityEngine.Debug:LogError (object)
UnityEditor.EditorAssemblies:ProcessInitializeOnLoadMethodAttributes ()

Mono: successfully reloaded assembly
[Package Manager] Failed to launch server process. Reason: Unity was launched with the -noUpm command-line argument
[Package Manager] Unable to send message (not connected to server process).
[Package Manager] Cannot connect to Unity Package Manager local server
- Finished resetting the current domain, in  1.104 seconds
Domain Reload Profiling: 2273ms
	BeginReloadAssembly (279ms)
		ExecutionOrderSort (0ms)
		DisableScriptedObjects (7ms)
		BackupInstance (0ms)
		ReleaseScriptingObjects (0ms)
		CreateAndSetChildDomain (64ms)
	RebuildCommonClasses (41ms)
	RebuildNativeTypeToScriptingClass (11ms)
	initialDomainReloadingComplete (47ms)
	LoadAllAssembliesAndSetupDomain (790ms)
		LoadAssemblies (681ms)
		RebuildTransferFunctionScriptingTraits (0ms)
		AnalyzeDomain (251ms)
			TypeCache.Refresh (6ms)
				TypeCache.ScanAssembly (0ms)
			BuildScriptInfoCaches (228ms)
			ResolveRequiredComponents (14ms)
	FinalizeReload (1105ms)
		ReleaseScriptCaches (0ms)
		RebuildScriptCaches (0ms)
		SetupLoadedEditorAssemblies (840ms)
			LogAssemblyErrors (0ms)
			InitializePlatformSupportModulesInManaged (15ms)
			SetLoadedEditorAssemblies (6ms)
			BeforeProcessingInitializeOnLoad (217ms)
			ProcessInitializeOnLoadAttributes (428ms)
			ProcessInitializeOnLoadMethodAttributes (155ms)
			AfterProcessingInitializeOnLoad (20ms)
			EditorAssembliesLoaded (1ms)
		ExecutionOrderSort2 (0ms)
		AwakeInstancesAfterBackupRestoration (20ms)
Refreshing native plugins compatible for Editor in 45.45 ms, found 12 plugins.
Preloading 0 native plugins for Editor in 0.00 ms.
Unloading 50 Unused Serialized files (Serialized files now loaded: 0)
Unloading 7495 unused Assets / (7.8 MB). Loaded Objects now: 8387.
Memory consumption went from 214.8 MB to 207.0 MB.
Total: 28.879100 ms (FindLiveObjects: 2.029600 ms CreateObjectMapping: 2.882800 ms MarkObjects: 12.834000 ms  DeleteObjects: 11.130300 ms)

Prepare: number of updated asset objects reloaded= 0
========================================================================
Received Prepare
Begin MonoManager ReloadAssembly
- Loaded All Assemblies, in  1.130 seconds
'Packages/com.unity.xr.openxr/Runtime/OpenXRLoader.cs' contains partial class of Unity.Object, exactly 1 of the partial classes needs to be in a file with the same filename. This is to know the one that can be referenced from ie. GameObjects
'Packages/com.unity.xr.openxr/Runtime/OpenXRLoaderInternal.cs' contains partial class of Unity.Object, exactly 1 of the partial classes needs to be in a file with the same filename. This is to know the one that can be referenced from ie. GameObjects
Refreshing native plugins compatible for Editor in 22.89 ms, found 12 plugins.
Native extension for Android target not found
Native extension for UWP target not found
Native extension for WindowsStandalone target not found
[Package Manager] Failed to launch server process. Reason: Unity was launched with the -noUpm command-line argument
[Package Manager] Unable to send message (not connected to server process).
[Package Manager] Cannot connect to Unity Package Manager local server
[Package Manager] Failed to launch server process. Reason: Unity was launched with the -noUpm command-line argument
[Package Manager] Unable to send message (not connected to server process).
[Package Manager] Cannot connect to Unity Package Manager local server
System.Reflection.TargetInvocationException: Exception has been thrown by the target of an invocation. ---> System.TypeInitializationException: The type initializer for 'UnityEditor.XR.Interaction.Toolkit.Samples.Hands.Editor.HandsSampleProjectValidation' threw an exception. ---> System.NullReferenceException: Object reference not set to an instance of an object
  at Unity.XR.CoreUtils.Editor.PackageVersionUtility.UpdatePackageVersions () [0x00034] in .\Library\PackageCache\com.unity.xr.core-utils@c0df0dd5bced\Editor\ProjectValidation\PackageVersionUtility.cs:46 
  at Unity.XR.CoreUtils.Editor.PackageVersionUtility.GetPackageVersion (System.String packageName) [0x00011] in .\Library\PackageCache\com.unity.xr.core-utils@c0df0dd5bced\Editor\ProjectValidation\PackageVersionUtility.cs:67 
  at UnityEditor.XR.Interaction.Toolkit.Samples.Hands.Editor.HandsSampleProjectValidation..cctor () [0x00041] in D:\Carpetas del sistema NO BORRAR\GITHUB DESKTOP REPO\RealidadMixta_Iot_pruebas\Industria_IOT_MR_unity6\Assets\Samples\XR Interaction Toolkit\3.0.8\Hands Interaction Demo\Editor\Scripts\HandsSampleProjectValidation.cs:34 
   --- End of inner exception stack trace ---
  at (wrapper managed-to-native) System.Object.__icall_wrapper_mono_gc_wbarrier_generic_nostore_internal(intptr)
  at (wrapper write-barrier) System.Object.wbarrier_conc(intptr)
  at (wrapper managed-to-native) System.Reflection.RuntimeMethodInfo.InternalInvoke(System.Reflection.RuntimeMethodInfo,object,object[],System.Exception&)
  at System.Reflection.RuntimeMethodInfo.Invoke (System.Object obj, System.Reflection.BindingFlags invokeAttr, System.Reflection.Binder binder, System.Object[] parameters, System.Globalization.CultureInfo culture) [0x0006a] in <191a1970a53948f9819ac1d2e4f5c72e>:0 
   --- End of inner exception stack trace ---
  at System.Reflection.RuntimeMethodInfo.Invoke (System.Object obj, System.Reflection.BindingFlags invokeAttr, System.Reflection.Binder binder, System.Object[] parameters, System.Globalization.CultureInfo culture) [0x00083] in <191a1970a53948f9819ac1d2e4f5c72e>:0 
  at System.Reflection.MethodBase.Invoke (System.Object obj, System.Object[] parameters) [0x00000] in <191a1970a53948f9819ac1d2e4f5c72e>:0 
  at UnityEditor.EditorAssemblies.ProcessInitializeOnLoadMethodAttributes () [0x00056] in <2f9d421960d84dffaa88793de0f4b5f3>:0 
UnityEngine.Debug:ExtractStackTraceNoAlloc (byte*,int,string)
UnityEngine.StackTraceUtility:ExtractStackTrace ()
UnityEngine.DebugLogHandler:Internal_Log (UnityEngine.LogType,UnityEngine.LogOption,string,UnityEngine.Object)
UnityEngine.DebugLogHandler:LogFormat (UnityEngine.LogType,UnityEngine.Object,string,object[])
UnityEngine.Logger:Log (UnityEngine.LogType,object)
UnityEngine.Debug:LogError (object)
UnityEditor.EditorAssemblies:ProcessInitializeOnLoadMethodAttributes ()

Mono: successfully reloaded assembly
[Package Manager] Failed to launch server process. Reason: Unity was launched with the -noUpm command-line argument
[Package Manager] Unable to send message (not connected to server process).
[Package Manager] Cannot connect to Unity Package Manager local server
- Finished resetting the current domain, in  1.063 seconds
Domain Reload Profiling: 2172ms
	BeginReloadAssembly (274ms)
		ExecutionOrderSort (0ms)
		DisableScriptedObjects (9ms)
		BackupInstance (0ms)
		ReleaseScriptingObjects (0ms)
		CreateAndSetChildDomain (59ms)
	RebuildCommonClasses (41ms)
	RebuildNativeTypeToScriptingClass (11ms)
	initialDomainReloadingComplete (42ms)
	LoadAllAssembliesAndSetupDomain (740ms)
		LoadAssemblies (633ms)
		RebuildTransferFunctionScriptingTraits (0ms)
		AnalyzeDomain (245ms)
			TypeCache.Refresh (6ms)
				TypeCache.ScanAssembly (0ms)
			BuildScriptInfoCaches (221ms)
			ResolveRequiredComponents (14ms)
	FinalizeReload (1064ms)
		ReleaseScriptCaches (0ms)
		RebuildScriptCaches (0ms)
		SetupLoadedEditorAssemblies (823ms)
			LogAssemblyErrors (0ms)
			InitializePlatformSupportModulesInManaged (14ms)
			SetLoadedEditorAssemblies (6ms)
			BeforeProcessingInitializeOnLoad (214ms)
			ProcessInitializeOnLoadAttributes (420ms)
			ProcessInitializeOnLoadMethodAttributes (150ms)
			AfterProcessingInitializeOnLoad (19ms)
			EditorAssembliesLoaded (1ms)
		ExecutionOrderSort2 (0ms)
		AwakeInstancesAfterBackupRestoration (18ms)
Refreshing native plugins compatible for Editor in 42.02 ms, found 12 plugins.
Preloading 0 native plugins for Editor in 0.00 ms.
Unloading 50 Unused Serialized files (Serialized files now loaded: 0)
Unloading 7495 unused Assets / (8.2 MB). Loaded Objects now: 8390.
Memory consumption went from 237.8 MB to 229.6 MB.
Total: 22.231300 ms (FindLiveObjects: 1.433900 ms CreateObjectMapping: 2.003800 ms MarkObjects: 9.657900 ms  DeleteObjects: 9.133900 ms)

Prepare: number of updated asset objects reloaded= 0
========================================================================
Received Prepare
Refreshing native plugins compatible for Editor in 35.57 ms, found 12 plugins.
Preloading 0 native plugins for Editor in 0.00 ms.
Unloading 30 Unused Serialized files (Serialized files now loaded: 0)
Unloading 30 unused Assets / (4.6 MB). Loaded Objects now: 8390.
Memory consumption went from 203.4 MB to 198.8 MB.
Total: 19.184900 ms (FindLiveObjects: 0.964800 ms CreateObjectMapping: 1.349500 ms MarkObjects: 13.437600 ms  DeleteObjects: 3.431100 ms)

Prepare: number of updated asset objects reloaded= 0
========================================================================
Received Prepare
Begin MonoManager ReloadAssembly
- Loaded All Assemblies, in  1.114 seconds
'Packages/com.unity.xr.openxr/Runtime/OpenXRLoader.cs' contains partial class of Unity.Object, exactly 1 of the partial classes needs to be in a file with the same filename. This is to know the one that can be referenced from ie. GameObjects
'Packages/com.unity.xr.openxr/Runtime/OpenXRLoaderInternal.cs' contains partial class of Unity.Object, exactly 1 of the partial classes needs to be in a file with the same filename. This is to know the one that can be referenced from ie. GameObjects
Refreshing native plugins compatible for Editor in 21.51 ms, found 12 plugins.
Native extension for Android target not found
Native extension for UWP target not found
Native extension for WindowsStandalone target not found
[Package Manager] Failed to launch server process. Reason: Unity was launched with the -noUpm command-line argument
[Package Manager] Unable to send message (not connected to server process).
[Package Manager] Cannot connect to Unity Package Manager local server
[Package Manager] Failed to launch server process. Reason: Unity was launched with the -noUpm command-line argument
[Package Manager] Unable to send message (not connected to server process).
[Package Manager] Cannot connect to Unity Package Manager local server
System.Reflection.TargetInvocationException: Exception has been thrown by the target of an invocation. ---> System.TypeInitializationException: The type initializer for 'UnityEditor.XR.Interaction.Toolkit.Samples.Hands.Editor.HandsSampleProjectValidation' threw an exception. ---> System.NullReferenceException: Object reference not set to an instance of an object
  at Unity.XR.CoreUtils.Editor.PackageVersionUtility.UpdatePackageVersions () [0x00034] in .\Library\PackageCache\com.unity.xr.core-utils@c0df0dd5bced\Editor\ProjectValidation\PackageVersionUtility.cs:46 
  at Unity.XR.CoreUtils.Editor.PackageVersionUtility.GetPackageVersion (System.String packageName) [0x00011] in .\Library\PackageCache\com.unity.xr.core-utils@c0df0dd5bced\Editor\ProjectValidation\PackageVersionUtility.cs:67 
  at UnityEditor.XR.Interaction.Toolkit.Samples.Hands.Editor.HandsSampleProjectValidation..cctor () [0x00041] in D:\Carpetas del sistema NO BORRAR\GITHUB DESKTOP REPO\RealidadMixta_Iot_pruebas\Industria_IOT_MR_unity6\Assets\Samples\XR Interaction Toolkit\3.0.8\Hands Interaction Demo\Editor\Scripts\HandsSampleProjectValidation.cs:34 
   --- End of inner exception stack trace ---
  at (wrapper managed-to-native) System.Object.__icall_wrapper_mono_gc_wbarrier_generic_nostore_internal(intptr)
  at (wrapper write-barrier) System.Object.wbarrier_conc(intptr)
  at (wrapper managed-to-native) System.Reflection.RuntimeMethodInfo.InternalInvoke(System.Reflection.RuntimeMethodInfo,object,object[],System.Exception&)
  at System.Reflection.RuntimeMethodInfo.Invoke (System.Object obj, System.Reflection.BindingFlags invokeAttr, System.Reflection.Binder binder, System.Object[] parameters, System.Globalization.CultureInfo culture) [0x0006a] in <191a1970a53948f9819ac1d2e4f5c72e>:0 
   --- End of inner exception stack trace ---
  at System.Reflection.RuntimeMethodInfo.Invoke (System.Object obj, System.Reflection.BindingFlags invokeAttr, System.Reflection.Binder binder, System.Object[] parameters, System.Globalization.CultureInfo culture) [0x00083] in <191a1970a53948f9819ac1d2e4f5c72e>:0 
  at System.Reflection.MethodBase.Invoke (System.Object obj, System.Object[] parameters) [0x00000] in <191a1970a53948f9819ac1d2e4f5c72e>:0 
  at UnityEditor.EditorAssemblies.ProcessInitializeOnLoadMethodAttributes () [0x00056] in <2f9d421960d84dffaa88793de0f4b5f3>:0 
UnityEngine.Debug:ExtractStackTraceNoAlloc (byte*,int,string)
UnityEngine.StackTraceUtility:ExtractStackTrace ()
UnityEngine.DebugLogHandler:Internal_Log (UnityEngine.LogType,UnityEngine.LogOption,string,UnityEngine.Object)
UnityEngine.DebugLogHandler:LogFormat (UnityEngine.LogType,UnityEngine.Object,string,object[])
UnityEngine.Logger:Log (UnityEngine.LogType,object)
UnityEngine.Debug:LogError (object)
UnityEditor.EditorAssemblies:ProcessInitializeOnLoadMethodAttributes ()

Mono: successfully reloaded assembly
[Package Manager] Failed to launch server process. Reason: Unity was launched with the -noUpm command-line argument
[Package Manager] Unable to send message (not connected to server process).
[Package Manager] Cannot connect to Unity Package Manager local server
- Finished resetting the current domain, in  1.070 seconds
Domain Reload Profiling: 2160ms
	BeginReloadAssembly (278ms)
		ExecutionOrderSort (0ms)
		DisableScriptedObjects (7ms)
		BackupInstance (0ms)
		ReleaseScriptingObjects (0ms)
		CreateAndSetChildDomain (56ms)
	RebuildCommonClasses (39ms)
	RebuildNativeTypeToScriptingClass (17ms)
	initialDomainReloadingComplete (50ms)
	LoadAllAssembliesAndSetupDomain (706ms)
		LoadAssemblies (609ms)
		RebuildTransferFunctionScriptingTraits (0ms)
		AnalyzeDomain (240ms)
			TypeCache.Refresh (6ms)
				TypeCache.ScanAssembly (0ms)
			BuildScriptInfoCaches (216ms)
			ResolveRequiredComponents (14ms)
	FinalizeReload (1070ms)
		ReleaseScriptCaches (0ms)
		RebuildScriptCaches (0ms)
		SetupLoadedEditorAssemblies (815ms)
			LogAssemblyErrors (0ms)
			InitializePlatformSupportModulesInManaged (15ms)
			SetLoadedEditorAssemblies (5ms)
			BeforeProcessingInitializeOnLoad (216ms)
			ProcessInitializeOnLoadAttributes (425ms)
			ProcessInitializeOnLoadMethodAttributes (138ms)
			AfterProcessingInitializeOnLoad (14ms)
			EditorAssembliesLoaded (1ms)
		ExecutionOrderSort2 (0ms)
		AwakeInstancesAfterBackupRestoration (13ms)
Refreshing native plugins compatible for Editor in 41.71 ms, found 12 plugins.
Preloading 0 native plugins for Editor in 0.00 ms.
Unloading 50 Unused Serialized files (Serialized files now loaded: 0)
Unloading 7495 unused Assets / (8.9 MB). Loaded Objects now: 8393.
Memory consumption went from 237.8 MB to 228.8 MB.
Total: 24.880200 ms (FindLiveObjects: 2.502400 ms CreateObjectMapping: 2.779700 ms MarkObjects: 11.726400 ms  DeleteObjects: 7.869600 ms)

Prepare: number of updated asset objects reloaded= 0
========================================================================
Received Prepare
Begin MonoManager ReloadAssembly
- Loaded All Assemblies, in  1.156 seconds
'Packages/com.unity.xr.openxr/Runtime/OpenXRLoader.cs' contains partial class of Unity.Object, exactly 1 of the partial classes needs to be in a file with the same filename. This is to know the one that can be referenced from ie. GameObjects
'Packages/com.unity.xr.openxr/Runtime/OpenXRLoaderInternal.cs' contains partial class of Unity.Object, exactly 1 of the partial classes needs to be in a file with the same filename. This is to know the one that can be referenced from ie. GameObjects
Refreshing native plugins compatible for Editor in 25.87 ms, found 12 plugins.
Native extension for Android target not found
Native extension for UWP target not found
Native extension for WindowsStandalone target not found
[Package Manager] Failed to launch server process. Reason: Unity was launched with the -noUpm command-line argument
[Package Manager] Unable to send message (not connected to server process).
[Package Manager] Cannot connect to Unity Package Manager local server
[Package Manager] Failed to launch server process. Reason: Unity was launched with the -noUpm command-line argument
[Package Manager] Unable to send message (not connected to server process).
[Package Manager] Cannot connect to Unity Package Manager local server
System.Reflection.TargetInvocationException: Exception has been thrown by the target of an invocation. ---> System.TypeInitializationException: The type initializer for 'UnityEditor.XR.Interaction.Toolkit.Samples.Hands.Editor.HandsSampleProjectValidation' threw an exception. ---> System.NullReferenceException: Object reference not set to an instance of an object
  at Unity.XR.CoreUtils.Editor.PackageVersionUtility.UpdatePackageVersions () [0x00034] in .\Library\PackageCache\com.unity.xr.core-utils@c0df0dd5bced\Editor\ProjectValidation\PackageVersionUtility.cs:46 
  at Unity.XR.CoreUtils.Editor.PackageVersionUtility.GetPackageVersion (System.String packageName) [0x00011] in .\Library\PackageCache\com.unity.xr.core-utils@c0df0dd5bced\Editor\ProjectValidation\PackageVersionUtility.cs:67 
  at UnityEditor.XR.Interaction.Toolkit.Samples.Hands.Editor.HandsSampleProjectValidation..cctor () [0x00041] in D:\Carpetas del sistema NO BORRAR\GITHUB DESKTOP REPO\RealidadMixta_Iot_pruebas\Industria_IOT_MR_unity6\Assets\Samples\XR Interaction Toolkit\3.0.8\Hands Interaction Demo\Editor\Scripts\HandsSampleProjectValidation.cs:34 
   --- End of inner exception stack trace ---
  at (wrapper managed-to-native) System.Object.__icall_wrapper_mono_gc_wbarrier_generic_nostore_internal(intptr)
  at (wrapper write-barrier) System.Object.wbarrier_conc(intptr)
  at (wrapper managed-to-native) System.Reflection.RuntimeMethodInfo.InternalInvoke(System.Reflection.RuntimeMethodInfo,object,object[],System.Exception&)
  at System.Reflection.RuntimeMethodInfo.Invoke (System.Object obj, System.Reflection.BindingFlags invokeAttr, System.Reflection.Binder binder, System.Object[] parameters, System.Globalization.CultureInfo culture) [0x0006a] in <191a1970a53948f9819ac1d2e4f5c72e>:0 
   --- End of inner exception stack trace ---
  at System.Reflection.RuntimeMethodInfo.Invoke (System.Object obj, System.Reflection.BindingFlags invokeAttr, System.Reflection.Binder binder, System.Object[] parameters, System.Globalization.CultureInfo culture) [0x00083] in <191a1970a53948f9819ac1d2e4f5c72e>:0 
  at System.Reflection.MethodBase.Invoke (System.Object obj, System.Object[] parameters) [0x00000] in <191a1970a53948f9819ac1d2e4f5c72e>:0 
  at UnityEditor.EditorAssemblies.ProcessInitializeOnLoadMethodAttributes () [0x00056] in <2f9d421960d84dffaa88793de0f4b5f3>:0 
UnityEngine.Debug:ExtractStackTraceNoAlloc (byte*,int,string)
UnityEngine.StackTraceUtility:ExtractStackTrace ()
UnityEngine.DebugLogHandler:Internal_Log (UnityEngine.LogType,UnityEngine.LogOption,string,UnityEngine.Object)
UnityEngine.DebugLogHandler:LogFormat (UnityEngine.LogType,UnityEngine.Object,string,object[])
UnityEngine.Logger:Log (UnityEngine.LogType,object)
UnityEngine.Debug:LogError (object)
UnityEditor.EditorAssemblies:ProcessInitializeOnLoadMethodAttributes ()

Mono: successfully reloaded assembly
[Package Manager] Failed to launch server process. Reason: Unity was launched with the -noUpm command-line argument
[Package Manager] Unable to send message (not connected to server process).
[Package Manager] Cannot connect to Unity Package Manager local server
- Finished resetting the current domain, in  1.158 seconds
Domain Reload Profiling: 2298ms
	BeginReloadAssembly (274ms)
		ExecutionOrderSort (0ms)
		DisableScriptedObjects (8ms)
		BackupInstance (0ms)
		ReleaseScriptingObjects (0ms)
		CreateAndSetChildDomain (62ms)
	RebuildCommonClasses (40ms)
	RebuildNativeTypeToScriptingClass (12ms)
	initialDomainReloadingComplete (41ms)
	LoadAllAssembliesAndSetupDomain (773ms)
		LoadAssemblies (620ms)
		RebuildTransferFunctionScriptingTraits (0ms)
		AnalyzeDomain (286ms)
			TypeCache.Refresh (9ms)
				TypeCache.ScanAssembly (0ms)
			BuildScriptInfoCaches (260ms)
			ResolveRequiredComponents (14ms)
	FinalizeReload (1159ms)
		ReleaseScriptCaches (0ms)
		RebuildScriptCaches (0ms)
		SetupLoadedEditorAssemblies (876ms)
			LogAssemblyErrors (0ms)
			InitializePlatformSupportModulesInManaged (16ms)
			SetLoadedEditorAssemblies (6ms)
			BeforeProcessingInitializeOnLoad (230ms)
			ProcessInitializeOnLoadAttributes (458ms)
			ProcessInitializeOnLoadMethodAttributes (149ms)
			AfterProcessingInitializeOnLoad (16ms)
			EditorAssembliesLoaded (0ms)
		ExecutionOrderSort2 (0ms)
		AwakeInstancesAfterBackupRestoration (17ms)
Refreshing native plugins compatible for Editor in 50.98 ms, found 12 plugins.
Preloading 0 native plugins for Editor in 0.00 ms.
Unloading 50 Unused Serialized files (Serialized files now loaded: 0)
Unloading 7495 unused Assets / (11.4 MB). Loaded Objects now: 8396.
Memory consumption went from 237.9 MB to 226.5 MB.
Total: 28.625800 ms (FindLiveObjects: 1.852000 ms CreateObjectMapping: 2.057400 ms MarkObjects: 10.433400 ms  DeleteObjects: 14.280800 ms)

Prepare: number of updated asset objects reloaded= 0
========================================================================
Received Prepare
Begin MonoManager ReloadAssembly
- Loaded All Assemblies, in  1.120 seconds
'Packages/com.unity.xr.openxr/Runtime/OpenXRLoader.cs' contains partial class of Unity.Object, exactly 1 of the partial classes needs to be in a file with the same filename. This is to know the one that can be referenced from ie. GameObjects
'Packages/com.unity.xr.openxr/Runtime/OpenXRLoaderInternal.cs' contains partial class of Unity.Object, exactly 1 of the partial classes needs to be in a file with the same filename. This is to know the one that can be referenced from ie. GameObjects
Refreshing native plugins compatible for Editor in 21.87 ms, found 12 plugins.
Native extension for Android target not found
Native extension for UWP target not found
Native extension for WindowsStandalone target not found
[Package Manager] Failed to launch server process. Reason: Unity was launched with the -noUpm command-line argument
[Package Manager] Unable to send message (not connected to server process).
[Package Manager] Cannot connect to Unity Package Manager local server
[Package Manager] Failed to launch server process. Reason: Unity was launched with the -noUpm command-line argument
[Package Manager] Unable to send message (not connected to server process).
[Package Manager] Cannot connect to Unity Package Manager local server
System.Reflection.TargetInvocationException: Exception has been thrown by the target of an invocation. ---> System.TypeInitializationException: The type initializer for 'UnityEditor.XR.Interaction.Toolkit.Samples.Hands.Editor.HandsSampleProjectValidation' threw an exception. ---> System.NullReferenceException: Object reference not set to an instance of an object
  at Unity.XR.CoreUtils.Editor.PackageVersionUtility.UpdatePackageVersions () [0x00034] in .\Library\PackageCache\com.unity.xr.core-utils@c0df0dd5bced\Editor\ProjectValidation\PackageVersionUtility.cs:46 
  at Unity.XR.CoreUtils.Editor.PackageVersionUtility.GetPackageVersion (System.String packageName) [0x00011] in .\Library\PackageCache\com.unity.xr.core-utils@c0df0dd5bced\Editor\ProjectValidation\PackageVersionUtility.cs:67 
  at UnityEditor.XR.Interaction.Toolkit.Samples.Hands.Editor.HandsSampleProjectValidation..cctor () [0x00041] in D:\Carpetas del sistema NO BORRAR\GITHUB DESKTOP REPO\RealidadMixta_Iot_pruebas\Industria_IOT_MR_unity6\Assets\Samples\XR Interaction Toolkit\3.0.8\Hands Interaction Demo\Editor\Scripts\HandsSampleProjectValidation.cs:34 
   --- End of inner exception stack trace ---
  at (wrapper managed-to-native) System.Object.__icall_wrapper_mono_gc_wbarrier_generic_nostore_internal(intptr)
  at (wrapper write-barrier) System.Object.wbarrier_conc(intptr)
  at (wrapper managed-to-native) System.Reflection.RuntimeMethodInfo.InternalInvoke(System.Reflection.RuntimeMethodInfo,object,object[],System.Exception&)
  at System.Reflection.RuntimeMethodInfo.Invoke (System.Object obj, System.Reflection.BindingFlags invokeAttr, System.Reflection.Binder binder, System.Object[] parameters, System.Globalization.CultureInfo culture) [0x0006a] in <191a1970a53948f9819ac1d2e4f5c72e>:0 
   --- End of inner exception stack trace ---
  at System.Reflection.RuntimeMethodInfo.Invoke (System.Object obj, System.Reflection.BindingFlags invokeAttr, System.Reflection.Binder binder, System.Object[] parameters, System.Globalization.CultureInfo culture) [0x00083] in <191a1970a53948f9819ac1d2e4f5c72e>:0 
  at System.Reflection.MethodBase.Invoke (System.Object obj, System.Object[] parameters) [0x00000] in <191a1970a53948f9819ac1d2e4f5c72e>:0 
  at UnityEditor.EditorAssemblies.ProcessInitializeOnLoadMethodAttributes () [0x00056] in <2f9d421960d84dffaa88793de0f4b5f3>:0 
UnityEngine.Debug:ExtractStackTraceNoAlloc (byte*,int,string)
UnityEngine.StackTraceUtility:ExtractStackTrace ()
UnityEngine.DebugLogHandler:Internal_Log (UnityEngine.LogType,UnityEngine.LogOption,string,UnityEngine.Object)
UnityEngine.DebugLogHandler:LogFormat (UnityEngine.LogType,UnityEngine.Object,string,object[])
UnityEngine.Logger:Log (UnityEngine.LogType,object)
UnityEngine.Debug:LogError (object)
UnityEditor.EditorAssemblies:ProcessInitializeOnLoadMethodAttributes ()

Mono: successfully reloaded assembly
[Package Manager] Failed to launch server process. Reason: Unity was launched with the -noUpm command-line argument
[Package Manager] Unable to send message (not connected to server process).
[Package Manager] Cannot connect to Unity Package Manager local server
- Finished resetting the current domain, in  1.164 seconds
Domain Reload Profiling: 2265ms
	BeginReloadAssembly (288ms)
		ExecutionOrderSort (0ms)
		DisableScriptedObjects (8ms)
		BackupInstance (0ms)
		ReleaseScriptingObjects (0ms)
		CreateAndSetChildDomain (64ms)
	RebuildCommonClasses (37ms)
	RebuildNativeTypeToScriptingClass (12ms)
	initialDomainReloadingComplete (45ms)
	LoadAllAssembliesAndSetupDomain (716ms)
		LoadAssemblies (621ms)
		RebuildTransferFunctionScriptingTraits (0ms)
		AnalyzeDomain (238ms)
			TypeCache.Refresh (7ms)
				TypeCache.ScanAssembly (0ms)
			BuildScriptInfoCaches (213ms)
			ResolveRequiredComponents (15ms)
	FinalizeReload (1167ms)
		ReleaseScriptCaches (0ms)
		RebuildScriptCaches (0ms)
		SetupLoadedEditorAssemblies (899ms)
			LogAssemblyErrors (0ms)
			InitializePlatformSupportModulesInManaged (14ms)
			SetLoadedEditorAssemblies (6ms)
			BeforeProcessingInitializeOnLoad (219ms)
			ProcessInitializeOnLoadAttributes (486ms)
			ProcessInitializeOnLoadMethodAttributes (156ms)
			AfterProcessingInitializeOnLoad (18ms)
			EditorAssembliesLoaded (1ms)
		ExecutionOrderSort2 (0ms)
		AwakeInstancesAfterBackupRestoration (20ms)
Refreshing native plugins compatible for Editor in 41.36 ms, found 12 plugins.
Preloading 0 native plugins for Editor in 0.00 ms.
Unloading 50 Unused Serialized files (Serialized files now loaded: 0)
Unloading 7495 unused Assets / (11.0 MB). Loaded Objects now: 8399.
Memory consumption went from 214.8 MB to 203.8 MB.
Total: 32.153300 ms (FindLiveObjects: 1.874400 ms CreateObjectMapping: 2.515900 ms MarkObjects: 10.724000 ms  DeleteObjects: 17.036800 ms)

Prepare: number of updated asset objects reloaded= 0
========================================================================
Received Prepare
Begin MonoManager ReloadAssembly
- Loaded All Assemblies, in  1.231 seconds
'Packages/com.unity.xr.openxr/Runtime/OpenXRLoader.cs' contains partial class of Unity.Object, exactly 1 of the partial classes needs to be in a file with the same filename. This is to know the one that can be referenced from ie. GameObjects
'Packages/com.unity.xr.openxr/Runtime/OpenXRLoaderInternal.cs' contains partial class of Unity.Object, exactly 1 of the partial classes needs to be in a file with the same filename. This is to know the one that can be referenced from ie. GameObjects
Refreshing native plugins compatible for Editor in 22.80 ms, found 12 plugins.
Native extension for Android target not found
Native extension for UWP target not found
Native extension for WindowsStandalone target not found
[Package Manager] Failed to launch server process. Reason: Unity was launched with the -noUpm command-line argument
[Package Manager] Unable to send message (not connected to server process).
[Package Manager] Cannot connect to Unity Package Manager local server
[Package Manager] Failed to launch server process. Reason: Unity was launched with the -noUpm command-line argument
[Package Manager] Unable to send message (not connected to server process).
[Package Manager] Cannot connect to Unity Package Manager local server
System.Reflection.TargetInvocationException: Exception has been thrown by the target of an invocation. ---> System.TypeInitializationException: The type initializer for 'UnityEditor.XR.Interaction.Toolkit.Samples.Hands.Editor.HandsSampleProjectValidation' threw an exception. ---> System.NullReferenceException: Object reference not set to an instance of an object
  at Unity.XR.CoreUtils.Editor.PackageVersionUtility.UpdatePackageVersions () [0x00034] in .\Library\PackageCache\com.unity.xr.core-utils@c0df0dd5bced\Editor\ProjectValidation\PackageVersionUtility.cs:46 
  at Unity.XR.CoreUtils.Editor.PackageVersionUtility.GetPackageVersion (System.String packageName) [0x00011] in .\Library\PackageCache\com.unity.xr.core-utils@c0df0dd5bced\Editor\ProjectValidation\PackageVersionUtility.cs:67 
  at UnityEditor.XR.Interaction.Toolkit.Samples.Hands.Editor.HandsSampleProjectValidation..cctor () [0x00041] in D:\Carpetas del sistema NO BORRAR\GITHUB DESKTOP REPO\RealidadMixta_Iot_pruebas\Industria_IOT_MR_unity6\Assets\Samples\XR Interaction Toolkit\3.0.8\Hands Interaction Demo\Editor\Scripts\HandsSampleProjectValidation.cs:34 
   --- End of inner exception stack trace ---
  at (wrapper managed-to-native) System.Object.__icall_wrapper_mono_gc_wbarrier_generic_nostore_internal(intptr)
  at (wrapper write-barrier) System.Object.wbarrier_conc(intptr)
  at (wrapper managed-to-native) System.Reflection.RuntimeMethodInfo.InternalInvoke(System.Reflection.RuntimeMethodInfo,object,object[],System.Exception&)
  at System.Reflection.RuntimeMethodInfo.Invoke (System.Object obj, System.Reflection.BindingFlags invokeAttr, System.Reflection.Binder binder, System.Object[] parameters, System.Globalization.CultureInfo culture) [0x0006a] in <191a1970a53948f9819ac1d2e4f5c72e>:0 
   --- End of inner exception stack trace ---
  at System.Reflection.RuntimeMethodInfo.Invoke (System.Object obj, System.Reflection.BindingFlags invokeAttr, System.Reflection.Binder binder, System.Object[] parameters, System.Globalization.CultureInfo culture) [0x00083] in <191a1970a53948f9819ac1d2e4f5c72e>:0 
  at System.Reflection.MethodBase.Invoke (System.Object obj, System.Object[] parameters) [0x00000] in <191a1970a53948f9819ac1d2e4f5c72e>:0 
  at UnityEditor.EditorAssemblies.ProcessInitializeOnLoadMethodAttributes () [0x00056] in <2f9d421960d84dffaa88793de0f4b5f3>:0 
UnityEngine.Debug:ExtractStackTraceNoAlloc (byte*,int,string)
UnityEngine.StackTraceUtility:ExtractStackTrace ()
UnityEngine.DebugLogHandler:Internal_Log (UnityEngine.LogType,UnityEngine.LogOption,string,UnityEngine.Object)
UnityEngine.DebugLogHandler:LogFormat (UnityEngine.LogType,UnityEngine.Object,string,object[])
UnityEngine.Logger:Log (UnityEngine.LogType,object)
UnityEngine.Debug:LogError (object)
UnityEditor.EditorAssemblies:ProcessInitializeOnLoadMethodAttributes ()

Mono: successfully reloaded assembly
[Package Manager] Failed to launch server process. Reason: Unity was launched with the -noUpm command-line argument
[Package Manager] Unable to send message (not connected to server process).
[Package Manager] Cannot connect to Unity Package Manager local server
- Finished resetting the current domain, in  1.073 seconds
Domain Reload Profiling: 2278ms
	BeginReloadAssembly (320ms)
		ExecutionOrderSort (0ms)
		DisableScriptedObjects (8ms)
		BackupInstance (0ms)
		ReleaseScriptingObjects (0ms)
		CreateAndSetChildDomain (74ms)
	RebuildCommonClasses (43ms)
	RebuildNativeTypeToScriptingClass (14ms)
	initialDomainReloadingComplete (49ms)
	LoadAllAssembliesAndSetupDomain (780ms)
		LoadAssemblies (677ms)
		RebuildTransferFunctionScriptingTraits (0ms)
		AnalyzeDomain (254ms)
			TypeCache.Refresh (7ms)
				TypeCache.ScanAssembly (0ms)
			BuildScriptInfoCaches (223ms)
			ResolveRequiredComponents (20ms)
	FinalizeReload (1073ms)
		ReleaseScriptCaches (0ms)
		RebuildScriptCaches (0ms)
		SetupLoadedEditorAssemblies (823ms)
			LogAssemblyErrors (0ms)
			InitializePlatformSupportModulesInManaged (14ms)
			SetLoadedEditorAssemblies (6ms)
			BeforeProcessingInitializeOnLoad (230ms)
			ProcessInitializeOnLoadAttributes (424ms)
			ProcessInitializeOnLoadMethodAttributes (132ms)
			AfterProcessingInitializeOnLoad (15ms)
			EditorAssembliesLoaded (1ms)
		ExecutionOrderSort2 (0ms)
		AwakeInstancesAfterBackupRestoration (18ms)
Refreshing native plugins compatible for Editor in 43.87 ms, found 12 plugins.
Preloading 0 native plugins for Editor in 0.00 ms.
Unloading 50 Unused Serialized files (Serialized files now loaded: 0)
Unloading 7495 unused Assets / (5.4 MB). Loaded Objects now: 8402.
Memory consumption went from 214.8 MB to 209.4 MB.
Total: 24.526000 ms (FindLiveObjects: 1.933500 ms CreateObjectMapping: 2.290800 ms MarkObjects: 11.755400 ms  DeleteObjects: 8.544500 ms)

Prepare: number of updated asset objects reloaded= 0
========================================================================
Received Prepare
Begin MonoManager ReloadAssembly
- Loaded All Assemblies, in  1.129 seconds
'Packages/com.unity.xr.openxr/Runtime/OpenXRLoader.cs' contains partial class of Unity.Object, exactly 1 of the partial classes needs to be in a file with the same filename. This is to know the one that can be referenced from ie. GameObjects
'Packages/com.unity.xr.openxr/Runtime/OpenXRLoaderInternal.cs' contains partial class of Unity.Object, exactly 1 of the partial classes needs to be in a file with the same filename. This is to know the one that can be referenced from ie. GameObjects
Refreshing native plugins compatible for Editor in 21.78 ms, found 12 plugins.
Native extension for Android target not found
Native extension for UWP target not found
Native extension for WindowsStandalone target not found
[Package Manager] Failed to launch server process. Reason: Unity was launched with the -noUpm command-line argument
[Package Manager] Unable to send message (not connected to server process).
[Package Manager] Cannot connect to Unity Package Manager local server
[Package Manager] Failed to launch server process. Reason: Unity was launched with the -noUpm command-line argument
[Package Manager] Unable to send message (not connected to server process).
[Package Manager] Cannot connect to Unity Package Manager local server
System.Reflection.TargetInvocationException: Exception has been thrown by the target of an invocation. ---> System.TypeInitializationException: The type initializer for 'UnityEditor.XR.Interaction.Toolkit.Samples.Hands.Editor.HandsSampleProjectValidation' threw an exception. ---> System.NullReferenceException: Object reference not set to an instance of an object
  at Unity.XR.CoreUtils.Editor.PackageVersionUtility.UpdatePackageVersions () [0x00034] in .\Library\PackageCache\com.unity.xr.core-utils@c0df0dd5bced\Editor\ProjectValidation\PackageVersionUtility.cs:46 
  at Unity.XR.CoreUtils.Editor.PackageVersionUtility.GetPackageVersion (System.String packageName) [0x00011] in .\Library\PackageCache\com.unity.xr.core-utils@c0df0dd5bced\Editor\ProjectValidation\PackageVersionUtility.cs:67 
  at UnityEditor.XR.Interaction.Toolkit.Samples.Hands.Editor.HandsSampleProjectValidation..cctor () [0x00041] in D:\Carpetas del sistema NO BORRAR\GITHUB DESKTOP REPO\RealidadMixta_Iot_pruebas\Industria_IOT_MR_unity6\Assets\Samples\XR Interaction Toolkit\3.0.8\Hands Interaction Demo\Editor\Scripts\HandsSampleProjectValidation.cs:34 
   --- End of inner exception stack trace ---
  at (wrapper managed-to-native) System.Object.__icall_wrapper_mono_gc_wbarrier_generic_nostore_internal(intptr)
  at (wrapper write-barrier) System.Object.wbarrier_conc(intptr)
  at (wrapper managed-to-native) System.Reflection.RuntimeMethodInfo.InternalInvoke(System.Reflection.RuntimeMethodInfo,object,object[],System.Exception&)
  at System.Reflection.RuntimeMethodInfo.Invoke (System.Object obj, System.Reflection.BindingFlags invokeAttr, System.Reflection.Binder binder, System.Object[] parameters, System.Globalization.CultureInfo culture) [0x0006a] in <191a1970a53948f9819ac1d2e4f5c72e>:0 
   --- End of inner exception stack trace ---
  at System.Reflection.RuntimeMethodInfo.Invoke (System.Object obj, System.Reflection.BindingFlags invokeAttr, System.Reflection.Binder binder, System.Object[] parameters, System.Globalization.CultureInfo culture) [0x00083] in <191a1970a53948f9819ac1d2e4f5c72e>:0 
  at System.Reflection.MethodBase.Invoke (System.Object obj, System.Object[] parameters) [0x00000] in <191a1970a53948f9819ac1d2e4f5c72e>:0 
  at UnityEditor.EditorAssemblies.ProcessInitializeOnLoadMethodAttributes () [0x00056] in <2f9d421960d84dffaa88793de0f4b5f3>:0 
UnityEngine.Debug:ExtractStackTraceNoAlloc (byte*,int,string)
UnityEngine.StackTraceUtility:ExtractStackTrace ()
UnityEngine.DebugLogHandler:Internal_Log (UnityEngine.LogType,UnityEngine.LogOption,string,UnityEngine.Object)
UnityEngine.DebugLogHandler:LogFormat (UnityEngine.LogType,UnityEngine.Object,string,object[])
UnityEngine.Logger:Log (UnityEngine.LogType,object)
UnityEngine.Debug:LogError (object)
UnityEditor.EditorAssemblies:ProcessInitializeOnLoadMethodAttributes ()

Mono: successfully reloaded assembly
[Package Manager] Failed to launch server process. Reason: Unity was launched with the -noUpm command-line argument
[Package Manager] Unable to send message (not connected to server process).
[Package Manager] Cannot connect to Unity Package Manager local server
- Finished resetting the current domain, in  1.074 seconds
Domain Reload Profiling: 2188ms
	BeginReloadAssembly (270ms)
		ExecutionOrderSort (0ms)
		DisableScriptedObjects (7ms)
		BackupInstance (0ms)
		ReleaseScriptingObjects (0ms)
		CreateAndSetChildDomain (59ms)
	RebuildCommonClasses (45ms)
	RebuildNativeTypeToScriptingClass (12ms)
	initialDomainReloadingComplete (43ms)
	LoadAllAssembliesAndSetupDomain (741ms)
		LoadAssemblies (623ms)
		RebuildTransferFunctionScriptingTraits (0ms)
		AnalyzeDomain (251ms)
			TypeCache.Refresh (8ms)
				TypeCache.ScanAssembly (0ms)
			BuildScriptInfoCaches (225ms)
			ResolveRequiredComponents (15ms)
	FinalizeReload (1077ms)
		ReleaseScriptCaches (0ms)
		RebuildScriptCaches (0ms)
		SetupLoadedEditorAssemblies (829ms)
			LogAssemblyErrors (0ms)
			InitializePlatformSupportModulesInManaged (14ms)
			SetLoadedEditorAssemblies (6ms)
			BeforeProcessingInitializeOnLoad (224ms)
			ProcessInitializeOnLoadAttributes (436ms)
			ProcessInitializeOnLoadMethodAttributes (135ms)
			AfterProcessingInitializeOnLoad (14ms)
			EditorAssembliesLoaded (0ms)
		ExecutionOrderSort2 (0ms)
		AwakeInstancesAfterBackupRestoration (15ms)
Refreshing native plugins compatible for Editor in 32.44 ms, found 12 plugins.
Preloading 0 native plugins for Editor in 0.00 ms.
Unloading 50 Unused Serialized files (Serialized files now loaded: 0)
Unloading 7495 unused Assets / (9.3 MB). Loaded Objects now: 8405.
Memory consumption went from 214.8 MB to 205.4 MB.
Total: 22.534100 ms (FindLiveObjects: 1.511200 ms CreateObjectMapping: 1.970600 ms MarkObjects: 11.034400 ms  DeleteObjects: 8.016200 ms)

Prepare: number of updated asset objects reloaded= 0
========================================================================
Received Prepare
Refreshing native plugins compatible for Editor in 36.13 ms, found 12 plugins.
Preloading 0 native plugins for Editor in 0.00 ms.
Unloading 30 Unused Serialized files (Serialized files now loaded: 0)
Unloading 30 unused Assets / (4.5 MB). Loaded Objects now: 8405.
Memory consumption went from 180.4 MB to 175.9 MB.
Total: 14.632400 ms (FindLiveObjects: 0.865800 ms CreateObjectMapping: 0.847700 ms MarkObjects: 9.384500 ms  DeleteObjects: 3.532700 ms)

Prepare: number of updated asset objects reloaded= 0
========================================================================
Received Prepare
Begin MonoManager ReloadAssembly
- Loaded All Assemblies, in  1.220 seconds
'Packages/com.unity.xr.openxr/Runtime/OpenXRLoader.cs' contains partial class of Unity.Object, exactly 1 of the partial classes needs to be in a file with the same filename. This is to know the one that can be referenced from ie. GameObjects
'Packages/com.unity.xr.openxr/Runtime/OpenXRLoaderInternal.cs' contains partial class of Unity.Object, exactly 1 of the partial classes needs to be in a file with the same filename. This is to know the one that can be referenced from ie. GameObjects
Refreshing native plugins compatible for Editor in 21.46 ms, found 12 plugins.
Native extension for Android target not found
Native extension for UWP target not found
Native extension for WindowsStandalone target not found
[Package Manager] Failed to launch server process. Reason: Unity was launched with the -noUpm command-line argument
[Package Manager] Unable to send message (not connected to server process).
[Package Manager] Cannot connect to Unity Package Manager local server
[Package Manager] Failed to launch server process. Reason: Unity was launched with the -noUpm command-line argument
[Package Manager] Unable to send message (not connected to server process).
[Package Manager] Cannot connect to Unity Package Manager local server
System.Reflection.TargetInvocationException: Exception has been thrown by the target of an invocation. ---> System.TypeInitializationException: The type initializer for 'UnityEditor.XR.Interaction.Toolkit.Samples.Hands.Editor.HandsSampleProjectValidation' threw an exception. ---> System.NullReferenceException: Object reference not set to an instance of an object
  at Unity.XR.CoreUtils.Editor.PackageVersionUtility.UpdatePackageVersions () [0x00034] in .\Library\PackageCache\com.unity.xr.core-utils@c0df0dd5bced\Editor\ProjectValidation\PackageVersionUtility.cs:46 
  at Unity.XR.CoreUtils.Editor.PackageVersionUtility.GetPackageVersion (System.String packageName) [0x00011] in .\Library\PackageCache\com.unity.xr.core-utils@c0df0dd5bced\Editor\ProjectValidation\PackageVersionUtility.cs:67 
  at UnityEditor.XR.Interaction.Toolkit.Samples.Hands.Editor.HandsSampleProjectValidation..cctor () [0x00041] in D:\Carpetas del sistema NO BORRAR\GITHUB DESKTOP REPO\RealidadMixta_Iot_pruebas\Industria_IOT_MR_unity6\Assets\Samples\XR Interaction Toolkit\3.0.8\Hands Interaction Demo\Editor\Scripts\HandsSampleProjectValidation.cs:34 
   --- End of inner exception stack trace ---
  at (wrapper managed-to-native) System.Object.__icall_wrapper_mono_gc_wbarrier_generic_nostore_internal(intptr)
  at (wrapper write-barrier) System.Object.wbarrier_conc(intptr)
  at (wrapper managed-to-native) System.Reflection.RuntimeMethodInfo.InternalInvoke(System.Reflection.RuntimeMethodInfo,object,object[],System.Exception&)
  at System.Reflection.RuntimeMethodInfo.Invoke (System.Object obj, System.Reflection.BindingFlags invokeAttr, System.Reflection.Binder binder, System.Object[] parameters, System.Globalization.CultureInfo culture) [0x0006a] in <191a1970a53948f9819ac1d2e4f5c72e>:0 
   --- End of inner exception stack trace ---
  at System.Reflection.RuntimeMethodInfo.Invoke (System.Object obj, System.Reflection.BindingFlags invokeAttr, System.Reflection.Binder binder, System.Object[] parameters, System.Globalization.CultureInfo culture) [0x00083] in <191a1970a53948f9819ac1d2e4f5c72e>:0 
  at System.Reflection.MethodBase.Invoke (System.Object obj, System.Object[] parameters) [0x00000] in <191a1970a53948f9819ac1d2e4f5c72e>:0 
  at UnityEditor.EditorAssemblies.ProcessInitializeOnLoadMethodAttributes () [0x00056] in <2f9d421960d84dffaa88793de0f4b5f3>:0 
UnityEngine.Debug:ExtractStackTraceNoAlloc (byte*,int,string)
UnityEngine.StackTraceUtility:ExtractStackTrace ()
UnityEngine.DebugLogHandler:Internal_Log (UnityEngine.LogType,UnityEngine.LogOption,string,UnityEngine.Object)
UnityEngine.DebugLogHandler:LogFormat (UnityEngine.LogType,UnityEngine.Object,string,object[])
UnityEngine.Logger:Log (UnityEngine.LogType,object)
UnityEngine.Debug:LogError (object)
UnityEditor.EditorAssemblies:ProcessInitializeOnLoadMethodAttributes ()

Mono: successfully reloaded assembly
[Package Manager] Failed to launch server process. Reason: Unity was launched with the -noUpm command-line argument
[Package Manager] Unable to send message (not connected to server process).
[Package Manager] Cannot connect to Unity Package Manager local server
- Finished resetting the current domain, in  1.110 seconds
Domain Reload Profiling: 2308ms
	BeginReloadAssembly (324ms)
		ExecutionOrderSort (0ms)
		DisableScriptedObjects (9ms)
		BackupInstance (0ms)
		ReleaseScriptingObjects (0ms)
		CreateAndSetChildDomain (72ms)
	RebuildCommonClasses (46ms)
	RebuildNativeTypeToScriptingClass (15ms)
	initialDomainReloadingComplete (44ms)
	LoadAllAssembliesAndSetupDomain (769ms)
		LoadAssemblies (685ms)
		RebuildTransferFunctionScriptingTraits (0ms)
		AnalyzeDomain (245ms)
			TypeCache.Refresh (7ms)
				TypeCache.ScanAssembly (0ms)
			BuildScriptInfoCaches (218ms)
			ResolveRequiredComponents (15ms)
	FinalizeReload (1110ms)
		ReleaseScriptCaches (0ms)
		RebuildScriptCaches (0ms)
		SetupLoadedEditorAssemblies (872ms)
			LogAssemblyErrors (0ms)
			InitializePlatformSupportModulesInManaged (16ms)
			SetLoadedEditorAssemblies (5ms)
			BeforeProcessingInitializeOnLoad (262ms)
			ProcessInitializeOnLoadAttributes (438ms)
			ProcessInitializeOnLoadMethodAttributes (134ms)
			AfterProcessingInitializeOnLoad (16ms)
			EditorAssembliesLoaded (0ms)
		ExecutionOrderSort2 (0ms)
		AwakeInstancesAfterBackupRestoration (15ms)
Refreshing native plugins compatible for Editor in 36.65 ms, found 12 plugins.
Preloading 0 native plugins for Editor in 0.00 ms.
Unloading 50 Unused Serialized files (Serialized files now loaded: 0)
Unloading 7495 unused Assets / (8.3 MB). Loaded Objects now: 8408.
Memory consumption went from 237.8 MB to 229.5 MB.
Total: 22.802200 ms (FindLiveObjects: 1.851500 ms CreateObjectMapping: 2.459100 ms MarkObjects: 9.604200 ms  DeleteObjects: 8.885200 ms)

Prepare: number of updated asset objects reloaded= 0
========================================================================
Received Prepare
Begin MonoManager ReloadAssembly
- Loaded All Assemblies, in  1.078 seconds
'Packages/com.unity.xr.openxr/Runtime/OpenXRLoader.cs' contains partial class of Unity.Object, exactly 1 of the partial classes needs to be in a file with the same filename. This is to know the one that can be referenced from ie. GameObjects
'Packages/com.unity.xr.openxr/Runtime/OpenXRLoaderInternal.cs' contains partial class of Unity.Object, exactly 1 of the partial classes needs to be in a file with the same filename. This is to know the one that can be referenced from ie. GameObjects
Refreshing native plugins compatible for Editor in 19.54 ms, found 12 plugins.
Native extension for Android target not found
Native extension for UWP target not found
Native extension for WindowsStandalone target not found
[Package Manager] Failed to launch server process. Reason: Unity was launched with the -noUpm command-line argument
[Package Manager] Unable to send message (not connected to server process).
[Package Manager] Cannot connect to Unity Package Manager local server
[Package Manager] Failed to launch server process. Reason: Unity was launched with the -noUpm command-line argument
[Package Manager] Unable to send message (not connected to server process).
[Package Manager] Cannot connect to Unity Package Manager local server
System.Reflection.TargetInvocationException: Exception has been thrown by the target of an invocation. ---> System.TypeInitializationException: The type initializer for 'UnityEditor.XR.Interaction.Toolkit.Samples.Hands.Editor.HandsSampleProjectValidation' threw an exception. ---> System.NullReferenceException: Object reference not set to an instance of an object
  at Unity.XR.CoreUtils.Editor.PackageVersionUtility.UpdatePackageVersions () [0x00034] in .\Library\PackageCache\com.unity.xr.core-utils@c0df0dd5bced\Editor\ProjectValidation\PackageVersionUtility.cs:46 
  at Unity.XR.CoreUtils.Editor.PackageVersionUtility.GetPackageVersion (System.String packageName) [0x00011] in .\Library\PackageCache\com.unity.xr.core-utils@c0df0dd5bced\Editor\ProjectValidation\PackageVersionUtility.cs:67 
  at UnityEditor.XR.Interaction.Toolkit.Samples.Hands.Editor.HandsSampleProjectValidation..cctor () [0x00041] in D:\Carpetas del sistema NO BORRAR\GITHUB DESKTOP REPO\RealidadMixta_Iot_pruebas\Industria_IOT_MR_unity6\Assets\Samples\XR Interaction Toolkit\3.0.8\Hands Interaction Demo\Editor\Scripts\HandsSampleProjectValidation.cs:34 
   --- End of inner exception stack trace ---
  at (wrapper managed-to-native) System.Object.__icall_wrapper_mono_gc_wbarrier_generic_nostore_internal(intptr)
  at (wrapper write-barrier) System.Object.wbarrier_conc(intptr)
  at (wrapper managed-to-native) System.Reflection.RuntimeMethodInfo.InternalInvoke(System.Reflection.RuntimeMethodInfo,object,object[],System.Exception&)
  at System.Reflection.RuntimeMethodInfo.Invoke (System.Object obj, System.Reflection.BindingFlags invokeAttr, System.Reflection.Binder binder, System.Object[] parameters, System.Globalization.CultureInfo culture) [0x0006a] in <191a1970a53948f9819ac1d2e4f5c72e>:0 
   --- End of inner exception stack trace ---
  at System.Reflection.RuntimeMethodInfo.Invoke (System.Object obj, System.Reflection.BindingFlags invokeAttr, System.Reflection.Binder binder, System.Object[] parameters, System.Globalization.CultureInfo culture) [0x00083] in <191a1970a53948f9819ac1d2e4f5c72e>:0 
  at System.Reflection.MethodBase.Invoke (System.Object obj, System.Object[] parameters) [0x00000] in <191a1970a53948f9819ac1d2e4f5c72e>:0 
  at UnityEditor.EditorAssemblies.ProcessInitializeOnLoadMethodAttributes () [0x00056] in <2f9d421960d84dffaa88793de0f4b5f3>:0 
UnityEngine.Debug:ExtractStackTraceNoAlloc (byte*,int,string)
UnityEngine.StackTraceUtility:ExtractStackTrace ()
UnityEngine.DebugLogHandler:Internal_Log (UnityEngine.LogType,UnityEngine.LogOption,string,UnityEngine.Object)
UnityEngine.DebugLogHandler:LogFormat (UnityEngine.LogType,UnityEngine.Object,string,object[])
UnityEngine.Logger:Log (UnityEngine.LogType,object)
UnityEngine.Debug:LogError (object)
UnityEditor.EditorAssemblies:ProcessInitializeOnLoadMethodAttributes ()

Mono: successfully reloaded assembly
[Package Manager] Failed to launch server process. Reason: Unity was launched with the -noUpm command-line argument
[Package Manager] Unable to send message (not connected to server process).
[Package Manager] Cannot connect to Unity Package Manager local server
- Finished resetting the current domain, in  1.063 seconds
Domain Reload Profiling: 2126ms
	BeginReloadAssembly (264ms)
		ExecutionOrderSort (0ms)
		DisableScriptedObjects (9ms)
		BackupInstance (0ms)
		ReleaseScriptingObjects (0ms)
		CreateAndSetChildDomain (59ms)
	RebuildCommonClasses (42ms)
	RebuildNativeTypeToScriptingClass (12ms)
	initialDomainReloadingComplete (42ms)
	LoadAllAssembliesAndSetupDomain (703ms)
		LoadAssemblies (592ms)
		RebuildTransferFunctionScriptingTraits (0ms)
		AnalyzeDomain (236ms)
			TypeCache.Refresh (6ms)
				TypeCache.ScanAssembly (0ms)
			BuildScriptInfoCaches (211ms)
			ResolveRequiredComponents (15ms)
	FinalizeReload (1063ms)
		ReleaseScriptCaches (0ms)
		RebuildScriptCaches (0ms)
		SetupLoadedEditorAssemblies (815ms)
			LogAssemblyErrors (0ms)
			InitializePlatformSupportModulesInManaged (14ms)
			SetLoadedEditorAssemblies (6ms)
			BeforeProcessingInitializeOnLoad (204ms)
			ProcessInitializeOnLoadAttributes (418ms)
			ProcessInitializeOnLoadMethodAttributes (154ms)
			AfterProcessingInitializeOnLoad (19ms)
			EditorAssembliesLoaded (0ms)
		ExecutionOrderSort2 (0ms)
		AwakeInstancesAfterBackupRestoration (16ms)
Refreshing native plugins compatible for Editor in 40.67 ms, found 12 plugins.
Preloading 0 native plugins for Editor in 0.00 ms.
Unloading 50 Unused Serialized files (Serialized files now loaded: 0)
Unloading 7495 unused Assets / (7.5 MB). Loaded Objects now: 8411.
Memory consumption went from 214.9 MB to 207.4 MB.
Total: 28.246800 ms (FindLiveObjects: 1.722200 ms CreateObjectMapping: 2.109100 ms MarkObjects: 11.126400 ms  DeleteObjects: 13.287400 ms)

Prepare: number of updated asset objects reloaded= 0
========================================================================
Received Prepare
Refreshing native plugins compatible for Editor in 35.96 ms, found 12 plugins.
Preloading 0 native plugins for Editor in 0.00 ms.
Unloading 30 Unused Serialized files (Serialized files now loaded: 0)
Unloading 30 unused Assets / (4.6 MB). Loaded Objects now: 8411.
Memory consumption went from 180.5 MB to 175.9 MB.
Total: 17.583600 ms (FindLiveObjects: 0.963100 ms CreateObjectMapping: 0.997400 ms MarkObjects: 11.186000 ms  DeleteObjects: 4.435500 ms)

Prepare: number of updated asset objects reloaded= 0
========================================================================
Received Import Request.
  Time since last request: 1268.254312 seconds.
  path: Assets/Samples/XR Interaction Toolkit/3.0.8/Hands Interaction Demo/Prefabs/HandInteractorAffordances.prefab
  artifactKey: Guid(67c52e745f2766644ba16bfb165e2659) Importer(815301076,1909f56bfc062723c751e8b465ee728b)
Start importing Assets/Samples/XR Interaction Toolkit/3.0.8/Hands Interaction Demo/Prefabs/HandInteractorAffordances.prefab using Guid(67c52e745f2766644ba16bfb165e2659) Importer(815301076,1909f56bfc062723c751e8b465ee728b) (PreviewImporter) -> (artifact id: 'eb28d7c37ee11afc18e925007c1e3f2c') in 0.1148341 seconds
Number of updated asset objects reloaded before import = 0Number of asset objects unloaded after import = 11

========================================================================
Received Import Request.
  Time since last request: 0.000021 seconds.
  path: Assets/Samples/XR Interaction Toolkit/3.0.8/Hands Interaction Demo/Prefabs/PinchPointStabilized.prefab
  artifactKey: Guid(88b12c0ca81d9a34eac32a1e1bd19b1c) Importer(815301076,1909f56bfc062723c751e8b465ee728b)
Start importing Assets/Samples/XR Interaction Toolkit/3.0.8/Hands Interaction Demo/Prefabs/PinchPointStabilized.prefab using Guid(88b12c0ca81d9a34eac32a1e1bd19b1c) Importer(815301076,1909f56bfc062723c751e8b465ee728b) (PreviewImporter) -> (artifact id: 'feb7e5d3a7f63ba5381f7b0584e6c0bd') in 0.539078 seconds
Number of updated asset objects reloaded before import = 0Number of asset objects unloaded after import = 32

========================================================================
Received Import Request.
  Time since last request: 0.000037 seconds.
  path: Assets/Samples/XR Interaction Toolkit/3.0.8/Hands Interaction Demo/Prefabs/HandPokeInteractorAffordances.prefab
  artifactKey: Guid(eed9e61964b17194d94ce56bffabb610) Importer(815301076,1909f56bfc062723c751e8b465ee728b)
Start importing Assets/Samples/XR Interaction Toolkit/3.0.8/Hands Interaction Demo/Prefabs/HandPokeInteractorAffordances.prefab using Guid(eed9e61964b17194d94ce56bffabb610) Importer(815301076,1909f56bfc062723c751e8b465ee728b) (PreviewImporter) -> (artifact id: '72aa588ab93d58a8f3e6a3ac6f4bdf81') in 0.0052544 seconds
Number of updated asset objects reloaded before import = 0Number of asset objects unloaded after import = 10

========================================================================
Received Import Request.
  Time since last request: 0.000027 seconds.
  path: Assets/Samples/XR Interaction Toolkit/3.0.8/Hands Interaction Demo/Prefabs/RightHandInteractionVisual.prefab
  artifactKey: Guid(89e80c47615e4f043926d66492d3ca5f) Importer(815301076,1909f56bfc062723c751e8b465ee728b)
Start importing Assets/Samples/XR Interaction Toolkit/3.0.8/Hands Interaction Demo/Prefabs/RightHandInteractionVisual.prefab using Guid(89e80c47615e4f043926d66492d3ca5f) Importer(815301076,1909f56bfc062723c751e8b465ee728b) (PreviewImporter) -> (artifact id: '06e62e207df38484a65eacbcb8d05cc8') in 0.0310748 seconds
Number of updated asset objects reloaded before import = 0Number of asset objects unloaded after import = 107

========================================================================
Received Prepare
Begin MonoManager ReloadAssembly
- Loaded All Assemblies, in  1.143 seconds
'Packages/com.unity.xr.openxr/Runtime/OpenXRLoader.cs' contains partial class of Unity.Object, exactly 1 of the partial classes needs to be in a file with the same filename. This is to know the one that can be referenced from ie. GameObjects
'Packages/com.unity.xr.openxr/Runtime/OpenXRLoaderInternal.cs' contains partial class of Unity.Object, exactly 1 of the partial classes needs to be in a file with the same filename. This is to know the one that can be referenced from ie. GameObjects
Refreshing native plugins compatible for Editor in 21.27 ms, found 12 plugins.
Native extension for Android target not found
Native extension for UWP target not found
Native extension for WindowsStandalone target not found
[Package Manager] Failed to launch server process. Reason: Unity was launched with the -noUpm command-line argument
[Package Manager] Unable to send message (not connected to server process).
[Package Manager] Cannot connect to Unity Package Manager local server
[Package Manager] Failed to launch server process. Reason: Unity was launched with the -noUpm command-line argument
[Package Manager] Unable to send message (not connected to server process).
[Package Manager] Cannot connect to Unity Package Manager local server
System.Reflection.TargetInvocationException: Exception has been thrown by the target of an invocation. ---> System.TypeInitializationException: The type initializer for 'UnityEditor.XR.Interaction.Toolkit.Samples.Hands.Editor.HandsSampleProjectValidation' threw an exception. ---> System.NullReferenceException: Object reference not set to an instance of an object
  at Unity.XR.CoreUtils.Editor.PackageVersionUtility.UpdatePackageVersions () [0x00034] in .\Library\PackageCache\com.unity.xr.core-utils@c0df0dd5bced\Editor\ProjectValidation\PackageVersionUtility.cs:46 
  at Unity.XR.CoreUtils.Editor.PackageVersionUtility.GetPackageVersion (System.String packageName) [0x00011] in .\Library\PackageCache\com.unity.xr.core-utils@c0df0dd5bced\Editor\ProjectValidation\PackageVersionUtility.cs:67 
  at UnityEditor.XR.Interaction.Toolkit.Samples.Hands.Editor.HandsSampleProjectValidation..cctor () [0x00041] in D:\Carpetas del sistema NO BORRAR\GITHUB DESKTOP REPO\RealidadMixta_Iot_pruebas\Industria_IOT_MR_unity6\Assets\Samples\XR Interaction Toolkit\3.0.8\Hands Interaction Demo\Editor\Scripts\HandsSampleProjectValidation.cs:34 
   --- End of inner exception stack trace ---
  at (wrapper managed-to-native) System.Object.__icall_wrapper_mono_gc_wbarrier_generic_nostore_internal(intptr)
  at (wrapper write-barrier) System.Object.wbarrier_conc(intptr)
  at (wrapper managed-to-native) System.Reflection.RuntimeMethodInfo.InternalInvoke(System.Reflection.RuntimeMethodInfo,object,object[],System.Exception&)
  at System.Reflection.RuntimeMethodInfo.Invoke (System.Object obj, System.Reflection.BindingFlags invokeAttr, System.Reflection.Binder binder, System.Object[] parameters, System.Globalization.CultureInfo culture) [0x0006a] in <191a1970a53948f9819ac1d2e4f5c72e>:0 
   --- End of inner exception stack trace ---
  at System.Reflection.RuntimeMethodInfo.Invoke (System.Object obj, System.Reflection.BindingFlags invokeAttr, System.Reflection.Binder binder, System.Object[] parameters, System.Globalization.CultureInfo culture) [0x00083] in <191a1970a53948f9819ac1d2e4f5c72e>:0 
  at System.Reflection.MethodBase.Invoke (System.Object obj, System.Object[] parameters) [0x00000] in <191a1970a53948f9819ac1d2e4f5c72e>:0 
  at UnityEditor.EditorAssemblies.ProcessInitializeOnLoadMethodAttributes () [0x00056] in <2f9d421960d84dffaa88793de0f4b5f3>:0 
UnityEngine.Debug:ExtractStackTraceNoAlloc (byte*,int,string)
UnityEngine.StackTraceUtility:ExtractStackTrace ()
UnityEngine.DebugLogHandler:Internal_Log (UnityEngine.LogType,UnityEngine.LogOption,string,UnityEngine.Object)
UnityEngine.DebugLogHandler:LogFormat (UnityEngine.LogType,UnityEngine.Object,string,object[])
UnityEngine.Logger:Log (UnityEngine.LogType,object)
UnityEngine.Debug:LogError (object)
UnityEditor.EditorAssemblies:ProcessInitializeOnLoadMethodAttributes ()

Mono: successfully reloaded assembly
[Package Manager] Failed to launch server process. Reason: Unity was launched with the -noUpm command-line argument
[Package Manager] Unable to send message (not connected to server process).
[Package Manager] Cannot connect to Unity Package Manager local server
- Finished resetting the current domain, in  1.436 seconds
Domain Reload Profiling: 2562ms
	BeginReloadAssembly (313ms)
		ExecutionOrderSort (0ms)
		DisableScriptedObjects (22ms)
		BackupInstance (0ms)
		ReleaseScriptingObjects (0ms)
		CreateAndSetChildDomain (89ms)
	RebuildCommonClasses (42ms)
	RebuildNativeTypeToScriptingClass (12ms)
	initialDomainReloadingComplete (43ms)
	LoadAllAssembliesAndSetupDomain (716ms)
		LoadAssemblies (599ms)
		RebuildTransferFunctionScriptingTraits (0ms)
		AnalyzeDomain (250ms)
			TypeCache.Refresh (7ms)
				TypeCache.ScanAssembly (0ms)
			BuildScriptInfoCaches (225ms)
			ResolveRequiredComponents (16ms)
	FinalizeReload (1436ms)
		ReleaseScriptCaches (0ms)
		RebuildScriptCaches (0ms)
		SetupLoadedEditorAssemblies (1051ms)
			LogAssemblyErrors (0ms)
			InitializePlatformSupportModulesInManaged (18ms)
			SetLoadedEditorAssemblies (8ms)
			BeforeProcessingInitializeOnLoad (264ms)
			ProcessInitializeOnLoadAttributes (535ms)
			ProcessInitializeOnLoadMethodAttributes (203ms)
			AfterProcessingInitializeOnLoad (21ms)
			EditorAssembliesLoaded (1ms)
		ExecutionOrderSort2 (0ms)
		AwakeInstancesAfterBackupRestoration (33ms)
Refreshing native plugins compatible for Editor in 41.70 ms, found 12 plugins.
Preloading 0 native plugins for Editor in 0.00 ms.
Unloading 50 Unused Serialized files (Serialized files now loaded: 0)
Unloading 7495 unused Assets / (9.3 MB). Loaded Objects now: 8434.
Memory consumption went from 219.1 MB to 209.8 MB.
Total: 28.139400 ms (FindLiveObjects: 1.624000 ms CreateObjectMapping: 3.058300 ms MarkObjects: 13.511700 ms  DeleteObjects: 9.943200 ms)

Prepare: number of updated asset objects reloaded= 0
========================================================================
Received Import Request.
  Time since last request: 204.447356 seconds.
  path: Assets/Samples/XR Interaction Toolkit/3.0.8/Hands Interaction Demo/Prefabs/PinchPointStabilized.prefab
  artifactKey: Guid(88b12c0ca81d9a34eac32a1e1bd19b1c) Importer(815301076,1909f56bfc062723c751e8b465ee728b)
Start importing Assets/Samples/XR Interaction Toolkit/3.0.8/Hands Interaction Demo/Prefabs/PinchPointStabilized.prefab using Guid(88b12c0ca81d9a34eac32a1e1bd19b1c) Importer(815301076,1909f56bfc062723c751e8b465ee728b) (PreviewImporter) -> (artifact id: 'bad6ed6b5748b701dd23fb3c543089e5') in 0.9543959 seconds
Number of updated asset objects reloaded before import = 0Number of asset objects unloaded after import = 32

========================================================================
Received Import Request.
  Time since last request: 0.000107 seconds.
  path: Assets/Samples/XR Interaction Toolkit/3.0.8/Hands Interaction Demo/Prefabs/HandPokeInteractorAffordances.prefab
  artifactKey: Guid(eed9e61964b17194d94ce56bffabb610) Importer(815301076,1909f56bfc062723c751e8b465ee728b)
Start importing Assets/Samples/XR Interaction Toolkit/3.0.8/Hands Interaction Demo/Prefabs/HandPokeInteractorAffordances.prefab using Guid(eed9e61964b17194d94ce56bffabb610) Importer(815301076,1909f56bfc062723c751e8b465ee728b) (PreviewImporter) -> (artifact id: '98f8bf8549fb49582580e0eedd194206') in 0.0060924 seconds
Number of updated asset objects reloaded before import = 0Number of asset objects unloaded after import = 10

========================================================================
Received Import Request.
  Time since last request: 0.000061 seconds.
  path: Assets/Samples/XR Interaction Toolkit/3.0.8/Hands Interaction Demo/Prefabs/RightHandInteractionVisual.prefab
  artifactKey: Guid(89e80c47615e4f043926d66492d3ca5f) Importer(815301076,1909f56bfc062723c751e8b465ee728b)
Start importing Assets/Samples/XR Interaction Toolkit/3.0.8/Hands Interaction Demo/Prefabs/RightHandInteractionVisual.prefab using Guid(89e80c47615e4f043926d66492d3ca5f) Importer(815301076,1909f56bfc062723c751e8b465ee728b) (PreviewImporter) -> (artifact id: '3b881448135679f413fcc2d9ab8f9be3') in 0.0369194 seconds
Number of updated asset objects reloaded before import = 0Number of asset objects unloaded after import = 107

========================================================================
Received Import Request.
  Time since last request: 0.000035 seconds.
  path: Assets/Samples/XR Interaction Toolkit/3.0.8/Hands Interaction Demo/Prefabs/HandInteractorAffordances.prefab
  artifactKey: Guid(67c52e745f2766644ba16bfb165e2659) Importer(815301076,1909f56bfc062723c751e8b465ee728b)
Start importing Assets/Samples/XR Interaction Toolkit/3.0.8/Hands Interaction Demo/Prefabs/HandInteractorAffordances.prefab using Guid(67c52e745f2766644ba16bfb165e2659) Importer(815301076,1909f56bfc062723c751e8b465ee728b) (PreviewImporter) -> (artifact id: 'd6bcd04828ef24b119fe148f7fdf03f8') in 0.0060434 seconds
Number of updated asset objects reloaded before import = 0Number of asset objects unloaded after import = 11

Editor requested this worker to shutdown with reason: Scaling down because of idle timeout
AssetImportWorker is now disconnected from the server
Process exiting
Exiting without the bug reporter. Application will terminate with return code 0