Using pre-set license
Built from '6000.0/release' branch; Version is '6000.0.35f1 (9a3bc604008a) revision 10107846'; Using compiler version '193933523'; Build Type 'Release'
OS: 'Windows 11  (10.0.26100) 64bit Core' Language: 'es' Physical Memory: 31941 MB
BatchMode: 1, IsHumanControllingUs: 0, StartBugReporterOnCrash: 0, Is64bit: 1, IsPro: 1

COMMAND LINE ARGUMENTS:
D:\Unity\Motores de edicion\Editores versiones\6000.0.35f1\Editor\Unity.exe
-adb2
-batchMode
-noUpm
-name
AssetImportWorker0
-projectPath
D:/Carpetas del sistema NO BORRAR/GITHUB DESKTOP REPO/RealidadMixta_Iot_pruebas/Industria_IOT_MR_unity6
-logFile
Logs/AssetImportWorker0.log
-srvPort
5384
-job-worker-count
5
-background-job-worker-count
8
-gc-helper-count
1
Successfully changed project path to: D:/Carpetas del sistema NO BORRAR/GITHUB DESKTOP REPO/RealidadMixta_Iot_pruebas/Industria_IOT_MR_unity6
D:/Carpetas del sistema NO BORRAR/GITHUB DESKTOP REPO/RealidadMixta_Iot_pruebas/Industria_IOT_MR_unity6
[UnityMemory] Configuration Parameters - Can be set up in boot.config
    "memorysetup-bucket-allocator-granularity=16"
    "memorysetup-bucket-allocator-bucket-count=8"
    "memorysetup-bucket-allocator-block-size=33554432"
    "memorysetup-bucket-allocator-block-count=8"
    "memorysetup-main-allocator-block-size=16777216"
    "memorysetup-thread-allocator-block-size=16777216"
    "memorysetup-gfx-main-allocator-block-size=16777216"
    "memorysetup-gfx-thread-allocator-block-size=16777216"
    "memorysetup-cache-allocator-block-size=4194304"
    "memorysetup-typetree-allocator-block-size=2097152"
    "memorysetup-profiler-bucket-allocator-granularity=16"
    "memorysetup-profiler-bucket-allocator-bucket-count=8"
    "memorysetup-profiler-bucket-allocator-block-size=33554432"
    "memorysetup-profiler-bucket-allocator-block-count=8"
    "memorysetup-profiler-allocator-block-size=16777216"
    "memorysetup-profiler-editor-allocator-block-size=1048576"
    "memorysetup-temp-allocator-size-main=16777216"
    "memorysetup-job-temp-allocator-block-size=2097152"
    "memorysetup-job-temp-allocator-block-size-background=1048576"
    "memorysetup-job-temp-allocator-reduction-small-platforms=262144"
    "memorysetup-allocator-temp-initial-block-size-main=262144"
    "memorysetup-allocator-temp-initial-block-size-worker=262144"
    "memorysetup-temp-allocator-size-background-worker=32768"
    "memorysetup-temp-allocator-size-job-worker=262144"
    "memorysetup-temp-allocator-size-preload-manager=33554432"
    "memorysetup-temp-allocator-size-nav-mesh-worker=65536"
    "memorysetup-temp-allocator-size-audio-worker=65536"
    "memorysetup-temp-allocator-size-cloud-worker=32768"
    "memorysetup-temp-allocator-size-gi-baking-worker=262144"
    "memorysetup-temp-allocator-size-gi-baking-worker=262144"
    "memorysetup-temp-allocator-size-gi-baking-worker=262144"
    "memorysetup-temp-allocator-size-gi-baking-worker=262144"
    "memorysetup-temp-allocator-size-gi-baking-worker=262144"
    "memorysetup-temp-allocator-size-gfx=262144"
Player connection [25124]  Target information:

Player connection [25124]  * "[IP] 172.16.194.122 [Port] 0 [Flags] 2 [Guid] 1003337367 [EditorId] 1003337367 [Version] 1048832 [Id] WindowsEditor(7,GAMING03) [Debug] 1 [PackageName] WindowsEditor [ProjectName] Editor" 

Player connection [25124] Host joined multi-casting on [225.0.0.222:54997]...
Player connection [25124] Host joined alternative multi-casting on [225.0.0.222:34997]...
JobSystem: Creating JobQueue using job-worker-count value 5
Input System module state changed to: Initialized.
[Physics::Module] Initialized fallback backend.
[Physics::Module] Id: 0xdecafbad
Library Redirect Path: Library/
[Physics::Module] Selected backend.
[Physics::Module] Name: PhysX
[Physics::Module] Id: 0xf2b8ea05
[Physics::Module] SDK Version: 4.1.2
[Physics::Module] Integration Version: 1.0.0
[Physics::Module] Threading Mode: Multi-Threaded
Refreshing native plugins compatible for Editor in 29.48 ms, found 14 plugins.
Preloading 0 native plugins for Editor in 0.00 ms.
Initialize engine version: 6000.0.35f1 (9a3bc604008a)
[Subsystems] Discovering subsystems at path D:/Unity/Motores de edicion/Editores versiones/6000.0.35f1/Editor/Data/Resources/UnitySubsystems
[Subsystems] Discovering subsystems at path D:/Carpetas del sistema NO BORRAR/GITHUB DESKTOP REPO/RealidadMixta_Iot_pruebas/Industria_IOT_MR_unity6/Assets
GfxDevice: creating device client; kGfxThreadingModeNonThreaded
Direct3D:
    Version:  Direct3D 11.0 [level 11.1]
    Renderer: NVIDIA GeForce RTX 3050 Laptop GPU (ID=0x25a2)
    Vendor:   NVIDIA
    VRAM:     3964 MB
    Driver:   32.0.15.7270
Shader 'Oculus/OVRMRCameraFrameLit': fallback shader 'Alpha-Diffuse' not found
Initialize mono
Mono path[0] = 'D:/Unity/Motores de edicion/Editores versiones/6000.0.35f1/Editor/Data/Managed'
Mono path[1] = 'D:/Unity/Motores de edicion/Editores versiones/6000.0.35f1/Editor/Data/MonoBleedingEdge/lib/mono/unityjit-win32'
Mono config path = 'D:/Unity/Motores de edicion/Editores versiones/6000.0.35f1/Editor/Data/MonoBleedingEdge/etc'
Using monoOptions --debugger-agent=transport=dt_socket,embedding=1,server=y,suspend=n,address=127.0.0.1:56204
Begin MonoManager ReloadAssembly
Registering precompiled unity dll's ...
Register platform support module: D:/Unity/Motores de edicion/Editores versiones/6000.0.35f1/Editor/Data/PlaybackEngines/WindowsStandaloneSupport/UnityEditor.WindowsStandalone.Extensions.dll
Register platform support module: D:/Unity/Motores de edicion/Editores versiones/6000.0.35f1/Editor/Data/PlaybackEngines/MetroSupport/UnityEditor.UWP.Extensions.dll
Register platform support module: D:/Unity/Motores de edicion/Editores versiones/6000.0.35f1/Editor/Data/PlaybackEngines/AndroidPlayer/UnityEditor.Android.Extensions.dll
Registered in 0.010409 seconds.
- Loaded All Assemblies, in  0.462 seconds
Native extension for Android target not found
Android Extension - Scanning For ADB Devices 395 ms
Native extension for UWP target not found
Native extension for WindowsStandalone target not found
Mono: successfully reloaded assembly
- Finished resetting the current domain, in  0.780 seconds
Domain Reload Profiling: 1234ms
	BeginReloadAssembly (156ms)
		ExecutionOrderSort (0ms)
		DisableScriptedObjects (0ms)
		BackupInstance (0ms)
		ReleaseScriptingObjects (0ms)
		CreateAndSetChildDomain (1ms)
	RebuildCommonClasses (38ms)
	RebuildNativeTypeToScriptingClass (11ms)
	initialDomainReloadingComplete (73ms)
	LoadAllAssembliesAndSetupDomain (176ms)
		LoadAssemblies (150ms)
		RebuildTransferFunctionScriptingTraits (0ms)
		AnalyzeDomain (170ms)
			TypeCache.Refresh (169ms)
				TypeCache.ScanAssembly (155ms)
			BuildScriptInfoCaches (0ms)
			ResolveRequiredComponents (0ms)
	FinalizeReload (780ms)
		ReleaseScriptCaches (0ms)
		RebuildScriptCaches (0ms)
		SetupLoadedEditorAssemblies (721ms)
			LogAssemblyErrors (0ms)
			InitializePlatformSupportModulesInManaged (487ms)
			SetLoadedEditorAssemblies (4ms)
			BeforeProcessingInitializeOnLoad (51ms)
			ProcessInitializeOnLoadAttributes (119ms)
			ProcessInitializeOnLoadMethodAttributes (60ms)
			AfterProcessingInitializeOnLoad (0ms)
			EditorAssembliesLoaded (0ms)
		ExecutionOrderSort2 (0ms)
		AwakeInstancesAfterBackupRestoration (0ms)
========================================================================
Worker process is ready to serve import requests
Import Worker Mode flag is 0x00
Begin MonoManager ReloadAssembly
- Loaded All Assemblies, in  1.212 seconds
Script 'CharacterController' has the same name as built-in Unity component.
AddComponent and GetComponent will not work with this script.
'Packages/com.unity.xr.openxr/Runtime/OpenXRLoader.cs' contains partial class of Unity.Object, exactly 1 of the partial classes needs to be in a file with the same filename. This is to know the one that can be referenced from ie. GameObjects
'Packages/com.meta.xr.sdk.core/Editor/BuildingBlocks/BlocksWindow.cs' contains partial class of Unity.Object, exactly 1 of the partial classes needs to be in a file with the same filename. This is to know the one that can be referenced from ie. GameObjects
'Packages/com.unity.xr.openxr/Runtime/OpenXRLoaderInternal.cs' contains partial class of Unity.Object, exactly 1 of the partial classes needs to be in a file with the same filename. This is to know the one that can be referenced from ie. GameObjects
'Packages/com.meta.xr.sdk.core/Editor/BuildingBlocks/BlocksWindowDetailsExtension.cs' contains partial class of Unity.Object, exactly 1 of the partial classes needs to be in a file with the same filename. This is to know the one that can be referenced from ie. GameObjects
'Packages/com.meta.xr.sdk.core/Editor/BuildingBlocks/BlocksWindowCollectionsPageExtension.cs' contains partial class of Unity.Object, exactly 1 of the partial classes needs to be in a file with the same filename. This is to know the one that can be referenced from ie. GameObjects
Refreshing native plugins compatible for Editor in 21.02 ms, found 14 plugins.
Native extension for Android target not found
Native extension for UWP target not found
Native extension for WindowsStandalone target not found
Package Manager log level set to [2]
[Package Manager] Failed to launch server process. Reason: Unity was launched with the -noUpm command-line argument
[Package Manager] Unable to send message (not connected to server process).
[Package Manager] Cannot connect to Unity Package Manager local server
[Package Manager] Failed to launch server process. Reason: Unity was launched with the -noUpm command-line argument
[Package Manager] Unable to send message (not connected to server process).
[Package Manager] Cannot connect to Unity Package Manager local server
Refreshing native plugins compatible for Editor in 20.87 ms, found 14 plugins.
[Package Manager] Failed to launch server process. Reason: Unity was launched with the -noUpm command-line argument
[Package Manager] Unable to send message (not connected to server process).
[Package Manager] Cannot connect to Unity Package Manager local server
System.Reflection.TargetInvocationException: Exception has been thrown by the target of an invocation. ---> System.TypeInitializationException: The type initializer for 'UnityEditor.XR.Interaction.Toolkit.Samples.SpatialKeyboard.Editor.SpatialKeyboardSampleProjectValidation' threw an exception. ---> System.NullReferenceException: Object reference not set to an instance of an object
  at Unity.XR.CoreUtils.Editor.PackageVersionUtility.UpdatePackageVersions () [0x00034] in .\Library\PackageCache\com.unity.xr.core-utils@c0df0dd5bced\Editor\ProjectValidation\PackageVersionUtility.cs:46 
  at Unity.XR.CoreUtils.Editor.PackageVersionUtility.GetPackageVersion (System.String packageName) [0x00011] in .\Library\PackageCache\com.unity.xr.core-utils@c0df0dd5bced\Editor\ProjectValidation\PackageVersionUtility.cs:67 
  at UnityEditor.XR.Interaction.Toolkit.Samples.SpatialKeyboard.Editor.SpatialKeyboardSampleProjectValidation..cctor () [0x00023] in D:\Carpetas del sistema NO BORRAR\GITHUB DESKTOP REPO\RealidadMixta_Iot_pruebas\Industria_IOT_MR_unity6\Assets\Samples\XR Interaction Toolkit\3.0.8\Spatial Keyboard\Editor\Scripts\SpatialKeyboardSampleProjectValidation.cs:39 
   --- End of inner exception stack trace ---
  at (wrapper managed-to-native) System.Object.__icall_wrapper_mono_gc_wbarrier_generic_nostore_internal(intptr)
  at (wrapper write-barrier) System.Object.wbarrier_conc(intptr)
  at (wrapper managed-to-native) System.Reflection.RuntimeMethodInfo.InternalInvoke(System.Reflection.RuntimeMethodInfo,object,object[],System.Exception&)
  at System.Reflection.RuntimeMethodInfo.Invoke (System.Object obj, System.Reflection.BindingFlags invokeAttr, System.Reflection.Binder binder, System.Object[] parameters, System.Globalization.CultureInfo culture) [0x0006a] in <191a1970a53948f9819ac1d2e4f5c72e>:0 
   --- End of inner exception stack trace ---
  at System.Reflection.RuntimeMethodInfo.Invoke (System.Object obj, System.Reflection.BindingFlags invokeAttr, System.Reflection.Binder binder, System.Object[] parameters, System.Globalization.CultureInfo culture) [0x00083] in <191a1970a53948f9819ac1d2e4f5c72e>:0 
  at System.Reflection.MethodBase.Invoke (System.Object obj, System.Object[] parameters) [0x00000] in <191a1970a53948f9819ac1d2e4f5c72e>:0 
  at UnityEditor.EditorAssemblies.ProcessInitializeOnLoadMethodAttributes () [0x00056] in <2f9d421960d84dffaa88793de0f4b5f3>:0 
UnityEngine.Debug:ExtractStackTraceNoAlloc (byte*,int,string)
UnityEngine.StackTraceUtility:ExtractStackTrace ()
UnityEngine.DebugLogHandler:Internal_Log (UnityEngine.LogType,UnityEngine.LogOption,string,UnityEngine.Object)
UnityEngine.DebugLogHandler:LogFormat (UnityEngine.LogType,UnityEngine.Object,string,object[])
UnityEngine.Logger:Log (UnityEngine.LogType,object)
UnityEngine.Debug:LogError (object)
UnityEditor.EditorAssemblies:ProcessInitializeOnLoadMethodAttributes ()

Mono: successfully reloaded assembly
[Package Manager] Failed to launch server process. Reason: Unity was launched with the -noUpm command-line argument
[Package Manager] Unable to send message (not connected to server process).
[Package Manager] Cannot connect to Unity Package Manager local server
[Package Manager] Failed to launch server process. Reason: Unity was launched with the -noUpm command-line argument
[Package Manager] Unable to send message (not connected to server process).
[Package Manager] Cannot connect to Unity Package Manager local server
- Finished resetting the current domain, in  1.417 seconds
Domain Reload Profiling: 2606ms
	BeginReloadAssembly (199ms)
		ExecutionOrderSort (0ms)
		DisableScriptedObjects (6ms)
		BackupInstance (0ms)
		ReleaseScriptingObjects (0ms)
		CreateAndSetChildDomain (33ms)
	RebuildCommonClasses (44ms)
	RebuildNativeTypeToScriptingClass (13ms)
	initialDomainReloadingComplete (59ms)
	LoadAllAssembliesAndSetupDomain (873ms)
		LoadAssemblies (613ms)
		RebuildTransferFunctionScriptingTraits (0ms)
		AnalyzeDomain (384ms)
			TypeCache.Refresh (267ms)
				TypeCache.ScanAssembly (244ms)
			BuildScriptInfoCaches (91ms)
			ResolveRequiredComponents (23ms)
	FinalizeReload (1417ms)
		ReleaseScriptCaches (0ms)
		RebuildScriptCaches (0ms)
		SetupLoadedEditorAssemblies (1210ms)
			LogAssemblyErrors (0ms)
			InitializePlatformSupportModulesInManaged (17ms)
			SetLoadedEditorAssemblies (8ms)
			BeforeProcessingInitializeOnLoad (228ms)
			ProcessInitializeOnLoadAttributes (716ms)
			ProcessInitializeOnLoadMethodAttributes (227ms)
			AfterProcessingInitializeOnLoad (15ms)
			EditorAssembliesLoaded (1ms)
		ExecutionOrderSort2 (0ms)
		AwakeInstancesAfterBackupRestoration (7ms)
Shader 'Oculus/OVRMRCameraFrameLit': fallback shader 'Alpha-Diffuse' not found
Launched and connected shader compiler UnityShaderCompiler.exe after 0.02 seconds
Refreshing native plugins compatible for Editor in 37.40 ms, found 14 plugins.
Preloading 0 native plugins for Editor in 0.00 ms.
Unloading 338 Unused Serialized files (Serialized files now loaded: 0)
Unloading 8975 unused Assets / (9.8 MB). Loaded Objects now: 9791.
Memory consumption went from 222.9 MB to 213.1 MB.
Total: 29.021800 ms (FindLiveObjects: 1.769200 ms CreateObjectMapping: 2.437900 ms MarkObjects: 15.828000 ms  DeleteObjects: 8.984900 ms)

========================================================================
Received Import Request.
  Time since last request: 138321.319691 seconds.
  path: Assets/0_Scenes/panel 1.unity
  artifactKey: Guid(c3ae14683ab305c4c82f536174eb4f69) Importer(815301076,1909f56bfc062723c751e8b465ee728b)
Start importing Assets/0_Scenes/panel 1.unity using Guid(c3ae14683ab305c4c82f536174eb4f69) Importer(815301076,1909f56bfc062723c751e8b465ee728b) (PreviewImporter) -> (artifact id: 'e65b92f86a93e463f1c61aa0678fb883') in 0.0100394 seconds
Number of updated asset objects reloaded before import = 0Number of asset objects unloaded after import = 0

========================================================================
Received Import Request.
  Time since last request: 28.693041 seconds.
  path: Assets/Samples/Meta XR Interaction SDK Essentials/74.0.0
  artifactKey: Guid(aa190994f27b3344d897ba0f74b49589) Importer(815301076,1909f56bfc062723c751e8b465ee728b)
Start importing Assets/Samples/Meta XR Interaction SDK Essentials/74.0.0 using Guid(aa190994f27b3344d897ba0f74b49589) Importer(815301076,1909f56bfc062723c751e8b465ee728b) (PreviewImporter) -> (artifact id: 'c9edd335397dacb464588c1bcda0a0ad') in 0.0016802 seconds
Number of updated asset objects reloaded before import = 0Number of asset objects unloaded after import = 0

========================================================================
Received Import Request.
  Time since last request: 9.028337 seconds.
  path: Assets/0_Scenes/UnityXRComprehensiveRigExample 1.unity
  artifactKey: Guid(a8c33ce337cad794cba4f2929a544858) Importer(815301076,1909f56bfc062723c751e8b465ee728b)
Start importing Assets/0_Scenes/UnityXRComprehensiveRigExample 1.unity using Guid(a8c33ce337cad794cba4f2929a544858) Importer(815301076,1909f56bfc062723c751e8b465ee728b) (PreviewImporter) -> (artifact id: '5ecd5b5528e5178f1600bebef51883ee') in 0.0009617 seconds
Number of updated asset objects reloaded before import = 0Number of asset objects unloaded after import = 0

========================================================================
Received Import Request.
  Time since last request: 66.936121 seconds.
  path: Assets/Samples/XR Interaction Toolkit/3.0.8/AR Starter Assets/Prefabs/XR Origin (AR Rig).prefab
  artifactKey: Guid(48cb3fb68c91eb94999fd99957eb0cae) Importer(815301076,1909f56bfc062723c751e8b465ee728b)
Start importing Assets/Samples/XR Interaction Toolkit/3.0.8/AR Starter Assets/Prefabs/XR Origin (AR Rig).prefab using Guid(48cb3fb68c91eb94999fd99957eb0cae) Importer(815301076,1909f56bfc062723c751e8b465ee728b) (PreviewImporter) -> (artifact id: '667a499745572b8a6d079cb5bd6079c7') in 0.0704764 seconds
Number of updated asset objects reloaded before import = 0Number of asset objects unloaded after import = 53

========================================================================
Received Prepare
Begin MonoManager ReloadAssembly
- Loaded All Assemblies, in  1.217 seconds
Script 'CharacterController' has the same name as built-in Unity component.
AddComponent and GetComponent will not work with this script.
'Packages/com.unity.xr.openxr/Runtime/OpenXRLoader.cs' contains partial class of Unity.Object, exactly 1 of the partial classes needs to be in a file with the same filename. This is to know the one that can be referenced from ie. GameObjects
'Packages/com.meta.xr.sdk.core/Editor/BuildingBlocks/BlocksWindow.cs' contains partial class of Unity.Object, exactly 1 of the partial classes needs to be in a file with the same filename. This is to know the one that can be referenced from ie. GameObjects
'Packages/com.unity.xr.openxr/Runtime/OpenXRLoaderInternal.cs' contains partial class of Unity.Object, exactly 1 of the partial classes needs to be in a file with the same filename. This is to know the one that can be referenced from ie. GameObjects
'Packages/com.meta.xr.sdk.core/Editor/BuildingBlocks/BlocksWindowDetailsExtension.cs' contains partial class of Unity.Object, exactly 1 of the partial classes needs to be in a file with the same filename. This is to know the one that can be referenced from ie. GameObjects
'Packages/com.meta.xr.sdk.core/Editor/BuildingBlocks/BlocksWindowCollectionsPageExtension.cs' contains partial class of Unity.Object, exactly 1 of the partial classes needs to be in a file with the same filename. This is to know the one that can be referenced from ie. GameObjects
Refreshing native plugins compatible for Editor in 22.72 ms, found 14 plugins.
Assertion failed on expression: 'pred(*previous, *i)'
Assertion failed on expression: 'pred(*previous, *i)'
Assertion failed on expression: 'pred(*previous, *i)'
Assertion failed on expression: 'pred(*previous, *i)'
Assertion failed on expression: 'pred(*previous, *i)'
Assertion failed on expression: 'pred(*previous, *i)'
Assertion failed on expression: 'pred(*previous, *i)'
Native extension for Android target not found
Native extension for UWP target not found
Native extension for WindowsStandalone target not found
[Package Manager] Failed to launch server process. Reason: Unity was launched with the -noUpm command-line argument
[Package Manager] Unable to send message (not connected to server process).
[Package Manager] Cannot connect to Unity Package Manager local server
[Package Manager] Failed to launch server process. Reason: Unity was launched with the -noUpm command-line argument
[Package Manager] Unable to send message (not connected to server process).
[Package Manager] Cannot connect to Unity Package Manager local server
Refreshing native plugins compatible for Editor in 23.36 ms, found 14 plugins.
[Package Manager] Failed to launch server process. Reason: Unity was launched with the -noUpm command-line argument
[Package Manager] Unable to send message (not connected to server process).
[Package Manager] Cannot connect to Unity Package Manager local server
System.Reflection.TargetInvocationException: Exception has been thrown by the target of an invocation. ---> System.TypeInitializationException: The type initializer for 'UnityEditor.XR.Interaction.Toolkit.Samples.SpatialKeyboard.Editor.SpatialKeyboardSampleProjectValidation' threw an exception. ---> System.NullReferenceException: Object reference not set to an instance of an object
  at Unity.XR.CoreUtils.Editor.PackageVersionUtility.UpdatePackageVersions () [0x00034] in .\Library\PackageCache\com.unity.xr.core-utils@c0df0dd5bced\Editor\ProjectValidation\PackageVersionUtility.cs:46 
  at Unity.XR.CoreUtils.Editor.PackageVersionUtility.GetPackageVersion (System.String packageName) [0x00011] in .\Library\PackageCache\com.unity.xr.core-utils@c0df0dd5bced\Editor\ProjectValidation\PackageVersionUtility.cs:67 
  at UnityEditor.XR.Interaction.Toolkit.Samples.SpatialKeyboard.Editor.SpatialKeyboardSampleProjectValidation..cctor () [0x00023] in D:\Carpetas del sistema NO BORRAR\GITHUB DESKTOP REPO\RealidadMixta_Iot_pruebas\Industria_IOT_MR_unity6\Assets\Samples\XR Interaction Toolkit\3.0.8\Spatial Keyboard\Editor\Scripts\SpatialKeyboardSampleProjectValidation.cs:39 
   --- End of inner exception stack trace ---
  at (wrapper managed-to-native) System.Object.__icall_wrapper_mono_gc_wbarrier_generic_nostore_internal(intptr)
  at (wrapper write-barrier) System.Object.wbarrier_conc(intptr)
  at (wrapper managed-to-native) System.Reflection.RuntimeMethodInfo.InternalInvoke(System.Reflection.RuntimeMethodInfo,object,object[],System.Exception&)
  at System.Reflection.RuntimeMethodInfo.Invoke (System.Object obj, System.Reflection.BindingFlags invokeAttr, System.Reflection.Binder binder, System.Object[] parameters, System.Globalization.CultureInfo culture) [0x0006a] in <191a1970a53948f9819ac1d2e4f5c72e>:0 
   --- End of inner exception stack trace ---
  at System.Reflection.RuntimeMethodInfo.Invoke (System.Object obj, System.Reflection.BindingFlags invokeAttr, System.Reflection.Binder binder, System.Object[] parameters, System.Globalization.CultureInfo culture) [0x00083] in <191a1970a53948f9819ac1d2e4f5c72e>:0 
  at System.Reflection.MethodBase.Invoke (System.Object obj, System.Object[] parameters) [0x00000] in <191a1970a53948f9819ac1d2e4f5c72e>:0 
  at UnityEditor.EditorAssemblies.ProcessInitializeOnLoadMethodAttributes () [0x00056] in <2f9d421960d84dffaa88793de0f4b5f3>:0 
UnityEngine.Debug:ExtractStackTraceNoAlloc (byte*,int,string)
UnityEngine.StackTraceUtility:ExtractStackTrace ()
UnityEngine.DebugLogHandler:Internal_Log (UnityEngine.LogType,UnityEngine.LogOption,string,UnityEngine.Object)
UnityEngine.DebugLogHandler:LogFormat (UnityEngine.LogType,UnityEngine.Object,string,object[])
UnityEngine.Logger:Log (UnityEngine.LogType,object)
UnityEngine.Debug:LogError (object)
UnityEditor.EditorAssemblies:ProcessInitializeOnLoadMethodAttributes ()

Mono: successfully reloaded assembly
[Package Manager] Failed to launch server process. Reason: Unity was launched with the -noUpm command-line argument
[Package Manager] Unable to send message (not connected to server process).
[Package Manager] Cannot connect to Unity Package Manager local server
- Finished resetting the current domain, in  1.504 seconds
Domain Reload Profiling: 2701ms
	BeginReloadAssembly (309ms)
		ExecutionOrderSort (0ms)
		DisableScriptedObjects (8ms)
		BackupInstance (0ms)
		ReleaseScriptingObjects (0ms)
		CreateAndSetChildDomain (78ms)
	RebuildCommonClasses (47ms)
	RebuildNativeTypeToScriptingClass (16ms)
	initialDomainReloadingComplete (61ms)
	LoadAllAssembliesAndSetupDomain (763ms)
		LoadAssemblies (654ms)
		RebuildTransferFunctionScriptingTraits (0ms)
		AnalyzeDomain (265ms)
			TypeCache.Refresh (7ms)
				TypeCache.ScanAssembly (0ms)
			BuildScriptInfoCaches (232ms)
			ResolveRequiredComponents (21ms)
	FinalizeReload (1504ms)
		ReleaseScriptCaches (0ms)
		RebuildScriptCaches (0ms)
		SetupLoadedEditorAssemblies (1206ms)
			LogAssemblyErrors (0ms)
			InitializePlatformSupportModulesInManaged (16ms)
			SetLoadedEditorAssemblies (7ms)
			BeforeProcessingInitializeOnLoad (258ms)
			ProcessInitializeOnLoadAttributes (664ms)
			ProcessInitializeOnLoadMethodAttributes (238ms)
			AfterProcessingInitializeOnLoad (22ms)
			EditorAssembliesLoaded (1ms)
		ExecutionOrderSort2 (0ms)
		AwakeInstancesAfterBackupRestoration (23ms)
Shader 'Oculus/OVRMRCameraFrameLit': fallback shader 'Alpha-Diffuse' not found
Refreshing native plugins compatible for Editor in 34.90 ms, found 14 plugins.
Preloading 0 native plugins for Editor in 0.00 ms.
Unloading 62 Unused Serialized files (Serialized files now loaded: 0)
Unloading 8973 unused Assets / (9.2 MB). Loaded Objects now: 9809.
Memory consumption went from 250.0 MB to 240.8 MB.
Total: 28.789500 ms (FindLiveObjects: 1.634900 ms CreateObjectMapping: 2.154000 ms MarkObjects: 14.370600 ms  DeleteObjects: 10.628600 ms)

Prepare: number of updated asset objects reloaded= 0
========================================================================
Received Import Request.
  Time since last request: 191.226680 seconds.
  path: Assets/Samples/XR Interaction Toolkit/3.0.8/Hands Interaction Demo/HandsDemoSceneAssets/Scripts
  artifactKey: Guid(7a569e7260117d1418a7faa6fd6fda2c) Importer(815301076,1909f56bfc062723c751e8b465ee728b)
Start importing Assets/Samples/XR Interaction Toolkit/3.0.8/Hands Interaction Demo/HandsDemoSceneAssets/Scripts using Guid(7a569e7260117d1418a7faa6fd6fda2c) Importer(815301076,1909f56bfc062723c751e8b465ee728b) (PreviewImporter) -> (artifact id: 'e5a94ab72031dbd0a19cacbdac7ce9df') in 0.0053406 seconds
Number of updated asset objects reloaded before import = 0Number of asset objects unloaded after import = 0

========================================================================
Received Import Request.
  Time since last request: 3.611850 seconds.
  path: Assets/Samples/XR Interaction Toolkit/3.0.8/Hands Interaction Demo/HandsDemoSceneAssets/Prefabs/Arrow.prefab
  artifactKey: Guid(d56cf1aacbea4704cac4d7983df1a0ad) Importer(815301076,1909f56bfc062723c751e8b465ee728b)
Start importing Assets/Samples/XR Interaction Toolkit/3.0.8/Hands Interaction Demo/HandsDemoSceneAssets/Prefabs/Arrow.prefab using Guid(d56cf1aacbea4704cac4d7983df1a0ad) Importer(815301076,1909f56bfc062723c751e8b465ee728b) (PreviewImporter) -> (artifact id: 'c6d359af359468a72ed7ebe4922ae6b7') in 0.5273849 seconds
Number of updated asset objects reloaded before import = 0Number of asset objects unloaded after import = 51

========================================================================
Received Import Request.
  Time since last request: 0.565547 seconds.
  path: Assets/Samples/XR Interaction Toolkit/3.0.8/Hands Interaction Demo/HandsDemoSceneAssets/Prefabs/Cube.prefab
  artifactKey: Guid(f5afcb7f49afad5419049090809f5cc7) Importer(815301076,1909f56bfc062723c751e8b465ee728b)
Start importing Assets/Samples/XR Interaction Toolkit/3.0.8/Hands Interaction Demo/HandsDemoSceneAssets/Prefabs/Cube.prefab using Guid(f5afcb7f49afad5419049090809f5cc7) Importer(815301076,1909f56bfc062723c751e8b465ee728b) (PreviewImporter) -> (artifact id: 'f823e05d414ba1cb904a2e04fe265358') in 0.0227694 seconds
Number of updated asset objects reloaded before import = 0Number of asset objects unloaded after import = 40

========================================================================
Received Import Request.
  Time since last request: 0.134662 seconds.
  path: Assets/Samples/XR Interaction Toolkit/3.0.8/Hands Interaction Demo/HandsDemoSceneAssets/Prefabs/Cube.prefab
  artifactKey: Guid(f5afcb7f49afad5419049090809f5cc7) Importer(815301076,1909f56bfc062723c751e8b465ee728b)
Start importing Assets/Samples/XR Interaction Toolkit/3.0.8/Hands Interaction Demo/HandsDemoSceneAssets/Prefabs/Cube.prefab using Guid(f5afcb7f49afad5419049090809f5cc7) Importer(815301076,1909f56bfc062723c751e8b465ee728b) (PreviewImporter) -> (artifact id: '8d2b84ea96d338ffe4e5732487904600') in 0.0277441 seconds
Number of updated asset objects reloaded before import = 0Number of asset objects unloaded after import = 40

========================================================================
Received Import Request.
  Time since last request: 0.679847 seconds.
  path: Assets/Samples/XR Interaction Toolkit/3.0.8/Hands Interaction Demo/HandsDemoSceneAssets/Prefabs/PawnController.prefab
  artifactKey: Guid(a5f97d75a3184ad46aef39618607e083) Importer(815301076,1909f56bfc062723c751e8b465ee728b)
Start importing Assets/Samples/XR Interaction Toolkit/3.0.8/Hands Interaction Demo/HandsDemoSceneAssets/Prefabs/PawnController.prefab using Guid(a5f97d75a3184ad46aef39618607e083) Importer(815301076,1909f56bfc062723c751e8b465ee728b) (PreviewImporter) -> (artifact id: '4e561f795798a851ab98a25ed29a59eb') in 0.0316168 seconds
Number of updated asset objects reloaded before import = 0Number of asset objects unloaded after import = 40

========================================================================
Received Import Request.
  Time since last request: 1.973302 seconds.
  path: Assets/Samples/XR Interaction Toolkit/3.0.8/Hands Interaction Demo/HandsDemoSceneAssets/Prefabs/TableHandle.prefab
  artifactKey: Guid(ed5fdb8d3e523e94ca6d8a239d40615a) Importer(815301076,1909f56bfc062723c751e8b465ee728b)
Start importing Assets/Samples/XR Interaction Toolkit/3.0.8/Hands Interaction Demo/HandsDemoSceneAssets/Prefabs/TableHandle.prefab using Guid(ed5fdb8d3e523e94ca6d8a239d40615a) Importer(815301076,1909f56bfc062723c751e8b465ee728b) (PreviewImporter) -> (artifact id: '679d29466681c1e80722914bc3cedab9') in 0.0251412 seconds
Number of updated asset objects reloaded before import = 0Number of asset objects unloaded after import = 49

========================================================================
Received Import Request.
  Time since last request: 0.161324 seconds.
  path: Assets/Samples/XR Interaction Toolkit/3.0.8/Hands Interaction Demo/HandsDemoSceneAssets/Prefabs/TableHandle.prefab
  artifactKey: Guid(ed5fdb8d3e523e94ca6d8a239d40615a) Importer(815301076,1909f56bfc062723c751e8b465ee728b)
Start importing Assets/Samples/XR Interaction Toolkit/3.0.8/Hands Interaction Demo/HandsDemoSceneAssets/Prefabs/TableHandle.prefab using Guid(ed5fdb8d3e523e94ca6d8a239d40615a) Importer(815301076,1909f56bfc062723c751e8b465ee728b) (PreviewImporter) -> (artifact id: '0e550706a5d259831bb12fd5409f6d16') in 0.0156249 seconds
Number of updated asset objects reloaded before import = 0Number of asset objects unloaded after import = 49

========================================================================
Received Import Request.
  Time since last request: 18.665526 seconds.
  path: Assets/Samples/XR Interaction Toolkit/3.0.8/Hands Interaction Demo/HandsDemoSceneAssets/Prefabs/PokeButton.prefab
  artifactKey: Guid(d661f645c81f29b4aa596207971ae441) Importer(815301076,1909f56bfc062723c751e8b465ee728b)
Start importing Assets/Samples/XR Interaction Toolkit/3.0.8/Hands Interaction Demo/HandsDemoSceneAssets/Prefabs/PokeButton.prefab using Guid(d661f645c81f29b4aa596207971ae441) Importer(815301076,1909f56bfc062723c751e8b465ee728b) (PreviewImporter) -> (artifact id: 'cebb5325e92f8c2dd594bec0f36e833d') in 0.0309997 seconds
Number of updated asset objects reloaded before import = 0Number of asset objects unloaded after import = 60

========================================================================
Received Import Request.
  Time since last request: 24.457009 seconds.
  path: Assets/Samples/XR Interaction Toolkit/3.0.8/Hands Interaction Demo/HandsDemoSceneAssets/Models/Primitives/Cylinder.fbx
  artifactKey: Guid(bf65382e5e6d14e7f8140e4204ce07e2) Importer(815301076,1909f56bfc062723c751e8b465ee728b)
Start importing Assets/Samples/XR Interaction Toolkit/3.0.8/Hands Interaction Demo/HandsDemoSceneAssets/Models/Primitives/Cylinder.fbx using Guid(bf65382e5e6d14e7f8140e4204ce07e2) Importer(815301076,1909f56bfc062723c751e8b465ee728b) (PreviewImporter) -> (artifact id: '79a91f9a9c4cee97cfe224f20787a6d4') in 0.0358543 seconds
Number of updated asset objects reloaded before import = 0Number of asset objects unloaded after import = 8

========================================================================
Received Import Request.
  Time since last request: 0.567362 seconds.
  path: Assets/Samples/XR Interaction Toolkit/3.0.8/Hands Interaction Demo/HandsDemoSceneAssets/Models/Primitives/Disc.fbx
  artifactKey: Guid(c3bde1a6f623d4b569b67c73aedfebbf) Importer(815301076,1909f56bfc062723c751e8b465ee728b)
Start importing Assets/Samples/XR Interaction Toolkit/3.0.8/Hands Interaction Demo/HandsDemoSceneAssets/Models/Primitives/Disc.fbx using Guid(c3bde1a6f623d4b569b67c73aedfebbf) Importer(815301076,1909f56bfc062723c751e8b465ee728b) (PreviewImporter) -> (artifact id: '606e7c371e721e9b0b02bffd4b6d53ae') in 0.0185885 seconds
Number of updated asset objects reloaded before import = 0Number of asset objects unloaded after import = 8

========================================================================
Received Import Request.
  Time since last request: 42.014566 seconds.
  path: Assets/Samples/XR Interaction Toolkit/3.0.8/Hands Interaction Demo/Prefabs/PinchPointStabilized.prefab
  artifactKey: Guid(88b12c0ca81d9a34eac32a1e1bd19b1c) Importer(815301076,1909f56bfc062723c751e8b465ee728b)
Start importing Assets/Samples/XR Interaction Toolkit/3.0.8/Hands Interaction Demo/Prefabs/PinchPointStabilized.prefab using Guid(88b12c0ca81d9a34eac32a1e1bd19b1c) Importer(815301076,1909f56bfc062723c751e8b465ee728b) (PreviewImporter) -> (artifact id: '0f404c658288022236980a9783cd94b4') in 0.0193746 seconds
Number of updated asset objects reloaded before import = 0Number of asset objects unloaded after import = 32

========================================================================
Received Import Request.
  Time since last request: 9.928561 seconds.
  path: Assets/Samples/XR Interaction Toolkit/3.0.8/Hands Interaction Demo/Shaders/Subgraphs
  artifactKey: Guid(4f0b4cf401045ea4ba36bf058f7e9a5e) Importer(815301076,1909f56bfc062723c751e8b465ee728b)
Start importing Assets/Samples/XR Interaction Toolkit/3.0.8/Hands Interaction Demo/Shaders/Subgraphs using Guid(4f0b4cf401045ea4ba36bf058f7e9a5e) Importer(815301076,1909f56bfc062723c751e8b465ee728b) (PreviewImporter) -> (artifact id: '6d0a8a83f9a8c20611dc777ad93e2019') in 0.0008105 seconds
Number of updated asset objects reloaded before import = 0Number of asset objects unloaded after import = 0

========================================================================
Received Import Request.
  Time since last request: 10.770540 seconds.
  path: Assets/Samples/XR Interaction Toolkit/3.0.8/Spatial Keyboard/Audio/Button_22_click.wav
  artifactKey: Guid(f81fcd9edaa84754869e9e9acb3aece4) Importer(815301076,1909f56bfc062723c751e8b465ee728b)
Start importing Assets/Samples/XR Interaction Toolkit/3.0.8/Spatial Keyboard/Audio/Button_22_click.wav using Guid(f81fcd9edaa84754869e9e9acb3aece4) Importer(815301076,1909f56bfc062723c751e8b465ee728b) (PreviewImporter) -> (artifact id: 'f7b5004d20afea73f7cedc268f8484b1') in 0.0282159 seconds
Number of updated asset objects reloaded before import = 0Number of asset objects unloaded after import = 2

========================================================================
Received Prepare
Begin MonoManager ReloadAssembly
- Loaded All Assemblies, in  1.231 seconds
Script 'CharacterController' has the same name as built-in Unity component.
AddComponent and GetComponent will not work with this script.
'Packages/com.unity.xr.openxr/Runtime/OpenXRLoader.cs' contains partial class of Unity.Object, exactly 1 of the partial classes needs to be in a file with the same filename. This is to know the one that can be referenced from ie. GameObjects
'Packages/com.meta.xr.sdk.core/Editor/BuildingBlocks/BlocksWindow.cs' contains partial class of Unity.Object, exactly 1 of the partial classes needs to be in a file with the same filename. This is to know the one that can be referenced from ie. GameObjects
'Packages/com.unity.xr.openxr/Runtime/OpenXRLoaderInternal.cs' contains partial class of Unity.Object, exactly 1 of the partial classes needs to be in a file with the same filename. This is to know the one that can be referenced from ie. GameObjects
'Packages/com.meta.xr.sdk.core/Editor/BuildingBlocks/BlocksWindowDetailsExtension.cs' contains partial class of Unity.Object, exactly 1 of the partial classes needs to be in a file with the same filename. This is to know the one that can be referenced from ie. GameObjects
'Packages/com.meta.xr.sdk.core/Editor/BuildingBlocks/BlocksWindowCollectionsPageExtension.cs' contains partial class of Unity.Object, exactly 1 of the partial classes needs to be in a file with the same filename. This is to know the one that can be referenced from ie. GameObjects
Refreshing native plugins compatible for Editor in 20.60 ms, found 14 plugins.
Assertion failed on expression: 'pred(*previous, *i)'
Assertion failed on expression: 'pred(*previous, *i)'
Assertion failed on expression: 'pred(*previous, *i)'
Assertion failed on expression: 'pred(*previous, *i)'
Assertion failed on expression: 'pred(*previous, *i)'
Assertion failed on expression: 'pred(*previous, *i)'
Assertion failed on expression: 'pred(*previous, *i)'
Native extension for Android target not found
Native extension for UWP target not found
Native extension for WindowsStandalone target not found
[Package Manager] Failed to launch server process. Reason: Unity was launched with the -noUpm command-line argument
[Package Manager] Unable to send message (not connected to server process).
[Package Manager] Cannot connect to Unity Package Manager local server
[Package Manager] Failed to launch server process. Reason: Unity was launched with the -noUpm command-line argument
[Package Manager] Unable to send message (not connected to server process).
[Package Manager] Cannot connect to Unity Package Manager local server
Refreshing native plugins compatible for Editor in 26.70 ms, found 14 plugins.
[Package Manager] Failed to launch server process. Reason: Unity was launched with the -noUpm command-line argument
[Package Manager] Unable to send message (not connected to server process).
[Package Manager] Cannot connect to Unity Package Manager local server
System.Reflection.TargetInvocationException: Exception has been thrown by the target of an invocation. ---> System.TypeInitializationException: The type initializer for 'UnityEditor.XR.Interaction.Toolkit.Samples.SpatialKeyboard.Editor.SpatialKeyboardSampleProjectValidation' threw an exception. ---> System.NullReferenceException: Object reference not set to an instance of an object
  at Unity.XR.CoreUtils.Editor.PackageVersionUtility.UpdatePackageVersions () [0x00034] in .\Library\PackageCache\com.unity.xr.core-utils@c0df0dd5bced\Editor\ProjectValidation\PackageVersionUtility.cs:46 
  at Unity.XR.CoreUtils.Editor.PackageVersionUtility.GetPackageVersion (System.String packageName) [0x00011] in .\Library\PackageCache\com.unity.xr.core-utils@c0df0dd5bced\Editor\ProjectValidation\PackageVersionUtility.cs:67 
  at UnityEditor.XR.Interaction.Toolkit.Samples.SpatialKeyboard.Editor.SpatialKeyboardSampleProjectValidation..cctor () [0x00023] in D:\Carpetas del sistema NO BORRAR\GITHUB DESKTOP REPO\RealidadMixta_Iot_pruebas\Industria_IOT_MR_unity6\Assets\Samples\XR Interaction Toolkit\3.0.8\Spatial Keyboard\Editor\Scripts\SpatialKeyboardSampleProjectValidation.cs:39 
   --- End of inner exception stack trace ---
  at (wrapper managed-to-native) System.Object.__icall_wrapper_mono_gc_wbarrier_generic_nostore_internal(intptr)
  at (wrapper write-barrier) System.Object.wbarrier_conc(intptr)
  at (wrapper managed-to-native) System.Reflection.RuntimeMethodInfo.InternalInvoke(System.Reflection.RuntimeMethodInfo,object,object[],System.Exception&)
  at System.Reflection.RuntimeMethodInfo.Invoke (System.Object obj, System.Reflection.BindingFlags invokeAttr, System.Reflection.Binder binder, System.Object[] parameters, System.Globalization.CultureInfo culture) [0x0006a] in <191a1970a53948f9819ac1d2e4f5c72e>:0 
   --- End of inner exception stack trace ---
  at System.Reflection.RuntimeMethodInfo.Invoke (System.Object obj, System.Reflection.BindingFlags invokeAttr, System.Reflection.Binder binder, System.Object[] parameters, System.Globalization.CultureInfo culture) [0x00083] in <191a1970a53948f9819ac1d2e4f5c72e>:0 
  at System.Reflection.MethodBase.Invoke (System.Object obj, System.Object[] parameters) [0x00000] in <191a1970a53948f9819ac1d2e4f5c72e>:0 
  at UnityEditor.EditorAssemblies.ProcessInitializeOnLoadMethodAttributes () [0x00056] in <2f9d421960d84dffaa88793de0f4b5f3>:0 
UnityEngine.Debug:ExtractStackTraceNoAlloc (byte*,int,string)
UnityEngine.StackTraceUtility:ExtractStackTrace ()
UnityEngine.DebugLogHandler:Internal_Log (UnityEngine.LogType,UnityEngine.LogOption,string,UnityEngine.Object)
UnityEngine.DebugLogHandler:LogFormat (UnityEngine.LogType,UnityEngine.Object,string,object[])
UnityEngine.Logger:Log (UnityEngine.LogType,object)
UnityEngine.Debug:LogError (object)
UnityEditor.EditorAssemblies:ProcessInitializeOnLoadMethodAttributes ()

Mono: successfully reloaded assembly
[Package Manager] Failed to launch server process. Reason: Unity was launched with the -noUpm command-line argument
[Package Manager] Unable to send message (not connected to server process).
[Package Manager] Cannot connect to Unity Package Manager local server
- Finished resetting the current domain, in  1.410 seconds
Domain Reload Profiling: 2622ms
	BeginReloadAssembly (319ms)
		ExecutionOrderSort (0ms)
		DisableScriptedObjects (21ms)
		BackupInstance (0ms)
		ReleaseScriptingObjects (0ms)
		CreateAndSetChildDomain (97ms)
	RebuildCommonClasses (43ms)
	RebuildNativeTypeToScriptingClass (12ms)
	initialDomainReloadingComplete (48ms)
	LoadAllAssembliesAndSetupDomain (789ms)
		LoadAssemblies (629ms)
		RebuildTransferFunctionScriptingTraits (0ms)
		AnalyzeDomain (293ms)
			TypeCache.Refresh (9ms)
				TypeCache.ScanAssembly (0ms)
			BuildScriptInfoCaches (256ms)
			ResolveRequiredComponents (24ms)
	FinalizeReload (1410ms)
		ReleaseScriptCaches (0ms)
		RebuildScriptCaches (0ms)
		SetupLoadedEditorAssemblies (1147ms)
			LogAssemblyErrors (0ms)
			InitializePlatformSupportModulesInManaged (14ms)
			SetLoadedEditorAssemblies (7ms)
			BeforeProcessingInitializeOnLoad (258ms)
			ProcessInitializeOnLoadAttributes (656ms)
			ProcessInitializeOnLoadMethodAttributes (196ms)
			AfterProcessingInitializeOnLoad (15ms)
			EditorAssembliesLoaded (1ms)
		ExecutionOrderSort2 (0ms)
		AwakeInstancesAfterBackupRestoration (16ms)
Shader 'Oculus/OVRMRCameraFrameLit': fallback shader 'Alpha-Diffuse' not found
Refreshing native plugins compatible for Editor in 32.55 ms, found 14 plugins.
Preloading 0 native plugins for Editor in 0.00 ms.
Unloading 53 Unused Serialized files (Serialized files now loaded: 0)
Unloading 8974 unused Assets / (10.8 MB). Loaded Objects now: 9852.
Memory consumption went from 237.2 MB to 226.4 MB.
Total: 30.280500 ms (FindLiveObjects: 1.622800 ms CreateObjectMapping: 2.176500 ms MarkObjects: 15.249300 ms  DeleteObjects: 11.230200 ms)

Prepare: number of updated asset objects reloaded= 0
========================================================================
Received Prepare
Begin MonoManager ReloadAssembly
- Loaded All Assemblies, in  1.205 seconds
Script 'CharacterController' has the same name as built-in Unity component.
AddComponent and GetComponent will not work with this script.
'Packages/com.unity.xr.openxr/Runtime/OpenXRLoader.cs' contains partial class of Unity.Object, exactly 1 of the partial classes needs to be in a file with the same filename. This is to know the one that can be referenced from ie. GameObjects
'Packages/com.meta.xr.sdk.core/Editor/BuildingBlocks/BlocksWindow.cs' contains partial class of Unity.Object, exactly 1 of the partial classes needs to be in a file with the same filename. This is to know the one that can be referenced from ie. GameObjects
'Packages/com.unity.xr.openxr/Runtime/OpenXRLoaderInternal.cs' contains partial class of Unity.Object, exactly 1 of the partial classes needs to be in a file with the same filename. This is to know the one that can be referenced from ie. GameObjects
'Packages/com.meta.xr.sdk.core/Editor/BuildingBlocks/BlocksWindowDetailsExtension.cs' contains partial class of Unity.Object, exactly 1 of the partial classes needs to be in a file with the same filename. This is to know the one that can be referenced from ie. GameObjects
'Packages/com.meta.xr.sdk.core/Editor/BuildingBlocks/BlocksWindowCollectionsPageExtension.cs' contains partial class of Unity.Object, exactly 1 of the partial classes needs to be in a file with the same filename. This is to know the one that can be referenced from ie. GameObjects
Refreshing native plugins compatible for Editor in 21.59 ms, found 14 plugins.
Assertion failed on expression: 'pred(*previous, *i)'
Assertion failed on expression: 'pred(*previous, *i)'
Assertion failed on expression: 'pred(*previous, *i)'
Assertion failed on expression: 'pred(*previous, *i)'
Assertion failed on expression: 'pred(*previous, *i)'
Assertion failed on expression: 'pred(*previous, *i)'
Assertion failed on expression: 'pred(*previous, *i)'
Native extension for Android target not found
Native extension for UWP target not found
Native extension for WindowsStandalone target not found
[Package Manager] Failed to launch server process. Reason: Unity was launched with the -noUpm command-line argument
[Package Manager] Unable to send message (not connected to server process).
[Package Manager] Cannot connect to Unity Package Manager local server
[Package Manager] Failed to launch server process. Reason: Unity was launched with the -noUpm command-line argument
[Package Manager] Unable to send message (not connected to server process).
[Package Manager] Cannot connect to Unity Package Manager local server
Refreshing native plugins compatible for Editor in 30.73 ms, found 14 plugins.
[Package Manager] Failed to launch server process. Reason: Unity was launched with the -noUpm command-line argument
[Package Manager] Unable to send message (not connected to server process).
[Package Manager] Cannot connect to Unity Package Manager local server
System.Reflection.TargetInvocationException: Exception has been thrown by the target of an invocation. ---> System.TypeInitializationException: The type initializer for 'UnityEditor.XR.Interaction.Toolkit.Samples.SpatialKeyboard.Editor.SpatialKeyboardSampleProjectValidation' threw an exception. ---> System.NullReferenceException: Object reference not set to an instance of an object
  at Unity.XR.CoreUtils.Editor.PackageVersionUtility.UpdatePackageVersions () [0x00034] in .\Library\PackageCache\com.unity.xr.core-utils@c0df0dd5bced\Editor\ProjectValidation\PackageVersionUtility.cs:46 
  at Unity.XR.CoreUtils.Editor.PackageVersionUtility.GetPackageVersion (System.String packageName) [0x00011] in .\Library\PackageCache\com.unity.xr.core-utils@c0df0dd5bced\Editor\ProjectValidation\PackageVersionUtility.cs:67 
  at UnityEditor.XR.Interaction.Toolkit.Samples.SpatialKeyboard.Editor.SpatialKeyboardSampleProjectValidation..cctor () [0x00023] in D:\Carpetas del sistema NO BORRAR\GITHUB DESKTOP REPO\RealidadMixta_Iot_pruebas\Industria_IOT_MR_unity6\Assets\Samples\XR Interaction Toolkit\3.0.8\Spatial Keyboard\Editor\Scripts\SpatialKeyboardSampleProjectValidation.cs:39 
   --- End of inner exception stack trace ---
  at (wrapper managed-to-native) System.Object.__icall_wrapper_mono_gc_wbarrier_generic_nostore_internal(intptr)
  at (wrapper write-barrier) System.Object.wbarrier_conc(intptr)
  at (wrapper managed-to-native) System.Reflection.RuntimeMethodInfo.InternalInvoke(System.Reflection.RuntimeMethodInfo,object,object[],System.Exception&)
  at System.Reflection.RuntimeMethodInfo.Invoke (System.Object obj, System.Reflection.BindingFlags invokeAttr, System.Reflection.Binder binder, System.Object[] parameters, System.Globalization.CultureInfo culture) [0x0006a] in <191a1970a53948f9819ac1d2e4f5c72e>:0 
   --- End of inner exception stack trace ---
  at System.Reflection.RuntimeMethodInfo.Invoke (System.Object obj, System.Reflection.BindingFlags invokeAttr, System.Reflection.Binder binder, System.Object[] parameters, System.Globalization.CultureInfo culture) [0x00083] in <191a1970a53948f9819ac1d2e4f5c72e>:0 
  at System.Reflection.MethodBase.Invoke (System.Object obj, System.Object[] parameters) [0x00000] in <191a1970a53948f9819ac1d2e4f5c72e>:0 
  at UnityEditor.EditorAssemblies.ProcessInitializeOnLoadMethodAttributes () [0x00056] in <2f9d421960d84dffaa88793de0f4b5f3>:0 
UnityEngine.Debug:ExtractStackTraceNoAlloc (byte*,int,string)
UnityEngine.StackTraceUtility:ExtractStackTrace ()
UnityEngine.DebugLogHandler:Internal_Log (UnityEngine.LogType,UnityEngine.LogOption,string,UnityEngine.Object)
UnityEngine.DebugLogHandler:LogFormat (UnityEngine.LogType,UnityEngine.Object,string,object[])
UnityEngine.Logger:Log (UnityEngine.LogType,object)
UnityEngine.Debug:LogError (object)
UnityEditor.EditorAssemblies:ProcessInitializeOnLoadMethodAttributes ()

Mono: successfully reloaded assembly
[Package Manager] Failed to launch server process. Reason: Unity was launched with the -noUpm command-line argument
[Package Manager] Unable to send message (not connected to server process).
[Package Manager] Cannot connect to Unity Package Manager local server
- Finished resetting the current domain, in  1.544 seconds
Domain Reload Profiling: 2722ms
	BeginReloadAssembly (288ms)
		ExecutionOrderSort (0ms)
		DisableScriptedObjects (6ms)
		BackupInstance (0ms)
		ReleaseScriptingObjects (0ms)
		CreateAndSetChildDomain (75ms)
	RebuildCommonClasses (40ms)
	RebuildNativeTypeToScriptingClass (13ms)
	initialDomainReloadingComplete (47ms)
	LoadAllAssembliesAndSetupDomain (789ms)
		LoadAssemblies (643ms)
		RebuildTransferFunctionScriptingTraits (0ms)
		AnalyzeDomain (281ms)
			TypeCache.Refresh (8ms)
				TypeCache.ScanAssembly (0ms)
			BuildScriptInfoCaches (246ms)
			ResolveRequiredComponents (23ms)
	FinalizeReload (1545ms)
		ReleaseScriptCaches (0ms)
		RebuildScriptCaches (0ms)
		SetupLoadedEditorAssemblies (1278ms)
			LogAssemblyErrors (0ms)
			InitializePlatformSupportModulesInManaged (14ms)
			SetLoadedEditorAssemblies (7ms)
			BeforeProcessingInitializeOnLoad (257ms)
			ProcessInitializeOnLoadAttributes (739ms)
			ProcessInitializeOnLoadMethodAttributes (240ms)
			AfterProcessingInitializeOnLoad (21ms)
			EditorAssembliesLoaded (1ms)
		ExecutionOrderSort2 (0ms)
		AwakeInstancesAfterBackupRestoration (17ms)
Shader 'Oculus/OVRMRCameraFrameLit': fallback shader 'Alpha-Diffuse' not found
Refreshing native plugins compatible for Editor in 34.79 ms, found 14 plugins.
Preloading 0 native plugins for Editor in 0.00 ms.
Unloading 53 Unused Serialized files (Serialized files now loaded: 0)
Unloading 8973 unused Assets / (9.2 MB). Loaded Objects now: 9855.
Memory consumption went from 237.0 MB to 227.8 MB.
Total: 28.773700 ms (FindLiveObjects: 1.959400 ms CreateObjectMapping: 2.650200 ms MarkObjects: 15.037000 ms  DeleteObjects: 9.125000 ms)

Prepare: number of updated asset objects reloaded= 0
========================================================================
Received Import Request.
  Time since last request: 543.240389 seconds.
  path: Assets/Samples/XR Interaction Toolkit/3.0.8/Starter Assets/DemoSceneAssets/Prefabs/Teleportation Environment.prefab
  artifactKey: Guid(3e07eccb5e6f459d886de95044adb1d9) Importer(815301076,1909f56bfc062723c751e8b465ee728b)
Start importing Assets/Samples/XR Interaction Toolkit/3.0.8/Starter Assets/DemoSceneAssets/Prefabs/Teleportation Environment.prefab using Guid(3e07eccb5e6f459d886de95044adb1d9) Importer(815301076,1909f56bfc062723c751e8b465ee728b) (PreviewImporter) -> (artifact id: '4fac46623e9e92f380d1b8b4069c7165') in 0.5231256 seconds
Number of updated asset objects reloaded before import = 0Number of asset objects unloaded after import = 167

========================================================================
Received Import Request.
  Time since last request: 11.712914 seconds.
  path: Assets/Samples/XR Interaction Toolkit/3.0.8/Starter Assets/DemoSceneAssets/Prefabs/Poke Interactions Sample.prefab
  artifactKey: Guid(88246f8e9c3765d49be8da34eca3c630) Importer(815301076,1909f56bfc062723c751e8b465ee728b)
Start importing Assets/Samples/XR Interaction Toolkit/3.0.8/Starter Assets/DemoSceneAssets/Prefabs/Poke Interactions Sample.prefab using Guid(88246f8e9c3765d49be8da34eca3c630) Importer(815301076,1909f56bfc062723c751e8b465ee728b) (PreviewImporter) -> (artifact id: 'f17d7028a548509ca6aa5b7ef1a11f2c') in 0.0415338 seconds
Number of updated asset objects reloaded before import = 0Number of asset objects unloaded after import = 156

========================================================================
Received Import Request.
  Time since last request: 18.835901 seconds.
  path: Assets/Samples/XR Interaction Toolkit/3.0.8/Starter Assets/DemoSceneAssets/Prefabs/Interactables Sample.prefab
  artifactKey: Guid(6821e1b7f44d8c44b8a2ba02f37309d5) Importer(815301076,1909f56bfc062723c751e8b465ee728b)
Start importing Assets/Samples/XR Interaction Toolkit/3.0.8/Starter Assets/DemoSceneAssets/Prefabs/Interactables Sample.prefab using Guid(6821e1b7f44d8c44b8a2ba02f37309d5) Importer(815301076,1909f56bfc062723c751e8b465ee728b) (PreviewImporter) -> (artifact id: '1eaec083ff19921b7d3033ed09ffb72c') in 0.0439642 seconds
Number of updated asset objects reloaded before import = 0Number of asset objects unloaded after import = 140

========================================================================
Received Prepare
Begin MonoManager ReloadAssembly
- Loaded All Assemblies, in  1.232 seconds
Script 'CharacterController' has the same name as built-in Unity component.
AddComponent and GetComponent will not work with this script.
'Packages/com.unity.xr.openxr/Runtime/OpenXRLoader.cs' contains partial class of Unity.Object, exactly 1 of the partial classes needs to be in a file with the same filename. This is to know the one that can be referenced from ie. GameObjects
'Packages/com.meta.xr.sdk.core/Editor/BuildingBlocks/BlocksWindow.cs' contains partial class of Unity.Object, exactly 1 of the partial classes needs to be in a file with the same filename. This is to know the one that can be referenced from ie. GameObjects
'Packages/com.unity.xr.openxr/Runtime/OpenXRLoaderInternal.cs' contains partial class of Unity.Object, exactly 1 of the partial classes needs to be in a file with the same filename. This is to know the one that can be referenced from ie. GameObjects
'Packages/com.meta.xr.sdk.core/Editor/BuildingBlocks/BlocksWindowDetailsExtension.cs' contains partial class of Unity.Object, exactly 1 of the partial classes needs to be in a file with the same filename. This is to know the one that can be referenced from ie. GameObjects
'Packages/com.meta.xr.sdk.core/Editor/BuildingBlocks/BlocksWindowCollectionsPageExtension.cs' contains partial class of Unity.Object, exactly 1 of the partial classes needs to be in a file with the same filename. This is to know the one that can be referenced from ie. GameObjects
Refreshing native plugins compatible for Editor in 22.86 ms, found 14 plugins.
Assertion failed on expression: 'pred(*previous, *i)'
Assertion failed on expression: 'pred(*previous, *i)'
Assertion failed on expression: 'pred(*previous, *i)'
Assertion failed on expression: 'pred(*previous, *i)'
Assertion failed on expression: 'pred(*previous, *i)'
Assertion failed on expression: 'pred(*previous, *i)'
Assertion failed on expression: 'pred(*previous, *i)'
Native extension for Android target not found
Native extension for UWP target not found
Native extension for WindowsStandalone target not found
[Package Manager] Failed to launch server process. Reason: Unity was launched with the -noUpm command-line argument
[Package Manager] Unable to send message (not connected to server process).
[Package Manager] Cannot connect to Unity Package Manager local server
[Package Manager] Failed to launch server process. Reason: Unity was launched with the -noUpm command-line argument
[Package Manager] Unable to send message (not connected to server process).
[Package Manager] Cannot connect to Unity Package Manager local server
Refreshing native plugins compatible for Editor in 24.83 ms, found 14 plugins.
[Package Manager] Failed to launch server process. Reason: Unity was launched with the -noUpm command-line argument
[Package Manager] Unable to send message (not connected to server process).
[Package Manager] Cannot connect to Unity Package Manager local server
System.Reflection.TargetInvocationException: Exception has been thrown by the target of an invocation. ---> System.TypeInitializationException: The type initializer for 'UnityEditor.XR.Interaction.Toolkit.Samples.SpatialKeyboard.Editor.SpatialKeyboardSampleProjectValidation' threw an exception. ---> System.NullReferenceException: Object reference not set to an instance of an object
  at Unity.XR.CoreUtils.Editor.PackageVersionUtility.UpdatePackageVersions () [0x00034] in .\Library\PackageCache\com.unity.xr.core-utils@c0df0dd5bced\Editor\ProjectValidation\PackageVersionUtility.cs:46 
  at Unity.XR.CoreUtils.Editor.PackageVersionUtility.GetPackageVersion (System.String packageName) [0x00011] in .\Library\PackageCache\com.unity.xr.core-utils@c0df0dd5bced\Editor\ProjectValidation\PackageVersionUtility.cs:67 
  at UnityEditor.XR.Interaction.Toolkit.Samples.SpatialKeyboard.Editor.SpatialKeyboardSampleProjectValidation..cctor () [0x00023] in D:\Carpetas del sistema NO BORRAR\GITHUB DESKTOP REPO\RealidadMixta_Iot_pruebas\Industria_IOT_MR_unity6\Assets\Samples\XR Interaction Toolkit\3.0.8\Spatial Keyboard\Editor\Scripts\SpatialKeyboardSampleProjectValidation.cs:39 
   --- End of inner exception stack trace ---
  at (wrapper managed-to-native) System.Object.__icall_wrapper_mono_gc_wbarrier_generic_nostore_internal(intptr)
  at (wrapper write-barrier) System.Object.wbarrier_conc(intptr)
  at (wrapper managed-to-native) System.Reflection.RuntimeMethodInfo.InternalInvoke(System.Reflection.RuntimeMethodInfo,object,object[],System.Exception&)
  at System.Reflection.RuntimeMethodInfo.Invoke (System.Object obj, System.Reflection.BindingFlags invokeAttr, System.Reflection.Binder binder, System.Object[] parameters, System.Globalization.CultureInfo culture) [0x0006a] in <191a1970a53948f9819ac1d2e4f5c72e>:0 
   --- End of inner exception stack trace ---
  at System.Reflection.RuntimeMethodInfo.Invoke (System.Object obj, System.Reflection.BindingFlags invokeAttr, System.Reflection.Binder binder, System.Object[] parameters, System.Globalization.CultureInfo culture) [0x00083] in <191a1970a53948f9819ac1d2e4f5c72e>:0 
  at System.Reflection.MethodBase.Invoke (System.Object obj, System.Object[] parameters) [0x00000] in <191a1970a53948f9819ac1d2e4f5c72e>:0 
  at UnityEditor.EditorAssemblies.ProcessInitializeOnLoadMethodAttributes () [0x00056] in <2f9d421960d84dffaa88793de0f4b5f3>:0 
UnityEngine.Debug:ExtractStackTraceNoAlloc (byte*,int,string)
UnityEngine.StackTraceUtility:ExtractStackTrace ()
UnityEngine.DebugLogHandler:Internal_Log (UnityEngine.LogType,UnityEngine.LogOption,string,UnityEngine.Object)
UnityEngine.DebugLogHandler:LogFormat (UnityEngine.LogType,UnityEngine.Object,string,object[])
UnityEngine.Logger:Log (UnityEngine.LogType,object)
UnityEngine.Debug:LogError (object)
UnityEditor.EditorAssemblies:ProcessInitializeOnLoadMethodAttributes ()

Mono: successfully reloaded assembly
[Package Manager] Failed to launch server process. Reason: Unity was launched with the -noUpm command-line argument
[Package Manager] Unable to send message (not connected to server process).
[Package Manager] Cannot connect to Unity Package Manager local server
- Finished resetting the current domain, in  1.432 seconds
Domain Reload Profiling: 2647ms
	BeginReloadAssembly (321ms)
		ExecutionOrderSort (0ms)
		DisableScriptedObjects (23ms)
		BackupInstance (0ms)
		ReleaseScriptingObjects (0ms)
		CreateAndSetChildDomain (93ms)
	RebuildCommonClasses (38ms)
	RebuildNativeTypeToScriptingClass (13ms)
	initialDomainReloadingComplete (46ms)
	LoadAllAssembliesAndSetupDomain (796ms)
		LoadAssemblies (623ms)
		RebuildTransferFunctionScriptingTraits (0ms)
		AnalyzeDomain (307ms)
			TypeCache.Refresh (8ms)
				TypeCache.ScanAssembly (0ms)
			BuildScriptInfoCaches (271ms)
			ResolveRequiredComponents (22ms)
	FinalizeReload (1433ms)
		ReleaseScriptCaches (0ms)
		RebuildScriptCaches (0ms)
		SetupLoadedEditorAssemblies (1163ms)
			LogAssemblyErrors (0ms)
			InitializePlatformSupportModulesInManaged (16ms)
			SetLoadedEditorAssemblies (7ms)
			BeforeProcessingInitializeOnLoad (252ms)
			ProcessInitializeOnLoadAttributes (666ms)
			ProcessInitializeOnLoadMethodAttributes (201ms)
			AfterProcessingInitializeOnLoad (20ms)
			EditorAssembliesLoaded (1ms)
		ExecutionOrderSort2 (0ms)
		AwakeInstancesAfterBackupRestoration (16ms)
Shader 'Oculus/OVRMRCameraFrameLit': fallback shader 'Alpha-Diffuse' not found
Refreshing native plugins compatible for Editor in 39.46 ms, found 14 plugins.
Preloading 0 native plugins for Editor in 0.00 ms.
Unloading 53 Unused Serialized files (Serialized files now loaded: 0)
Unloading 8977 unused Assets / (10.0 MB). Loaded Objects now: 9880.
Memory consumption went from 241.5 MB to 231.5 MB.
Total: 34.141900 ms (FindLiveObjects: 2.508000 ms CreateObjectMapping: 2.900300 ms MarkObjects: 17.511100 ms  DeleteObjects: 11.220200 ms)

Prepare: number of updated asset objects reloaded= 0
========================================================================
Received Prepare
Begin MonoManager ReloadAssembly
- Loaded All Assemblies, in  1.421 seconds
Script 'CharacterController' has the same name as built-in Unity component.
AddComponent and GetComponent will not work with this script.
'Packages/com.unity.xr.openxr/Runtime/OpenXRLoader.cs' contains partial class of Unity.Object, exactly 1 of the partial classes needs to be in a file with the same filename. This is to know the one that can be referenced from ie. GameObjects
'Packages/com.meta.xr.sdk.core/Editor/BuildingBlocks/BlocksWindow.cs' contains partial class of Unity.Object, exactly 1 of the partial classes needs to be in a file with the same filename. This is to know the one that can be referenced from ie. GameObjects
'Packages/com.unity.xr.openxr/Runtime/OpenXRLoaderInternal.cs' contains partial class of Unity.Object, exactly 1 of the partial classes needs to be in a file with the same filename. This is to know the one that can be referenced from ie. GameObjects
'Packages/com.meta.xr.sdk.core/Editor/BuildingBlocks/BlocksWindowDetailsExtension.cs' contains partial class of Unity.Object, exactly 1 of the partial classes needs to be in a file with the same filename. This is to know the one that can be referenced from ie. GameObjects
'Packages/com.meta.xr.sdk.core/Editor/BuildingBlocks/BlocksWindowCollectionsPageExtension.cs' contains partial class of Unity.Object, exactly 1 of the partial classes needs to be in a file with the same filename. This is to know the one that can be referenced from ie. GameObjects
Refreshing native plugins compatible for Editor in 21.38 ms, found 14 plugins.
Assertion failed on expression: 'pred(*previous, *i)'
Assertion failed on expression: 'pred(*previous, *i)'
Assertion failed on expression: 'pred(*previous, *i)'
Assertion failed on expression: 'pred(*previous, *i)'
Assertion failed on expression: 'pred(*previous, *i)'
Assertion failed on expression: 'pred(*previous, *i)'
Assertion failed on expression: 'pred(*previous, *i)'
Native extension for Android target not found
Native extension for UWP target not found
Native extension for WindowsStandalone target not found
[Package Manager] Failed to launch server process. Reason: Unity was launched with the -noUpm command-line argument
[Package Manager] Unable to send message (not connected to server process).
[Package Manager] Cannot connect to Unity Package Manager local server
[Package Manager] Failed to launch server process. Reason: Unity was launched with the -noUpm command-line argument
[Package Manager] Unable to send message (not connected to server process).
[Package Manager] Cannot connect to Unity Package Manager local server
Refreshing native plugins compatible for Editor in 23.85 ms, found 14 plugins.
[Package Manager] Failed to launch server process. Reason: Unity was launched with the -noUpm command-line argument
[Package Manager] Unable to send message (not connected to server process).
[Package Manager] Cannot connect to Unity Package Manager local server
System.Reflection.TargetInvocationException: Exception has been thrown by the target of an invocation. ---> System.TypeInitializationException: The type initializer for 'UnityEditor.XR.Interaction.Toolkit.Samples.SpatialKeyboard.Editor.SpatialKeyboardSampleProjectValidation' threw an exception. ---> System.NullReferenceException: Object reference not set to an instance of an object
  at Unity.XR.CoreUtils.Editor.PackageVersionUtility.UpdatePackageVersions () [0x00034] in .\Library\PackageCache\com.unity.xr.core-utils@c0df0dd5bced\Editor\ProjectValidation\PackageVersionUtility.cs:46 
  at Unity.XR.CoreUtils.Editor.PackageVersionUtility.GetPackageVersion (System.String packageName) [0x00011] in .\Library\PackageCache\com.unity.xr.core-utils@c0df0dd5bced\Editor\ProjectValidation\PackageVersionUtility.cs:67 
  at UnityEditor.XR.Interaction.Toolkit.Samples.SpatialKeyboard.Editor.SpatialKeyboardSampleProjectValidation..cctor () [0x00023] in D:\Carpetas del sistema NO BORRAR\GITHUB DESKTOP REPO\RealidadMixta_Iot_pruebas\Industria_IOT_MR_unity6\Assets\Samples\XR Interaction Toolkit\3.0.8\Spatial Keyboard\Editor\Scripts\SpatialKeyboardSampleProjectValidation.cs:39 
   --- End of inner exception stack trace ---
  at (wrapper managed-to-native) System.Object.__icall_wrapper_mono_gc_wbarrier_generic_nostore_internal(intptr)
  at (wrapper write-barrier) System.Object.wbarrier_conc(intptr)
  at (wrapper managed-to-native) System.Reflection.RuntimeMethodInfo.InternalInvoke(System.Reflection.RuntimeMethodInfo,object,object[],System.Exception&)
  at System.Reflection.RuntimeMethodInfo.Invoke (System.Object obj, System.Reflection.BindingFlags invokeAttr, System.Reflection.Binder binder, System.Object[] parameters, System.Globalization.CultureInfo culture) [0x0006a] in <191a1970a53948f9819ac1d2e4f5c72e>:0 
   --- End of inner exception stack trace ---
  at System.Reflection.RuntimeMethodInfo.Invoke (System.Object obj, System.Reflection.BindingFlags invokeAttr, System.Reflection.Binder binder, System.Object[] parameters, System.Globalization.CultureInfo culture) [0x00083] in <191a1970a53948f9819ac1d2e4f5c72e>:0 
  at System.Reflection.MethodBase.Invoke (System.Object obj, System.Object[] parameters) [0x00000] in <191a1970a53948f9819ac1d2e4f5c72e>:0 
  at UnityEditor.EditorAssemblies.ProcessInitializeOnLoadMethodAttributes () [0x00056] in <2f9d421960d84dffaa88793de0f4b5f3>:0 
UnityEngine.Debug:ExtractStackTraceNoAlloc (byte*,int,string)
UnityEngine.StackTraceUtility:ExtractStackTrace ()
UnityEngine.DebugLogHandler:Internal_Log (UnityEngine.LogType,UnityEngine.LogOption,string,UnityEngine.Object)
UnityEngine.DebugLogHandler:LogFormat (UnityEngine.LogType,UnityEngine.Object,string,object[])
UnityEngine.Logger:Log (UnityEngine.LogType,object)
UnityEngine.Debug:LogError (object)
UnityEditor.EditorAssemblies:ProcessInitializeOnLoadMethodAttributes ()

Mono: successfully reloaded assembly
[Package Manager] Failed to launch server process. Reason: Unity was launched with the -noUpm command-line argument
[Package Manager] Unable to send message (not connected to server process).
[Package Manager] Cannot connect to Unity Package Manager local server
- Finished resetting the current domain, in  1.491 seconds
Domain Reload Profiling: 2882ms
	BeginReloadAssembly (360ms)
		ExecutionOrderSort (0ms)
		DisableScriptedObjects (9ms)
		BackupInstance (0ms)
		ReleaseScriptingObjects (0ms)
		CreateAndSetChildDomain (93ms)
	RebuildCommonClasses (50ms)
	RebuildNativeTypeToScriptingClass (17ms)
	initialDomainReloadingComplete (55ms)
	LoadAllAssembliesAndSetupDomain (908ms)
		LoadAssemblies (768ms)
		RebuildTransferFunctionScriptingTraits (0ms)
		AnalyzeDomain (313ms)
			TypeCache.Refresh (9ms)
				TypeCache.ScanAssembly (0ms)
			BuildScriptInfoCaches (275ms)
			ResolveRequiredComponents (25ms)
	FinalizeReload (1492ms)
		ReleaseScriptCaches (0ms)
		RebuildScriptCaches (0ms)
		SetupLoadedEditorAssemblies (1220ms)
			LogAssemblyErrors (0ms)
			InitializePlatformSupportModulesInManaged (14ms)
			SetLoadedEditorAssemblies (9ms)
			BeforeProcessingInitializeOnLoad (258ms)
			ProcessInitializeOnLoadAttributes (732ms)
			ProcessInitializeOnLoadMethodAttributes (190ms)
			AfterProcessingInitializeOnLoad (16ms)
			EditorAssembliesLoaded (1ms)
		ExecutionOrderSort2 (0ms)
		AwakeInstancesAfterBackupRestoration (14ms)
Shader 'Oculus/OVRMRCameraFrameLit': fallback shader 'Alpha-Diffuse' not found
Refreshing native plugins compatible for Editor in 37.74 ms, found 14 plugins.
Preloading 0 native plugins for Editor in 0.00 ms.
Unloading 53 Unused Serialized files (Serialized files now loaded: 0)
Unloading 8973 unused Assets / (8.0 MB). Loaded Objects now: 9883.
Memory consumption went from 264.3 MB to 256.4 MB.
Total: 30.513500 ms (FindLiveObjects: 1.961900 ms CreateObjectMapping: 2.358300 ms MarkObjects: 16.491300 ms  DeleteObjects: 9.699800 ms)

Prepare: number of updated asset objects reloaded= 0
========================================================================
Received Import Request.
  Time since last request: 324.315301 seconds.
  path: Assets/Samples/XR Interaction Toolkit/3.0.8/Starter Assets/DemoSceneAssets/Prefabs/Teleport
  artifactKey: Guid(66c6494bc1ad3b348b472a4d6d544e93) Importer(815301076,1909f56bfc062723c751e8b465ee728b)
Start importing Assets/Samples/XR Interaction Toolkit/3.0.8/Starter Assets/DemoSceneAssets/Prefabs/Teleport using Guid(66c6494bc1ad3b348b472a4d6d544e93) Importer(815301076,1909f56bfc062723c751e8b465ee728b) (PreviewImporter) -> (artifact id: 'c004e764a8c1eb318a5a3f136ab515e8') in 0.0096109 seconds
Number of updated asset objects reloaded before import = 0Number of asset objects unloaded after import = 0

========================================================================
Received Import Request.
  Time since last request: 0.541339 seconds.
  path: Assets/Samples/XR Interaction Toolkit/3.0.8/Starter Assets/DemoSceneAssets/Prefabs/UI
  artifactKey: Guid(579a84533ec1ecc498bdc2cc489d2e79) Importer(815301076,1909f56bfc062723c751e8b465ee728b)
Start importing Assets/Samples/XR Interaction Toolkit/3.0.8/Starter Assets/DemoSceneAssets/Prefabs/UI using Guid(579a84533ec1ecc498bdc2cc489d2e79) Importer(815301076,1909f56bfc062723c751e8b465ee728b) (PreviewImporter) -> (artifact id: '7f7588a97023729e34269653eb5dfd83') in 0.0008257 seconds
Number of updated asset objects reloaded before import = 0Number of asset objects unloaded after import = 0

========================================================================
Received Import Request.
  Time since last request: 47.250927 seconds.
  path: Assets/Samples/XR Interaction Toolkit/3.0.8/Starter Assets/DemoSceneAssets/Scripts
  artifactKey: Guid(89c7da9a19d09c8419df6ac7f38d429e) Importer(815301076,1909f56bfc062723c751e8b465ee728b)
Start importing Assets/Samples/XR Interaction Toolkit/3.0.8/Starter Assets/DemoSceneAssets/Scripts using Guid(89c7da9a19d09c8419df6ac7f38d429e) Importer(815301076,1909f56bfc062723c751e8b465ee728b) (PreviewImporter) -> (artifact id: '117cf31250622ca6fac895b3900628ea') in 0.0009431 seconds
Number of updated asset objects reloaded before import = 0Number of asset objects unloaded after import = 0

========================================================================
Received Import Request.
  Time since last request: 6.434070 seconds.
  path: Assets/Samples/XR Interaction Toolkit/3.0.8/Starter Assets/DemoSceneAssets/Sprites
  artifactKey: Guid(e849a70d25179dc42a5f1fbd87c1b42e) Importer(815301076,1909f56bfc062723c751e8b465ee728b)
Start importing Assets/Samples/XR Interaction Toolkit/3.0.8/Starter Assets/DemoSceneAssets/Sprites using Guid(e849a70d25179dc42a5f1fbd87c1b42e) Importer(815301076,1909f56bfc062723c751e8b465ee728b) (PreviewImporter) -> (artifact id: '14361e8eb06717f74a010615f9bea69b') in 0.0008185 seconds
Number of updated asset objects reloaded before import = 0Number of asset objects unloaded after import = 0

========================================================================
Received Import Request.
  Time since last request: 31.420067 seconds.
  path: Assets/Samples/XR Interaction Toolkit/3.0.8/Starter Assets/Models/Pinch_Pointer_LOD0.fbx
  artifactKey: Guid(e053b8fbc416ba349b4a58a26410bba2) Importer(815301076,1909f56bfc062723c751e8b465ee728b)
Start importing Assets/Samples/XR Interaction Toolkit/3.0.8/Starter Assets/Models/Pinch_Pointer_LOD0.fbx using Guid(e053b8fbc416ba349b4a58a26410bba2) Importer(815301076,1909f56bfc062723c751e8b465ee728b) (PreviewImporter) -> (artifact id: '19aa65ae37f349d7e26ce5d5801992e6') in 0.599808 seconds
Number of updated asset objects reloaded before import = 0Number of asset objects unloaded after import = 6

========================================================================
Received Import Request.
  Time since last request: 10.666633 seconds.
  path: Assets/Samples/XR Interaction Toolkit/3.0.8/Starter Assets/Models/Primitive_Cylinder.fbx
  artifactKey: Guid(9e1dc1c14313460d872de39e35129b39) Importer(815301076,1909f56bfc062723c751e8b465ee728b)
Start importing Assets/Samples/XR Interaction Toolkit/3.0.8/Starter Assets/Models/Primitive_Cylinder.fbx using Guid(9e1dc1c14313460d872de39e35129b39) Importer(815301076,1909f56bfc062723c751e8b465ee728b) (PreviewImporter) -> (artifact id: '7f6a380011eafbce8c5ec04fe38cb1bf') in 0.0321589 seconds
Number of updated asset objects reloaded before import = 0Number of asset objects unloaded after import = 14

========================================================================
Received Import Request.
  Time since last request: 12.298176 seconds.
  path: Assets/Samples/XR Interaction Toolkit/3.0.8/Starter Assets/Prefabs/Interactors
  artifactKey: Guid(f585a443d5224c19adcc94a236a4b2d6) Importer(815301076,1909f56bfc062723c751e8b465ee728b)
Start importing Assets/Samples/XR Interaction Toolkit/3.0.8/Starter Assets/Prefabs/Interactors using Guid(f585a443d5224c19adcc94a236a4b2d6) Importer(815301076,1909f56bfc062723c751e8b465ee728b) (PreviewImporter) -> (artifact id: 'dbc34ceba6dab7d433f52af9ba714b66') in 0.0011398 seconds
Number of updated asset objects reloaded before import = 0Number of asset objects unloaded after import = 0

========================================================================
Received Import Request.
  Time since last request: 2.767863 seconds.
  path: Assets/Samples/XR Interaction Toolkit/3.0.8/Starter Assets/Prefabs/Interactors/Poke Interactor.prefab
  artifactKey: Guid(27024f5809f4a4347b9cd7f26a1bdf93) Importer(815301076,1909f56bfc062723c751e8b465ee728b)
Start importing Assets/Samples/XR Interaction Toolkit/3.0.8/Starter Assets/Prefabs/Interactors/Poke Interactor.prefab using Guid(27024f5809f4a4347b9cd7f26a1bdf93) Importer(815301076,1909f56bfc062723c751e8b465ee728b) (PreviewImporter) -> (artifact id: 'fa02b6ed01823116b4a4184cf7fb55a2') in 0.0212252 seconds
Number of updated asset objects reloaded before import = 0Number of asset objects unloaded after import = 23

========================================================================
Received Import Request.
  Time since last request: 82.866354 seconds.
  path: Assets/XR/UserSimulationSettings/Resources
  artifactKey: Guid(fb8e123f19218424187d3e64be032072) Importer(815301076,1909f56bfc062723c751e8b465ee728b)
Start importing Assets/XR/UserSimulationSettings/Resources using Guid(fb8e123f19218424187d3e64be032072) Importer(815301076,1909f56bfc062723c751e8b465ee728b) (PreviewImporter) -> (artifact id: '6e52c90a04ee50fc104b09ebd719195f') in 0.0008646 seconds
Number of updated asset objects reloaded before import = 0Number of asset objects unloaded after import = 0

========================================================================
Received Import Request.
  Time since last request: 20.124433 seconds.
  path: Packages/com.unity.ai.navigation/Tests/PrebuiltAssets/Test_Links_Created_With_2_0_0.unity
  artifactKey: Guid(5ad99e7d0c24c3845a39ca29f7c1c5e6) Importer(815301076,1909f56bfc062723c751e8b465ee728b)
Start importing Packages/com.unity.ai.navigation/Tests/PrebuiltAssets/Test_Links_Created_With_2_0_0.unity using Guid(5ad99e7d0c24c3845a39ca29f7c1c5e6) Importer(815301076,1909f56bfc062723c751e8b465ee728b) (PreviewImporter) -> (artifact id: '555bdd24e2e3bbe5cf1a24c6c29ccc86') in 0.00121 seconds
Number of updated asset objects reloaded before import = 0Number of asset objects unloaded after import = 0

========================================================================
Received Import Request.
  Time since last request: 21.605444 seconds.
  path: Packages/com.unity.xr.arfoundation/Assets/Prefabs/OriginTransform.prefab
  artifactKey: Guid(78be84f5d3a3c41f9ab0093b3f712a4e) Importer(815301076,1909f56bfc062723c751e8b465ee728b)
Start importing Packages/com.unity.xr.arfoundation/Assets/Prefabs/OriginTransform.prefab using Guid(78be84f5d3a3c41f9ab0093b3f712a4e) Importer(815301076,1909f56bfc062723c751e8b465ee728b) (PreviewImporter) -> (artifact id: '6b07c571513a61d786fe751a802ee06c') in 0.0185113 seconds
Number of updated asset objects reloaded before import = 0Number of asset objects unloaded after import = 39

========================================================================
Received Import Request.
  Time since last request: 8.661322 seconds.
  path: Packages/com.unity.xr.arfoundation/Assets/Prefabs/Handles.fbx
  artifactKey: Guid(405ff1b6d34178a4a987fc2f6908a1f3) Importer(815301076,1909f56bfc062723c751e8b465ee728b)
Start importing Packages/com.unity.xr.arfoundation/Assets/Prefabs/Handles.fbx using Guid(405ff1b6d34178a4a987fc2f6908a1f3) Importer(815301076,1909f56bfc062723c751e8b465ee728b) (PreviewImporter) -> (artifact id: 'fec1585a143b8a1fc50be425c331913b') in 0.1073161 seconds
Number of updated asset objects reloaded before import = 0Number of asset objects unloaded after import = 34

========================================================================
Received Import Request.
  Time since last request: 18.960870 seconds.
  path: Packages/com.unity.xr.arfoundation/Runtime/ARFoundation/IRaycaster.cs
  artifactKey: Guid(6c1d1d1fa92298641b8c8b81ddb7ec51) Importer(815301076,1909f56bfc062723c751e8b465ee728b)
Start importing Packages/com.unity.xr.arfoundation/Runtime/ARFoundation/IRaycaster.cs using Guid(6c1d1d1fa92298641b8c8b81ddb7ec51) Importer(815301076,1909f56bfc062723c751e8b465ee728b) (PreviewImporter) -> (artifact id: 'ed9969e6ccf6276cdccffa200b2539e2') in 0.0013981 seconds
Number of updated asset objects reloaded before import = 0Number of asset objects unloaded after import = 0

========================================================================
Received Import Request.
  Time since last request: 5.966512 seconds.
  path: Packages/com.unity.xr.arfoundation/Runtime/VisualScripting/Units
  artifactKey: Guid(e0ac772a7ea3141c8beb2d6c4c4c6050) Importer(815301076,1909f56bfc062723c751e8b465ee728b)
Start importing Packages/com.unity.xr.arfoundation/Runtime/VisualScripting/Units using Guid(e0ac772a7ea3141c8beb2d6c4c4c6050) Importer(815301076,1909f56bfc062723c751e8b465ee728b) (PreviewImporter) -> (artifact id: 'bd385f7eaee03c80da610deaf4813bbd') in 0.001656 seconds
Number of updated asset objects reloaded before import = 0Number of asset objects unloaded after import = 0

========================================================================
Received Import Request.
  Time since last request: 0.836768 seconds.
  path: Packages/com.unity.xr.arfoundation/Runtime/VisualScripting/Units/Events
  artifactKey: Guid(472ce4a31295e4f1eb38d08b55758cbf) Importer(815301076,1909f56bfc062723c751e8b465ee728b)
Start importing Packages/com.unity.xr.arfoundation/Runtime/VisualScripting/Units/Events using Guid(472ce4a31295e4f1eb38d08b55758cbf) Importer(815301076,1909f56bfc062723c751e8b465ee728b) (PreviewImporter) -> (artifact id: '192dd773161d079c5ad84958b193a33d') in 0.0015325 seconds
Number of updated asset objects reloaded before import = 0Number of asset objects unloaded after import = 0

========================================================================
Received Import Request.
  Time since last request: 1.105266 seconds.
  path: Packages/com.unity.xr.arfoundation/Runtime/VisualScripting/Units/Events/MessageListeners
  artifactKey: Guid(a78ab592bbf6d4a668a9ac5f7af9c924) Importer(815301076,1909f56bfc062723c751e8b465ee728b)
Start importing Packages/com.unity.xr.arfoundation/Runtime/VisualScripting/Units/Events/MessageListeners using Guid(a78ab592bbf6d4a668a9ac5f7af9c924) Importer(815301076,1909f56bfc062723c751e8b465ee728b) (PreviewImporter) -> (artifact id: '327deee10faac4e61f0276fd1c800977') in 0.0014784 seconds
Number of updated asset objects reloaded before import = 0Number of asset objects unloaded after import = 0

========================================================================
Received Import Request.
  Time since last request: 0.817505 seconds.
  path: Packages/com.unity.xr.arfoundation/Runtime/VisualScripting/Units/Events/MessageListeners/Deprecated
  artifactKey: Guid(649ab2abdbbe40ab8e5c2642e655a926) Importer(815301076,1909f56bfc062723c751e8b465ee728b)
Start importing Packages/com.unity.xr.arfoundation/Runtime/VisualScripting/Units/Events/MessageListeners/Deprecated using Guid(649ab2abdbbe40ab8e5c2642e655a926) Importer(815301076,1909f56bfc062723c751e8b465ee728b) (PreviewImporter) -> (artifact id: '32fa1123bb251168ea7ba1a0657356ed') in 0.0015105 seconds
Number of updated asset objects reloaded before import = 0Number of asset objects unloaded after import = 0

========================================================================
Received Import Request.
  Time since last request: 16.661487 seconds.
  path: Packages/com.unity.xr.arfoundation/Runtime/ARFoundation/Textures
  artifactKey: Guid(cbe74d5481cd4621a471410411cbdedb) Importer(815301076,1909f56bfc062723c751e8b465ee728b)
Start importing Packages/com.unity.xr.arfoundation/Runtime/ARFoundation/Textures using Guid(cbe74d5481cd4621a471410411cbdedb) Importer(815301076,1909f56bfc062723c751e8b465ee728b) (PreviewImporter) -> (artifact id: 'ffe30d092ec39d7c9beefdcd7c65e41f') in 0.0008285 seconds
Number of updated asset objects reloaded before import = 0Number of asset objects unloaded after import = 0

========================================================================
Received Import Request.
  Time since last request: 2.040562 seconds.
  path: Packages/com.unity.xr.arfoundation/Runtime/ARFoundation/Occlusion
  artifactKey: Guid(bd28778dc5884685ae673d4cbea2a1ef) Importer(815301076,1909f56bfc062723c751e8b465ee728b)
Start importing Packages/com.unity.xr.arfoundation/Runtime/ARFoundation/Occlusion using Guid(bd28778dc5884685ae673d4cbea2a1ef) Importer(815301076,1909f56bfc062723c751e8b465ee728b) (PreviewImporter) -> (artifact id: '9f4b451ada705f7d762474c8603308fd') in 0.0016071 seconds
Number of updated asset objects reloaded before import = 0Number of asset objects unloaded after import = 0

========================================================================
Received Import Request.
  Time since last request: 1.982147 seconds.
  path: Packages/com.unity.xr.arfoundation/Runtime/ARFoundation/Deprecated
  artifactKey: Guid(b8c7f92827c94a5e9b64c988b07eb4a1) Importer(815301076,1909f56bfc062723c751e8b465ee728b)
Start importing Packages/com.unity.xr.arfoundation/Runtime/ARFoundation/Deprecated using Guid(b8c7f92827c94a5e9b64c988b07eb4a1) Importer(815301076,1909f56bfc062723c751e8b465ee728b) (PreviewImporter) -> (artifact id: '4fcf50e27fa93e3c9003c30245c78d79') in 0.001647 seconds
Number of updated asset objects reloaded before import = 0Number of asset objects unloaded after import = 0

========================================================================
Received Import Request.
  Time since last request: 17.391601 seconds.
  path: Packages/com.unity.xr.arfoundation/Tests/Editor/XRSimulation
  artifactKey: Guid(3c6ccb5daceca48bab8f33eb9e509734) Importer(815301076,1909f56bfc062723c751e8b465ee728b)
Start importing Packages/com.unity.xr.arfoundation/Tests/Editor/XRSimulation using Guid(3c6ccb5daceca48bab8f33eb9e509734) Importer(815301076,1909f56bfc062723c751e8b465ee728b) (PreviewImporter) -> (artifact id: '1353450dc384e92ade034b1b41d3dfc1') in 0.0014719 seconds
Number of updated asset objects reloaded before import = 0Number of asset objects unloaded after import = 0

========================================================================
Received Import Request.
  Time since last request: 3.181510 seconds.
  path: Packages/com.unity.xr.arfoundation/Tests/Editor/XRTestTooling
  artifactKey: Guid(d596517bb17474a2e88ad74752d8e501) Importer(815301076,1909f56bfc062723c751e8b465ee728b)
Start importing Packages/com.unity.xr.arfoundation/Tests/Editor/XRTestTooling using Guid(d596517bb17474a2e88ad74752d8e501) Importer(815301076,1909f56bfc062723c751e8b465ee728b) (PreviewImporter) -> (artifact id: 'ec8bb434fc89949c37c04d2828b9ab11') in 0.0007612 seconds
Number of updated asset objects reloaded before import = 0Number of asset objects unloaded after import = 0

========================================================================
Received Import Request.
  Time since last request: 70.655797 seconds.
  path: Packages/com.unity.xr.interaction.toolkit/Tests
  artifactKey: Guid(ef4675490668744efaf823c6ce763149) Importer(815301076,1909f56bfc062723c751e8b465ee728b)
Start importing Packages/com.unity.xr.interaction.toolkit/Tests using Guid(ef4675490668744efaf823c6ce763149) Importer(815301076,1909f56bfc062723c751e8b465ee728b) (PreviewImporter) -> (artifact id: 'cea54db296ca62da657bb94b3978eefb') in 0.001794 seconds
Number of updated asset objects reloaded before import = 0Number of asset objects unloaded after import = 0

========================================================================
Received Import Request.
  Time since last request: 0.384013 seconds.
  path: Packages/com.unity.xr.interaction.toolkit/Runtime
  artifactKey: Guid(be48be1b1a8d842c5b1a7f0dc9a13977) Importer(815301076,1909f56bfc062723c751e8b465ee728b)
Start importing Packages/com.unity.xr.interaction.toolkit/Runtime using Guid(be48be1b1a8d842c5b1a7f0dc9a13977) Importer(815301076,1909f56bfc062723c751e8b465ee728b) (PreviewImporter) -> (artifact id: '3f153e366a5b1059bbaa93478e46872d') in 0.0016006 seconds
Number of updated asset objects reloaded before import = 0Number of asset objects unloaded after import = 0

========================================================================
Received Import Request.
  Time since last request: 1.559988 seconds.
  path: Packages/com.unity.xr.interaction.toolkit/Runtime/XR
  artifactKey: Guid(43f6b5ae7ec1a4641b1d61cbbab95a39) Importer(815301076,1909f56bfc062723c751e8b465ee728b)
Start importing Packages/com.unity.xr.interaction.toolkit/Runtime/XR using Guid(43f6b5ae7ec1a4641b1d61cbbab95a39) Importer(815301076,1909f56bfc062723c751e8b465ee728b) (PreviewImporter) -> (artifact id: '0d4e021878b50e305e4c0224af9a59bd') in 0.0017698 seconds
Number of updated asset objects reloaded before import = 0Number of asset objects unloaded after import = 0

========================================================================
Received Import Request.
  Time since last request: 2.380168 seconds.
  path: Packages/com.unity.xr.interaction.toolkit/Runtime/AR
  artifactKey: Guid(a64c264c1834249f387f1763b3d1989f) Importer(815301076,1909f56bfc062723c751e8b465ee728b)
Start importing Packages/com.unity.xr.interaction.toolkit/Runtime/AR using Guid(a64c264c1834249f387f1763b3d1989f) Importer(815301076,1909f56bfc062723c751e8b465ee728b) (PreviewImporter) -> (artifact id: '27414fe022682d3ac97ca261b1baad21') in 0.0017009 seconds
Number of updated asset objects reloaded before import = 0Number of asset objects unloaded after import = 0

========================================================================
Received Import Request.
  Time since last request: 0.947657 seconds.
  path: Packages/com.unity.xr.interaction.toolkit/Runtime/AR/Gestures
  artifactKey: Guid(20749019574e4cf47805c57dcaca613d) Importer(815301076,1909f56bfc062723c751e8b465ee728b)
Start importing Packages/com.unity.xr.interaction.toolkit/Runtime/AR/Gestures using Guid(20749019574e4cf47805c57dcaca613d) Importer(815301076,1909f56bfc062723c751e8b465ee728b) (PreviewImporter) -> (artifact id: '71669a65aa37908a8044bbccf0b8532a') in 0.0015807 seconds
Number of updated asset objects reloaded before import = 0Number of asset objects unloaded after import = 0

========================================================================
Received Import Request.
  Time since last request: 1557.234033 seconds.
  path: Assets/Samples/XR Interaction Toolkit/3.0.8/AR Starter Assets/ARDemoSceneAssets/Sprites
  artifactKey: Guid(bba8dfa949fe44b318c319b6c095b483) Importer(815301076,1909f56bfc062723c751e8b465ee728b)
Start importing Assets/Samples/XR Interaction Toolkit/3.0.8/AR Starter Assets/ARDemoSceneAssets/Sprites using Guid(bba8dfa949fe44b318c319b6c095b483) Importer(815301076,1909f56bfc062723c751e8b465ee728b) (PreviewImporter) -> (artifact id: 'eab37263c74293f0d06cfd376ebf0362') in 0.0008942 seconds
Number of updated asset objects reloaded before import = 0Number of asset objects unloaded after import = 0

========================================================================
Received Import Request.
  Time since last request: 0.685998 seconds.
  path: Assets/Samples/XR Interaction Toolkit/3.0.8/AR Starter Assets/ARDemoSceneAssets/Models
  artifactKey: Guid(34a521803c94b46ffae3ec69ff576a27) Importer(815301076,1909f56bfc062723c751e8b465ee728b)
Start importing Assets/Samples/XR Interaction Toolkit/3.0.8/AR Starter Assets/ARDemoSceneAssets/Models using Guid(34a521803c94b46ffae3ec69ff576a27) Importer(815301076,1909f56bfc062723c751e8b465ee728b) (PreviewImporter) -> (artifact id: 'f9644a3e4c1d4f18b310ae983fc2a9bd') in 0.0015135 seconds
Number of updated asset objects reloaded before import = 0Number of asset objects unloaded after import = 0

========================================================================
Received Import Request.
  Time since last request: 0.520462 seconds.
  path: Assets/Samples/XR Interaction Toolkit/3.0.8/AR Starter Assets/ARDemoSceneAssets/Materials
  artifactKey: Guid(eb7cc390007f49f4cae3b0e429059209) Importer(815301076,1909f56bfc062723c751e8b465ee728b)
Start importing Assets/Samples/XR Interaction Toolkit/3.0.8/AR Starter Assets/ARDemoSceneAssets/Materials using Guid(eb7cc390007f49f4cae3b0e429059209) Importer(815301076,1909f56bfc062723c751e8b465ee728b) (PreviewImporter) -> (artifact id: '28b247036a11e50946653068d933637e') in 0.0006601 seconds
Number of updated asset objects reloaded before import = 0Number of asset objects unloaded after import = 0

========================================================================
Received Import Request.
  Time since last request: 11.088396 seconds.
  path: Assets/Samples/XR Interaction Toolkit/3.0.8/AR Starter Assets/ARDemoSceneAssets/Scripts
  artifactKey: Guid(511037e553c188443b2d1b720777479e) Importer(815301076,1909f56bfc062723c751e8b465ee728b)
Start importing Assets/Samples/XR Interaction Toolkit/3.0.8/AR Starter Assets/ARDemoSceneAssets/Scripts using Guid(511037e553c188443b2d1b720777479e) Importer(815301076,1909f56bfc062723c751e8b465ee728b) (PreviewImporter) -> (artifact id: 'cf8313030df48f2667e2c8408d0d38ca') in 0.000683 seconds
Number of updated asset objects reloaded before import = 0Number of asset objects unloaded after import = 0

========================================================================
Received Import Request.
  Time since last request: 23.031772 seconds.
  path: Assets/Samples/XR Interaction Toolkit/3.0.8/Starter Assets/DemoScene.unity
  artifactKey: Guid(319dafa5c80f29f428dc1e0d03f04177) Importer(815301076,1909f56bfc062723c751e8b465ee728b)
Start importing Assets/Samples/XR Interaction Toolkit/3.0.8/Starter Assets/DemoScene.unity using Guid(319dafa5c80f29f428dc1e0d03f04177) Importer(815301076,1909f56bfc062723c751e8b465ee728b) (PreviewImporter) -> (artifact id: '757fb048795333d6039b0c0f3e1552b8') in 0.0008019 seconds
Number of updated asset objects reloaded before import = 0Number of asset objects unloaded after import = 0

========================================================================
Received Prepare
Begin MonoManager ReloadAssembly
- Loaded All Assemblies, in  1.252 seconds
Script 'CharacterController' has the same name as built-in Unity component.
AddComponent and GetComponent will not work with this script.
'Packages/com.unity.xr.openxr/Runtime/OpenXRLoader.cs' contains partial class of Unity.Object, exactly 1 of the partial classes needs to be in a file with the same filename. This is to know the one that can be referenced from ie. GameObjects
'Packages/com.meta.xr.sdk.core/Editor/BuildingBlocks/BlocksWindow.cs' contains partial class of Unity.Object, exactly 1 of the partial classes needs to be in a file with the same filename. This is to know the one that can be referenced from ie. GameObjects
'Packages/com.unity.xr.openxr/Runtime/OpenXRLoaderInternal.cs' contains partial class of Unity.Object, exactly 1 of the partial classes needs to be in a file with the same filename. This is to know the one that can be referenced from ie. GameObjects
'Packages/com.meta.xr.sdk.core/Editor/BuildingBlocks/BlocksWindowDetailsExtension.cs' contains partial class of Unity.Object, exactly 1 of the partial classes needs to be in a file with the same filename. This is to know the one that can be referenced from ie. GameObjects
'Packages/com.meta.xr.sdk.core/Editor/BuildingBlocks/BlocksWindowCollectionsPageExtension.cs' contains partial class of Unity.Object, exactly 1 of the partial classes needs to be in a file with the same filename. This is to know the one that can be referenced from ie. GameObjects
Refreshing native plugins compatible for Editor in 21.54 ms, found 14 plugins.
Assertion failed on expression: 'pred(*previous, *i)'
Assertion failed on expression: 'pred(*previous, *i)'
Assertion failed on expression: 'pred(*previous, *i)'
Assertion failed on expression: 'pred(*previous, *i)'
Assertion failed on expression: 'pred(*previous, *i)'
Assertion failed on expression: 'pred(*previous, *i)'
Assertion failed on expression: 'pred(*previous, *i)'
Native extension for Android target not found
Native extension for UWP target not found
Native extension for WindowsStandalone target not found
[Package Manager] Failed to launch server process. Reason: Unity was launched with the -noUpm command-line argument
[Package Manager] Unable to send message (not connected to server process).
[Package Manager] Cannot connect to Unity Package Manager local server
[Package Manager] Failed to launch server process. Reason: Unity was launched with the -noUpm command-line argument
[Package Manager] Unable to send message (not connected to server process).
[Package Manager] Cannot connect to Unity Package Manager local server
Refreshing native plugins compatible for Editor in 20.55 ms, found 14 plugins.
[Package Manager] Failed to launch server process. Reason: Unity was launched with the -noUpm command-line argument
[Package Manager] Unable to send message (not connected to server process).
[Package Manager] Cannot connect to Unity Package Manager local server
System.Reflection.TargetInvocationException: Exception has been thrown by the target of an invocation. ---> System.TypeInitializationException: The type initializer for 'UnityEditor.XR.Interaction.Toolkit.Samples.SpatialKeyboard.Editor.SpatialKeyboardSampleProjectValidation' threw an exception. ---> System.NullReferenceException: Object reference not set to an instance of an object
  at Unity.XR.CoreUtils.Editor.PackageVersionUtility.UpdatePackageVersions () [0x00034] in .\Library\PackageCache\com.unity.xr.core-utils@c0df0dd5bced\Editor\ProjectValidation\PackageVersionUtility.cs:46 
  at Unity.XR.CoreUtils.Editor.PackageVersionUtility.GetPackageVersion (System.String packageName) [0x00011] in .\Library\PackageCache\com.unity.xr.core-utils@c0df0dd5bced\Editor\ProjectValidation\PackageVersionUtility.cs:67 
  at UnityEditor.XR.Interaction.Toolkit.Samples.SpatialKeyboard.Editor.SpatialKeyboardSampleProjectValidation..cctor () [0x00023] in D:\Carpetas del sistema NO BORRAR\GITHUB DESKTOP REPO\RealidadMixta_Iot_pruebas\Industria_IOT_MR_unity6\Assets\Samples\XR Interaction Toolkit\3.0.8\Spatial Keyboard\Editor\Scripts\SpatialKeyboardSampleProjectValidation.cs:39 
   --- End of inner exception stack trace ---
  at (wrapper managed-to-native) System.Object.__icall_wrapper_mono_gc_wbarrier_generic_nostore_internal(intptr)
  at (wrapper write-barrier) System.Object.wbarrier_conc(intptr)
  at (wrapper managed-to-native) System.Reflection.RuntimeMethodInfo.InternalInvoke(System.Reflection.RuntimeMethodInfo,object,object[],System.Exception&)
  at System.Reflection.RuntimeMethodInfo.Invoke (System.Object obj, System.Reflection.BindingFlags invokeAttr, System.Reflection.Binder binder, System.Object[] parameters, System.Globalization.CultureInfo culture) [0x0006a] in <191a1970a53948f9819ac1d2e4f5c72e>:0 
   --- End of inner exception stack trace ---
  at System.Reflection.RuntimeMethodInfo.Invoke (System.Object obj, System.Reflection.BindingFlags invokeAttr, System.Reflection.Binder binder, System.Object[] parameters, System.Globalization.CultureInfo culture) [0x00083] in <191a1970a53948f9819ac1d2e4f5c72e>:0 
  at System.Reflection.MethodBase.Invoke (System.Object obj, System.Object[] parameters) [0x00000] in <191a1970a53948f9819ac1d2e4f5c72e>:0 
  at UnityEditor.EditorAssemblies.ProcessInitializeOnLoadMethodAttributes () [0x00056] in <2f9d421960d84dffaa88793de0f4b5f3>:0 
UnityEngine.Debug:ExtractStackTraceNoAlloc (byte*,int,string)
UnityEngine.StackTraceUtility:ExtractStackTrace ()
UnityEngine.DebugLogHandler:Internal_Log (UnityEngine.LogType,UnityEngine.LogOption,string,UnityEngine.Object)
UnityEngine.DebugLogHandler:LogFormat (UnityEngine.LogType,UnityEngine.Object,string,object[])
UnityEngine.Logger:Log (UnityEngine.LogType,object)
UnityEngine.Debug:LogError (object)
UnityEditor.EditorAssemblies:ProcessInitializeOnLoadMethodAttributes ()

Mono: successfully reloaded assembly
[Package Manager] Failed to launch server process. Reason: Unity was launched with the -noUpm command-line argument
[Package Manager] Unable to send message (not connected to server process).
[Package Manager] Cannot connect to Unity Package Manager local server
- Finished resetting the current domain, in  1.363 seconds
Domain Reload Profiling: 2599ms
	BeginReloadAssembly (346ms)
		ExecutionOrderSort (0ms)
		DisableScriptedObjects (23ms)
		BackupInstance (0ms)
		ReleaseScriptingObjects (0ms)
		CreateAndSetChildDomain (120ms)
	RebuildCommonClasses (39ms)
	RebuildNativeTypeToScriptingClass (12ms)
	initialDomainReloadingComplete (40ms)
	LoadAllAssembliesAndSetupDomain (798ms)
		LoadAssemblies (634ms)
		RebuildTransferFunctionScriptingTraits (0ms)
		AnalyzeDomain (298ms)
			TypeCache.Refresh (9ms)
				TypeCache.ScanAssembly (0ms)
			BuildScriptInfoCaches (262ms)
			ResolveRequiredComponents (23ms)
	FinalizeReload (1364ms)
		ReleaseScriptCaches (0ms)
		RebuildScriptCaches (0ms)
		SetupLoadedEditorAssemblies (1103ms)
			LogAssemblyErrors (0ms)
			InitializePlatformSupportModulesInManaged (14ms)
			SetLoadedEditorAssemblies (7ms)
			BeforeProcessingInitializeOnLoad (230ms)
			ProcessInitializeOnLoadAttributes (627ms)
			ProcessInitializeOnLoadMethodAttributes (208ms)
			AfterProcessingInitializeOnLoad (17ms)
			EditorAssembliesLoaded (1ms)
		ExecutionOrderSort2 (0ms)
		AwakeInstancesAfterBackupRestoration (18ms)
Shader 'Oculus/OVRMRCameraFrameLit': fallback shader 'Alpha-Diffuse' not found
Refreshing native plugins compatible for Editor in 37.49 ms, found 14 plugins.
Preloading 0 native plugins for Editor in 0.00 ms.
Unloading 53 Unused Serialized files (Serialized files now loaded: 0)
Unloading 8974 unused Assets / (10.2 MB). Loaded Objects now: 9940.
Memory consumption went from 245.8 MB to 235.6 MB.
Total: 29.543200 ms (FindLiveObjects: 1.633600 ms CreateObjectMapping: 2.266300 ms MarkObjects: 15.199000 ms  DeleteObjects: 10.442100 ms)

Prepare: number of updated asset objects reloaded= 0
========================================================================
Received Import Request.
  Time since last request: 826.148346 seconds.
  path: Assets/0_Scenes/HandsDemoScene.unity
  artifactKey: Guid(c4a319e5210e456418ad86ee361e8301) Importer(815301076,1909f56bfc062723c751e8b465ee728b)
Start importing Assets/0_Scenes/HandsDemoScene.unity using Guid(c4a319e5210e456418ad86ee361e8301) Importer(815301076,1909f56bfc062723c751e8b465ee728b) (PreviewImporter) -> (artifact id: '7f9514cb21d7d2370057123228c39710') in 0.0213017 seconds
Number of updated asset objects reloaded before import = 0Number of asset objects unloaded after import = 0

========================================================================
Received Import Request.
  Time since last request: 58.623165 seconds.
  path: Assets/0_Scenes/panel 1.unity
  artifactKey: Guid(c3ae14683ab305c4c82f536174eb4f69) Importer(815301076,1909f56bfc062723c751e8b465ee728b)
Start importing Assets/0_Scenes/panel 1.unity using Guid(c3ae14683ab305c4c82f536174eb4f69) Importer(815301076,1909f56bfc062723c751e8b465ee728b) (PreviewImporter) -> (artifact id: 'bbe88abccffa56c4f0fdbf9f46da1e0a') in 0.0009105 seconds
Number of updated asset objects reloaded before import = 0Number of asset objects unloaded after import = 0

========================================================================
Received Prepare
Begin MonoManager ReloadAssembly
- Loaded All Assemblies, in  1.152 seconds
Script 'CharacterController' has the same name as built-in Unity component.
AddComponent and GetComponent will not work with this script.
'Packages/com.unity.xr.openxr/Runtime/OpenXRLoader.cs' contains partial class of Unity.Object, exactly 1 of the partial classes needs to be in a file with the same filename. This is to know the one that can be referenced from ie. GameObjects
'Packages/com.meta.xr.sdk.core/Editor/BuildingBlocks/BlocksWindow.cs' contains partial class of Unity.Object, exactly 1 of the partial classes needs to be in a file with the same filename. This is to know the one that can be referenced from ie. GameObjects
'Packages/com.unity.xr.openxr/Runtime/OpenXRLoaderInternal.cs' contains partial class of Unity.Object, exactly 1 of the partial classes needs to be in a file with the same filename. This is to know the one that can be referenced from ie. GameObjects
'Packages/com.meta.xr.sdk.core/Editor/BuildingBlocks/BlocksWindowDetailsExtension.cs' contains partial class of Unity.Object, exactly 1 of the partial classes needs to be in a file with the same filename. This is to know the one that can be referenced from ie. GameObjects
'Packages/com.meta.xr.sdk.core/Editor/BuildingBlocks/BlocksWindowCollectionsPageExtension.cs' contains partial class of Unity.Object, exactly 1 of the partial classes needs to be in a file with the same filename. This is to know the one that can be referenced from ie. GameObjects
Refreshing native plugins compatible for Editor in 22.93 ms, found 14 plugins.
Assertion failed on expression: 'pred(*previous, *i)'
Assertion failed on expression: 'pred(*previous, *i)'
Assertion failed on expression: 'pred(*previous, *i)'
Assertion failed on expression: 'pred(*previous, *i)'
Assertion failed on expression: 'pred(*previous, *i)'
Assertion failed on expression: 'pred(*previous, *i)'
Assertion failed on expression: 'pred(*previous, *i)'
Native extension for Android target not found
Native extension for UWP target not found
Native extension for WindowsStandalone target not found
[Package Manager] Failed to launch server process. Reason: Unity was launched with the -noUpm command-line argument
[Package Manager] Unable to send message (not connected to server process).
[Package Manager] Cannot connect to Unity Package Manager local server
[Package Manager] Failed to launch server process. Reason: Unity was launched with the -noUpm command-line argument
[Package Manager] Unable to send message (not connected to server process).
[Package Manager] Cannot connect to Unity Package Manager local server
Refreshing native plugins compatible for Editor in 23.27 ms, found 14 plugins.
[Package Manager] Failed to launch server process. Reason: Unity was launched with the -noUpm command-line argument
[Package Manager] Unable to send message (not connected to server process).
[Package Manager] Cannot connect to Unity Package Manager local server
System.Reflection.TargetInvocationException: Exception has been thrown by the target of an invocation. ---> System.TypeInitializationException: The type initializer for 'UnityEditor.XR.Interaction.Toolkit.Samples.SpatialKeyboard.Editor.SpatialKeyboardSampleProjectValidation' threw an exception. ---> System.NullReferenceException: Object reference not set to an instance of an object
  at Unity.XR.CoreUtils.Editor.PackageVersionUtility.UpdatePackageVersions () [0x00034] in .\Library\PackageCache\com.unity.xr.core-utils@c0df0dd5bced\Editor\ProjectValidation\PackageVersionUtility.cs:46 
  at Unity.XR.CoreUtils.Editor.PackageVersionUtility.GetPackageVersion (System.String packageName) [0x00011] in .\Library\PackageCache\com.unity.xr.core-utils@c0df0dd5bced\Editor\ProjectValidation\PackageVersionUtility.cs:67 
  at UnityEditor.XR.Interaction.Toolkit.Samples.SpatialKeyboard.Editor.SpatialKeyboardSampleProjectValidation..cctor () [0x00023] in D:\Carpetas del sistema NO BORRAR\GITHUB DESKTOP REPO\RealidadMixta_Iot_pruebas\Industria_IOT_MR_unity6\Assets\Samples\XR Interaction Toolkit\3.0.8\Spatial Keyboard\Editor\Scripts\SpatialKeyboardSampleProjectValidation.cs:39 
   --- End of inner exception stack trace ---
  at (wrapper managed-to-native) System.Object.__icall_wrapper_mono_gc_wbarrier_generic_nostore_internal(intptr)
  at (wrapper write-barrier) System.Object.wbarrier_conc(intptr)
  at (wrapper managed-to-native) System.Reflection.RuntimeMethodInfo.InternalInvoke(System.Reflection.RuntimeMethodInfo,object,object[],System.Exception&)
  at System.Reflection.RuntimeMethodInfo.Invoke (System.Object obj, System.Reflection.BindingFlags invokeAttr, System.Reflection.Binder binder, System.Object[] parameters, System.Globalization.CultureInfo culture) [0x0006a] in <191a1970a53948f9819ac1d2e4f5c72e>:0 
   --- End of inner exception stack trace ---
  at System.Reflection.RuntimeMethodInfo.Invoke (System.Object obj, System.Reflection.BindingFlags invokeAttr, System.Reflection.Binder binder, System.Object[] parameters, System.Globalization.CultureInfo culture) [0x00083] in <191a1970a53948f9819ac1d2e4f5c72e>:0 
  at System.Reflection.MethodBase.Invoke (System.Object obj, System.Object[] parameters) [0x00000] in <191a1970a53948f9819ac1d2e4f5c72e>:0 
  at UnityEditor.EditorAssemblies.ProcessInitializeOnLoadMethodAttributes () [0x00056] in <2f9d421960d84dffaa88793de0f4b5f3>:0 
UnityEngine.Debug:ExtractStackTraceNoAlloc (byte*,int,string)
UnityEngine.StackTraceUtility:ExtractStackTrace ()
UnityEngine.DebugLogHandler:Internal_Log (UnityEngine.LogType,UnityEngine.LogOption,string,UnityEngine.Object)
UnityEngine.DebugLogHandler:LogFormat (UnityEngine.LogType,UnityEngine.Object,string,object[])
UnityEngine.Logger:Log (UnityEngine.LogType,object)
UnityEngine.Debug:LogError (object)
UnityEditor.EditorAssemblies:ProcessInitializeOnLoadMethodAttributes ()

Mono: successfully reloaded assembly
[Package Manager] Failed to launch server process. Reason: Unity was launched with the -noUpm command-line argument
[Package Manager] Unable to send message (not connected to server process).
[Package Manager] Cannot connect to Unity Package Manager local server
- Finished resetting the current domain, in  1.310 seconds
Domain Reload Profiling: 2439ms
	BeginReloadAssembly (273ms)
		ExecutionOrderSort (0ms)
		DisableScriptedObjects (6ms)
		BackupInstance (0ms)
		ReleaseScriptingObjects (0ms)
		CreateAndSetChildDomain (69ms)
	RebuildCommonClasses (39ms)
	RebuildNativeTypeToScriptingClass (12ms)
	initialDomainReloadingComplete (43ms)
	LoadAllAssembliesAndSetupDomain (762ms)
		LoadAssemblies (621ms)
		RebuildTransferFunctionScriptingTraits (0ms)
		AnalyzeDomain (271ms)
			TypeCache.Refresh (7ms)
				TypeCache.ScanAssembly (0ms)
			BuildScriptInfoCaches (238ms)
			ResolveRequiredComponents (21ms)
	FinalizeReload (1311ms)
		ReleaseScriptCaches (0ms)
		RebuildScriptCaches (0ms)
		SetupLoadedEditorAssemblies (1055ms)
			LogAssemblyErrors (0ms)
			InitializePlatformSupportModulesInManaged (15ms)
			SetLoadedEditorAssemblies (8ms)
			BeforeProcessingInitializeOnLoad (234ms)
			ProcessInitializeOnLoadAttributes (612ms)
			ProcessInitializeOnLoadMethodAttributes (170ms)
			AfterProcessingInitializeOnLoad (17ms)
			EditorAssembliesLoaded (1ms)
		ExecutionOrderSort2 (0ms)
		AwakeInstancesAfterBackupRestoration (25ms)
Shader 'Oculus/OVRMRCameraFrameLit': fallback shader 'Alpha-Diffuse' not found
Refreshing native plugins compatible for Editor in 38.54 ms, found 14 plugins.
Preloading 0 native plugins for Editor in 0.00 ms.
Unloading 53 Unused Serialized files (Serialized files now loaded: 0)
Unloading 8973 unused Assets / (10.1 MB). Loaded Objects now: 9943.
Memory consumption went from 245.6 MB to 235.6 MB.
Total: 33.997400 ms (FindLiveObjects: 3.329600 ms CreateObjectMapping: 2.491200 ms MarkObjects: 16.924500 ms  DeleteObjects: 11.250000 ms)

Prepare: number of updated asset objects reloaded= 0
========================================================================
Received Prepare
Begin MonoManager ReloadAssembly
- Loaded All Assemblies, in  1.238 seconds
Script 'CharacterController' has the same name as built-in Unity component.
AddComponent and GetComponent will not work with this script.
'Packages/com.unity.xr.openxr/Runtime/OpenXRLoader.cs' contains partial class of Unity.Object, exactly 1 of the partial classes needs to be in a file with the same filename. This is to know the one that can be referenced from ie. GameObjects
'Packages/com.meta.xr.sdk.core/Editor/BuildingBlocks/BlocksWindow.cs' contains partial class of Unity.Object, exactly 1 of the partial classes needs to be in a file with the same filename. This is to know the one that can be referenced from ie. GameObjects
'Packages/com.unity.xr.openxr/Runtime/OpenXRLoaderInternal.cs' contains partial class of Unity.Object, exactly 1 of the partial classes needs to be in a file with the same filename. This is to know the one that can be referenced from ie. GameObjects
'Packages/com.meta.xr.sdk.core/Editor/BuildingBlocks/BlocksWindowDetailsExtension.cs' contains partial class of Unity.Object, exactly 1 of the partial classes needs to be in a file with the same filename. This is to know the one that can be referenced from ie. GameObjects
'Packages/com.meta.xr.sdk.core/Editor/BuildingBlocks/BlocksWindowCollectionsPageExtension.cs' contains partial class of Unity.Object, exactly 1 of the partial classes needs to be in a file with the same filename. This is to know the one that can be referenced from ie. GameObjects
Refreshing native plugins compatible for Editor in 23.57 ms, found 14 plugins.
Assertion failed on expression: 'pred(*previous, *i)'
Assertion failed on expression: 'pred(*previous, *i)'
Assertion failed on expression: 'pred(*previous, *i)'
Assertion failed on expression: 'pred(*previous, *i)'
Assertion failed on expression: 'pred(*previous, *i)'
Assertion failed on expression: 'pred(*previous, *i)'
Assertion failed on expression: 'pred(*previous, *i)'
Native extension for Android target not found
Native extension for UWP target not found
Native extension for WindowsStandalone target not found
[Package Manager] Failed to launch server process. Reason: Unity was launched with the -noUpm command-line argument
[Package Manager] Unable to send message (not connected to server process).
[Package Manager] Cannot connect to Unity Package Manager local server
[Package Manager] Failed to launch server process. Reason: Unity was launched with the -noUpm command-line argument
[Package Manager] Unable to send message (not connected to server process).
[Package Manager] Cannot connect to Unity Package Manager local server
Refreshing native plugins compatible for Editor in 22.66 ms, found 14 plugins.
[Package Manager] Failed to launch server process. Reason: Unity was launched with the -noUpm command-line argument
[Package Manager] Unable to send message (not connected to server process).
[Package Manager] Cannot connect to Unity Package Manager local server
System.Reflection.TargetInvocationException: Exception has been thrown by the target of an invocation. ---> System.TypeInitializationException: The type initializer for 'UnityEditor.XR.Interaction.Toolkit.Samples.SpatialKeyboard.Editor.SpatialKeyboardSampleProjectValidation' threw an exception. ---> System.NullReferenceException: Object reference not set to an instance of an object
  at Unity.XR.CoreUtils.Editor.PackageVersionUtility.UpdatePackageVersions () [0x00034] in .\Library\PackageCache\com.unity.xr.core-utils@c0df0dd5bced\Editor\ProjectValidation\PackageVersionUtility.cs:46 
  at Unity.XR.CoreUtils.Editor.PackageVersionUtility.GetPackageVersion (System.String packageName) [0x00011] in .\Library\PackageCache\com.unity.xr.core-utils@c0df0dd5bced\Editor\ProjectValidation\PackageVersionUtility.cs:67 
  at UnityEditor.XR.Interaction.Toolkit.Samples.SpatialKeyboard.Editor.SpatialKeyboardSampleProjectValidation..cctor () [0x00023] in D:\Carpetas del sistema NO BORRAR\GITHUB DESKTOP REPO\RealidadMixta_Iot_pruebas\Industria_IOT_MR_unity6\Assets\Samples\XR Interaction Toolkit\3.0.8\Spatial Keyboard\Editor\Scripts\SpatialKeyboardSampleProjectValidation.cs:39 
   --- End of inner exception stack trace ---
  at (wrapper managed-to-native) System.Object.__icall_wrapper_mono_gc_wbarrier_generic_nostore_internal(intptr)
  at (wrapper write-barrier) System.Object.wbarrier_conc(intptr)
  at (wrapper managed-to-native) System.Reflection.RuntimeMethodInfo.InternalInvoke(System.Reflection.RuntimeMethodInfo,object,object[],System.Exception&)
  at System.Reflection.RuntimeMethodInfo.Invoke (System.Object obj, System.Reflection.BindingFlags invokeAttr, System.Reflection.Binder binder, System.Object[] parameters, System.Globalization.CultureInfo culture) [0x0006a] in <191a1970a53948f9819ac1d2e4f5c72e>:0 
   --- End of inner exception stack trace ---
  at System.Reflection.RuntimeMethodInfo.Invoke (System.Object obj, System.Reflection.BindingFlags invokeAttr, System.Reflection.Binder binder, System.Object[] parameters, System.Globalization.CultureInfo culture) [0x00083] in <191a1970a53948f9819ac1d2e4f5c72e>:0 
  at System.Reflection.MethodBase.Invoke (System.Object obj, System.Object[] parameters) [0x00000] in <191a1970a53948f9819ac1d2e4f5c72e>:0 
  at UnityEditor.EditorAssemblies.ProcessInitializeOnLoadMethodAttributes () [0x00056] in <2f9d421960d84dffaa88793de0f4b5f3>:0 
UnityEngine.Debug:ExtractStackTraceNoAlloc (byte*,int,string)
UnityEngine.StackTraceUtility:ExtractStackTrace ()
UnityEngine.DebugLogHandler:Internal_Log (UnityEngine.LogType,UnityEngine.LogOption,string,UnityEngine.Object)
UnityEngine.DebugLogHandler:LogFormat (UnityEngine.LogType,UnityEngine.Object,string,object[])
UnityEngine.Logger:Log (UnityEngine.LogType,object)
UnityEngine.Debug:LogError (object)
UnityEditor.EditorAssemblies:ProcessInitializeOnLoadMethodAttributes ()

Mono: successfully reloaded assembly
[Package Manager] Failed to launch server process. Reason: Unity was launched with the -noUpm command-line argument
[Package Manager] Unable to send message (not connected to server process).
[Package Manager] Cannot connect to Unity Package Manager local server
- Finished resetting the current domain, in  1.450 seconds
Domain Reload Profiling: 2662ms
	BeginReloadAssembly (296ms)
		ExecutionOrderSort (0ms)
		DisableScriptedObjects (7ms)
		BackupInstance (0ms)
		ReleaseScriptingObjects (0ms)
		CreateAndSetChildDomain (76ms)
	RebuildCommonClasses (40ms)
	RebuildNativeTypeToScriptingClass (12ms)
	initialDomainReloadingComplete (45ms)
	LoadAllAssembliesAndSetupDomain (818ms)
		LoadAssemblies (668ms)
		RebuildTransferFunctionScriptingTraits (0ms)
		AnalyzeDomain (290ms)
			TypeCache.Refresh (7ms)
				TypeCache.ScanAssembly (0ms)
			BuildScriptInfoCaches (257ms)
			ResolveRequiredComponents (21ms)
	FinalizeReload (1450ms)
		ReleaseScriptCaches (0ms)
		RebuildScriptCaches (0ms)
		SetupLoadedEditorAssemblies (1179ms)
			LogAssemblyErrors (0ms)
			InitializePlatformSupportModulesInManaged (13ms)
			SetLoadedEditorAssemblies (8ms)
			BeforeProcessingInitializeOnLoad (255ms)
			ProcessInitializeOnLoadAttributes (683ms)
			ProcessInitializeOnLoadMethodAttributes (205ms)
			AfterProcessingInitializeOnLoad (14ms)
			EditorAssembliesLoaded (1ms)
		ExecutionOrderSort2 (0ms)
		AwakeInstancesAfterBackupRestoration (19ms)
Shader 'Oculus/OVRMRCameraFrameLit': fallback shader 'Alpha-Diffuse' not found
Refreshing native plugins compatible for Editor in 44.21 ms, found 14 plugins.
Preloading 0 native plugins for Editor in 0.00 ms.
Unloading 53 Unused Serialized files (Serialized files now loaded: 0)
Unloading 8973 unused Assets / (9.1 MB). Loaded Objects now: 9946.
Memory consumption went from 245.7 MB to 236.6 MB.
Total: 35.472400 ms (FindLiveObjects: 2.122000 ms CreateObjectMapping: 2.741500 ms MarkObjects: 18.770000 ms  DeleteObjects: 11.836300 ms)

Prepare: number of updated asset objects reloaded= 0
========================================================================
Received Prepare
Begin MonoManager ReloadAssembly
- Loaded All Assemblies, in  1.230 seconds
Script 'CharacterController' has the same name as built-in Unity component.
AddComponent and GetComponent will not work with this script.
'Packages/com.unity.xr.openxr/Runtime/OpenXRLoader.cs' contains partial class of Unity.Object, exactly 1 of the partial classes needs to be in a file with the same filename. This is to know the one that can be referenced from ie. GameObjects
'Packages/com.meta.xr.sdk.core/Editor/BuildingBlocks/BlocksWindow.cs' contains partial class of Unity.Object, exactly 1 of the partial classes needs to be in a file with the same filename. This is to know the one that can be referenced from ie. GameObjects
'Packages/com.unity.xr.openxr/Runtime/OpenXRLoaderInternal.cs' contains partial class of Unity.Object, exactly 1 of the partial classes needs to be in a file with the same filename. This is to know the one that can be referenced from ie. GameObjects
'Packages/com.meta.xr.sdk.core/Editor/BuildingBlocks/BlocksWindowDetailsExtension.cs' contains partial class of Unity.Object, exactly 1 of the partial classes needs to be in a file with the same filename. This is to know the one that can be referenced from ie. GameObjects
'Packages/com.meta.xr.sdk.core/Editor/BuildingBlocks/BlocksWindowCollectionsPageExtension.cs' contains partial class of Unity.Object, exactly 1 of the partial classes needs to be in a file with the same filename. This is to know the one that can be referenced from ie. GameObjects
Refreshing native plugins compatible for Editor in 21.81 ms, found 14 plugins.
Assertion failed on expression: 'pred(*previous, *i)'
Assertion failed on expression: 'pred(*previous, *i)'
Assertion failed on expression: 'pred(*previous, *i)'
Assertion failed on expression: 'pred(*previous, *i)'
Assertion failed on expression: 'pred(*previous, *i)'
Assertion failed on expression: 'pred(*previous, *i)'
Assertion failed on expression: 'pred(*previous, *i)'
Native extension for Android target not found
Native extension for UWP target not found
Native extension for WindowsStandalone target not found
[Package Manager] Failed to launch server process. Reason: Unity was launched with the -noUpm command-line argument
[Package Manager] Unable to send message (not connected to server process).
[Package Manager] Cannot connect to Unity Package Manager local server
[Package Manager] Failed to launch server process. Reason: Unity was launched with the -noUpm command-line argument
[Package Manager] Unable to send message (not connected to server process).
[Package Manager] Cannot connect to Unity Package Manager local server
Refreshing native plugins compatible for Editor in 23.41 ms, found 14 plugins.
[Package Manager] Failed to launch server process. Reason: Unity was launched with the -noUpm command-line argument
[Package Manager] Unable to send message (not connected to server process).
[Package Manager] Cannot connect to Unity Package Manager local server
System.Reflection.TargetInvocationException: Exception has been thrown by the target of an invocation. ---> System.TypeInitializationException: The type initializer for 'UnityEditor.XR.Interaction.Toolkit.Samples.SpatialKeyboard.Editor.SpatialKeyboardSampleProjectValidation' threw an exception. ---> System.NullReferenceException: Object reference not set to an instance of an object
  at Unity.XR.CoreUtils.Editor.PackageVersionUtility.UpdatePackageVersions () [0x00034] in .\Library\PackageCache\com.unity.xr.core-utils@c0df0dd5bced\Editor\ProjectValidation\PackageVersionUtility.cs:46 
  at Unity.XR.CoreUtils.Editor.PackageVersionUtility.GetPackageVersion (System.String packageName) [0x00011] in .\Library\PackageCache\com.unity.xr.core-utils@c0df0dd5bced\Editor\ProjectValidation\PackageVersionUtility.cs:67 
  at UnityEditor.XR.Interaction.Toolkit.Samples.SpatialKeyboard.Editor.SpatialKeyboardSampleProjectValidation..cctor () [0x00023] in D:\Carpetas del sistema NO BORRAR\GITHUB DESKTOP REPO\RealidadMixta_Iot_pruebas\Industria_IOT_MR_unity6\Assets\Samples\XR Interaction Toolkit\3.0.8\Spatial Keyboard\Editor\Scripts\SpatialKeyboardSampleProjectValidation.cs:39 
   --- End of inner exception stack trace ---
  at (wrapper managed-to-native) System.Object.__icall_wrapper_mono_gc_wbarrier_generic_nostore_internal(intptr)
  at (wrapper write-barrier) System.Object.wbarrier_conc(intptr)
  at (wrapper managed-to-native) System.Reflection.RuntimeMethodInfo.InternalInvoke(System.Reflection.RuntimeMethodInfo,object,object[],System.Exception&)
  at System.Reflection.RuntimeMethodInfo.Invoke (System.Object obj, System.Reflection.BindingFlags invokeAttr, System.Reflection.Binder binder, System.Object[] parameters, System.Globalization.CultureInfo culture) [0x0006a] in <191a1970a53948f9819ac1d2e4f5c72e>:0 
   --- End of inner exception stack trace ---
  at System.Reflection.RuntimeMethodInfo.Invoke (System.Object obj, System.Reflection.BindingFlags invokeAttr, System.Reflection.Binder binder, System.Object[] parameters, System.Globalization.CultureInfo culture) [0x00083] in <191a1970a53948f9819ac1d2e4f5c72e>:0 
  at System.Reflection.MethodBase.Invoke (System.Object obj, System.Object[] parameters) [0x00000] in <191a1970a53948f9819ac1d2e4f5c72e>:0 
  at UnityEditor.EditorAssemblies.ProcessInitializeOnLoadMethodAttributes () [0x00056] in <2f9d421960d84dffaa88793de0f4b5f3>:0 
UnityEngine.Debug:ExtractStackTraceNoAlloc (byte*,int,string)
UnityEngine.StackTraceUtility:ExtractStackTrace ()
UnityEngine.DebugLogHandler:Internal_Log (UnityEngine.LogType,UnityEngine.LogOption,string,UnityEngine.Object)
UnityEngine.DebugLogHandler:LogFormat (UnityEngine.LogType,UnityEngine.Object,string,object[])
UnityEngine.Logger:Log (UnityEngine.LogType,object)
UnityEngine.Debug:LogError (object)
UnityEditor.EditorAssemblies:ProcessInitializeOnLoadMethodAttributes ()

Mono: successfully reloaded assembly
[Package Manager] Failed to launch server process. Reason: Unity was launched with the -noUpm command-line argument
[Package Manager] Unable to send message (not connected to server process).
[Package Manager] Cannot connect to Unity Package Manager local server
- Finished resetting the current domain, in  1.411 seconds
Domain Reload Profiling: 2612ms
	BeginReloadAssembly (281ms)
		ExecutionOrderSort (0ms)
		DisableScriptedObjects (7ms)
		BackupInstance (0ms)
		ReleaseScriptingObjects (0ms)
		CreateAndSetChildDomain (73ms)
	RebuildCommonClasses (42ms)
	RebuildNativeTypeToScriptingClass (13ms)
	initialDomainReloadingComplete (45ms)
	LoadAllAssembliesAndSetupDomain (821ms)
		LoadAssemblies (662ms)
		RebuildTransferFunctionScriptingTraits (0ms)
		AnalyzeDomain (290ms)
			TypeCache.Refresh (9ms)
				TypeCache.ScanAssembly (0ms)
			BuildScriptInfoCaches (250ms)
			ResolveRequiredComponents (25ms)
	FinalizeReload (1411ms)
		ReleaseScriptCaches (0ms)
		RebuildScriptCaches (0ms)
		SetupLoadedEditorAssemblies (1150ms)
			LogAssemblyErrors (0ms)
			InitializePlatformSupportModulesInManaged (16ms)
			SetLoadedEditorAssemblies (7ms)
			BeforeProcessingInitializeOnLoad (251ms)
			ProcessInitializeOnLoadAttributes (653ms)
			ProcessInitializeOnLoadMethodAttributes (206ms)
			AfterProcessingInitializeOnLoad (17ms)
			EditorAssembliesLoaded (1ms)
		ExecutionOrderSort2 (0ms)
		AwakeInstancesAfterBackupRestoration (17ms)
Shader 'Oculus/OVRMRCameraFrameLit': fallback shader 'Alpha-Diffuse' not found
Refreshing native plugins compatible for Editor in 39.08 ms, found 14 plugins.
Preloading 0 native plugins for Editor in 0.00 ms.
Unloading 53 Unused Serialized files (Serialized files now loaded: 0)
Unloading 8973 unused Assets / (9.7 MB). Loaded Objects now: 9949.
Memory consumption went from 245.7 MB to 236.0 MB.
Total: 29.367000 ms (FindLiveObjects: 2.323300 ms CreateObjectMapping: 2.271400 ms MarkObjects: 15.290000 ms  DeleteObjects: 9.480200 ms)

Prepare: number of updated asset objects reloaded= 0
========================================================================
Received Prepare
Begin MonoManager ReloadAssembly
- Loaded All Assemblies, in  1.197 seconds
Script 'CharacterController' has the same name as built-in Unity component.
AddComponent and GetComponent will not work with this script.
'Packages/com.unity.xr.openxr/Runtime/OpenXRLoader.cs' contains partial class of Unity.Object, exactly 1 of the partial classes needs to be in a file with the same filename. This is to know the one that can be referenced from ie. GameObjects
'Packages/com.meta.xr.sdk.core/Editor/BuildingBlocks/BlocksWindow.cs' contains partial class of Unity.Object, exactly 1 of the partial classes needs to be in a file with the same filename. This is to know the one that can be referenced from ie. GameObjects
'Packages/com.unity.xr.openxr/Runtime/OpenXRLoaderInternal.cs' contains partial class of Unity.Object, exactly 1 of the partial classes needs to be in a file with the same filename. This is to know the one that can be referenced from ie. GameObjects
'Packages/com.meta.xr.sdk.core/Editor/BuildingBlocks/BlocksWindowDetailsExtension.cs' contains partial class of Unity.Object, exactly 1 of the partial classes needs to be in a file with the same filename. This is to know the one that can be referenced from ie. GameObjects
'Packages/com.meta.xr.sdk.core/Editor/BuildingBlocks/BlocksWindowCollectionsPageExtension.cs' contains partial class of Unity.Object, exactly 1 of the partial classes needs to be in a file with the same filename. This is to know the one that can be referenced from ie. GameObjects
Refreshing native plugins compatible for Editor in 24.21 ms, found 14 plugins.
Assertion failed on expression: 'pred(*previous, *i)'
Assertion failed on expression: 'pred(*previous, *i)'
Assertion failed on expression: 'pred(*previous, *i)'
Assertion failed on expression: 'pred(*previous, *i)'
Assertion failed on expression: 'pred(*previous, *i)'
Assertion failed on expression: 'pred(*previous, *i)'
Assertion failed on expression: 'pred(*previous, *i)'
Native extension for Android target not found
Native extension for UWP target not found
Native extension for WindowsStandalone target not found
[Package Manager] Failed to launch server process. Reason: Unity was launched with the -noUpm command-line argument
[Package Manager] Unable to send message (not connected to server process).
[Package Manager] Cannot connect to Unity Package Manager local server
[Package Manager] Failed to launch server process. Reason: Unity was launched with the -noUpm command-line argument
[Package Manager] Unable to send message (not connected to server process).
[Package Manager] Cannot connect to Unity Package Manager local server
Refreshing native plugins compatible for Editor in 24.06 ms, found 14 plugins.
[Package Manager] Failed to launch server process. Reason: Unity was launched with the -noUpm command-line argument
[Package Manager] Unable to send message (not connected to server process).
[Package Manager] Cannot connect to Unity Package Manager local server
System.Reflection.TargetInvocationException: Exception has been thrown by the target of an invocation. ---> System.TypeInitializationException: The type initializer for 'UnityEditor.XR.Interaction.Toolkit.Samples.SpatialKeyboard.Editor.SpatialKeyboardSampleProjectValidation' threw an exception. ---> System.NullReferenceException: Object reference not set to an instance of an object
  at Unity.XR.CoreUtils.Editor.PackageVersionUtility.UpdatePackageVersions () [0x00034] in .\Library\PackageCache\com.unity.xr.core-utils@c0df0dd5bced\Editor\ProjectValidation\PackageVersionUtility.cs:46 
  at Unity.XR.CoreUtils.Editor.PackageVersionUtility.GetPackageVersion (System.String packageName) [0x00011] in .\Library\PackageCache\com.unity.xr.core-utils@c0df0dd5bced\Editor\ProjectValidation\PackageVersionUtility.cs:67 
  at UnityEditor.XR.Interaction.Toolkit.Samples.SpatialKeyboard.Editor.SpatialKeyboardSampleProjectValidation..cctor () [0x00023] in D:\Carpetas del sistema NO BORRAR\GITHUB DESKTOP REPO\RealidadMixta_Iot_pruebas\Industria_IOT_MR_unity6\Assets\Samples\XR Interaction Toolkit\3.0.8\Spatial Keyboard\Editor\Scripts\SpatialKeyboardSampleProjectValidation.cs:39 
   --- End of inner exception stack trace ---
  at (wrapper managed-to-native) System.Object.__icall_wrapper_mono_gc_wbarrier_generic_nostore_internal(intptr)
  at (wrapper write-barrier) System.Object.wbarrier_conc(intptr)
  at (wrapper managed-to-native) System.Reflection.RuntimeMethodInfo.InternalInvoke(System.Reflection.RuntimeMethodInfo,object,object[],System.Exception&)
  at System.Reflection.RuntimeMethodInfo.Invoke (System.Object obj, System.Reflection.BindingFlags invokeAttr, System.Reflection.Binder binder, System.Object[] parameters, System.Globalization.CultureInfo culture) [0x0006a] in <191a1970a53948f9819ac1d2e4f5c72e>:0 
   --- End of inner exception stack trace ---
  at System.Reflection.RuntimeMethodInfo.Invoke (System.Object obj, System.Reflection.BindingFlags invokeAttr, System.Reflection.Binder binder, System.Object[] parameters, System.Globalization.CultureInfo culture) [0x00083] in <191a1970a53948f9819ac1d2e4f5c72e>:0 
  at System.Reflection.MethodBase.Invoke (System.Object obj, System.Object[] parameters) [0x00000] in <191a1970a53948f9819ac1d2e4f5c72e>:0 
  at UnityEditor.EditorAssemblies.ProcessInitializeOnLoadMethodAttributes () [0x00056] in <2f9d421960d84dffaa88793de0f4b5f3>:0 
UnityEngine.Debug:ExtractStackTraceNoAlloc (byte*,int,string)
UnityEngine.StackTraceUtility:ExtractStackTrace ()
UnityEngine.DebugLogHandler:Internal_Log (UnityEngine.LogType,UnityEngine.LogOption,string,UnityEngine.Object)
UnityEngine.DebugLogHandler:LogFormat (UnityEngine.LogType,UnityEngine.Object,string,object[])
UnityEngine.Logger:Log (UnityEngine.LogType,object)
UnityEngine.Debug:LogError (object)
UnityEditor.EditorAssemblies:ProcessInitializeOnLoadMethodAttributes ()

Mono: successfully reloaded assembly
[Package Manager] Failed to launch server process. Reason: Unity was launched with the -noUpm command-line argument
[Package Manager] Unable to send message (not connected to server process).
[Package Manager] Cannot connect to Unity Package Manager local server
- Finished resetting the current domain, in  1.427 seconds
Domain Reload Profiling: 2604ms
	BeginReloadAssembly (282ms)
		ExecutionOrderSort (0ms)
		DisableScriptedObjects (6ms)
		BackupInstance (0ms)
		ReleaseScriptingObjects (0ms)
		CreateAndSetChildDomain (76ms)
	RebuildCommonClasses (40ms)
	RebuildNativeTypeToScriptingClass (15ms)
	initialDomainReloadingComplete (44ms)
	LoadAllAssembliesAndSetupDomain (795ms)
		LoadAssemblies (635ms)
		RebuildTransferFunctionScriptingTraits (0ms)
		AnalyzeDomain (288ms)
			TypeCache.Refresh (8ms)
				TypeCache.ScanAssembly (0ms)
			BuildScriptInfoCaches (252ms)
			ResolveRequiredComponents (22ms)
	FinalizeReload (1427ms)
		ReleaseScriptCaches (0ms)
		RebuildScriptCaches (0ms)
		SetupLoadedEditorAssemblies (1138ms)
			LogAssemblyErrors (0ms)
			InitializePlatformSupportModulesInManaged (14ms)
			SetLoadedEditorAssemblies (7ms)
			BeforeProcessingInitializeOnLoad (259ms)
			ProcessInitializeOnLoadAttributes (654ms)
			ProcessInitializeOnLoadMethodAttributes (185ms)
			AfterProcessingInitializeOnLoad (19ms)
			EditorAssembliesLoaded (1ms)
		ExecutionOrderSort2 (0ms)
		AwakeInstancesAfterBackupRestoration (27ms)
Shader 'Oculus/OVRMRCameraFrameLit': fallback shader 'Alpha-Diffuse' not found
Refreshing native plugins compatible for Editor in 37.33 ms, found 14 plugins.
Preloading 0 native plugins for Editor in 0.00 ms.
Unloading 53 Unused Serialized files (Serialized files now loaded: 0)
Unloading 8973 unused Assets / (8.3 MB). Loaded Objects now: 9952.
Memory consumption went from 245.6 MB to 237.3 MB.
Total: 28.749300 ms (FindLiveObjects: 1.638200 ms CreateObjectMapping: 2.103600 ms MarkObjects: 16.060000 ms  DeleteObjects: 8.945900 ms)

Prepare: number of updated asset objects reloaded= 0
========================================================================
Received Prepare
Begin MonoManager ReloadAssembly
- Loaded All Assemblies, in  1.210 seconds
Script 'CharacterController' has the same name as built-in Unity component.
AddComponent and GetComponent will not work with this script.
'Packages/com.unity.xr.openxr/Runtime/OpenXRLoader.cs' contains partial class of Unity.Object, exactly 1 of the partial classes needs to be in a file with the same filename. This is to know the one that can be referenced from ie. GameObjects
'Packages/com.meta.xr.sdk.core/Editor/BuildingBlocks/BlocksWindow.cs' contains partial class of Unity.Object, exactly 1 of the partial classes needs to be in a file with the same filename. This is to know the one that can be referenced from ie. GameObjects
'Packages/com.unity.xr.openxr/Runtime/OpenXRLoaderInternal.cs' contains partial class of Unity.Object, exactly 1 of the partial classes needs to be in a file with the same filename. This is to know the one that can be referenced from ie. GameObjects
'Packages/com.meta.xr.sdk.core/Editor/BuildingBlocks/BlocksWindowDetailsExtension.cs' contains partial class of Unity.Object, exactly 1 of the partial classes needs to be in a file with the same filename. This is to know the one that can be referenced from ie. GameObjects
'Packages/com.meta.xr.sdk.core/Editor/BuildingBlocks/BlocksWindowCollectionsPageExtension.cs' contains partial class of Unity.Object, exactly 1 of the partial classes needs to be in a file with the same filename. This is to know the one that can be referenced from ie. GameObjects
Refreshing native plugins compatible for Editor in 23.04 ms, found 14 plugins.
Assertion failed on expression: 'pred(*previous, *i)'
Assertion failed on expression: 'pred(*previous, *i)'
Assertion failed on expression: 'pred(*previous, *i)'
Assertion failed on expression: 'pred(*previous, *i)'
Assertion failed on expression: 'pred(*previous, *i)'
Assertion failed on expression: 'pred(*previous, *i)'
Assertion failed on expression: 'pred(*previous, *i)'
Native extension for Android target not found
Native extension for UWP target not found
Native extension for WindowsStandalone target not found
[Package Manager] Failed to launch server process. Reason: Unity was launched with the -noUpm command-line argument
[Package Manager] Unable to send message (not connected to server process).
[Package Manager] Cannot connect to Unity Package Manager local server
[Package Manager] Failed to launch server process. Reason: Unity was launched with the -noUpm command-line argument
[Package Manager] Unable to send message (not connected to server process).
[Package Manager] Cannot connect to Unity Package Manager local server
Refreshing native plugins compatible for Editor in 21.93 ms, found 14 plugins.
[Package Manager] Failed to launch server process. Reason: Unity was launched with the -noUpm command-line argument
[Package Manager] Unable to send message (not connected to server process).
[Package Manager] Cannot connect to Unity Package Manager local server
System.Reflection.TargetInvocationException: Exception has been thrown by the target of an invocation. ---> System.TypeInitializationException: The type initializer for 'UnityEditor.XR.Interaction.Toolkit.Samples.SpatialKeyboard.Editor.SpatialKeyboardSampleProjectValidation' threw an exception. ---> System.NullReferenceException: Object reference not set to an instance of an object
  at Unity.XR.CoreUtils.Editor.PackageVersionUtility.UpdatePackageVersions () [0x00034] in .\Library\PackageCache\com.unity.xr.core-utils@c0df0dd5bced\Editor\ProjectValidation\PackageVersionUtility.cs:46 
  at Unity.XR.CoreUtils.Editor.PackageVersionUtility.GetPackageVersion (System.String packageName) [0x00011] in .\Library\PackageCache\com.unity.xr.core-utils@c0df0dd5bced\Editor\ProjectValidation\PackageVersionUtility.cs:67 
  at UnityEditor.XR.Interaction.Toolkit.Samples.SpatialKeyboard.Editor.SpatialKeyboardSampleProjectValidation..cctor () [0x00023] in D:\Carpetas del sistema NO BORRAR\GITHUB DESKTOP REPO\RealidadMixta_Iot_pruebas\Industria_IOT_MR_unity6\Assets\Samples\XR Interaction Toolkit\3.0.8\Spatial Keyboard\Editor\Scripts\SpatialKeyboardSampleProjectValidation.cs:39 
   --- End of inner exception stack trace ---
  at (wrapper managed-to-native) System.Object.__icall_wrapper_mono_gc_wbarrier_generic_nostore_internal(intptr)
  at (wrapper write-barrier) System.Object.wbarrier_conc(intptr)
  at (wrapper managed-to-native) System.Reflection.RuntimeMethodInfo.InternalInvoke(System.Reflection.RuntimeMethodInfo,object,object[],System.Exception&)
  at System.Reflection.RuntimeMethodInfo.Invoke (System.Object obj, System.Reflection.BindingFlags invokeAttr, System.Reflection.Binder binder, System.Object[] parameters, System.Globalization.CultureInfo culture) [0x0006a] in <191a1970a53948f9819ac1d2e4f5c72e>:0 
   --- End of inner exception stack trace ---
  at System.Reflection.RuntimeMethodInfo.Invoke (System.Object obj, System.Reflection.BindingFlags invokeAttr, System.Reflection.Binder binder, System.Object[] parameters, System.Globalization.CultureInfo culture) [0x00083] in <191a1970a53948f9819ac1d2e4f5c72e>:0 
  at System.Reflection.MethodBase.Invoke (System.Object obj, System.Object[] parameters) [0x00000] in <191a1970a53948f9819ac1d2e4f5c72e>:0 
  at UnityEditor.EditorAssemblies.ProcessInitializeOnLoadMethodAttributes () [0x00056] in <2f9d421960d84dffaa88793de0f4b5f3>:0 
UnityEngine.Debug:ExtractStackTraceNoAlloc (byte*,int,string)
UnityEngine.StackTraceUtility:ExtractStackTrace ()
UnityEngine.DebugLogHandler:Internal_Log (UnityEngine.LogType,UnityEngine.LogOption,string,UnityEngine.Object)
UnityEngine.DebugLogHandler:LogFormat (UnityEngine.LogType,UnityEngine.Object,string,object[])
UnityEngine.Logger:Log (UnityEngine.LogType,object)
UnityEngine.Debug:LogError (object)
UnityEditor.EditorAssemblies:ProcessInitializeOnLoadMethodAttributes ()

Mono: successfully reloaded assembly
[Package Manager] Failed to launch server process. Reason: Unity was launched with the -noUpm command-line argument
[Package Manager] Unable to send message (not connected to server process).
[Package Manager] Cannot connect to Unity Package Manager local server
- Finished resetting the current domain, in  1.442 seconds
Domain Reload Profiling: 2631ms
	BeginReloadAssembly (292ms)
		ExecutionOrderSort (0ms)
		DisableScriptedObjects (7ms)
		BackupInstance (0ms)
		ReleaseScriptingObjects (0ms)
		CreateAndSetChildDomain (74ms)
	RebuildCommonClasses (40ms)
	RebuildNativeTypeToScriptingClass (13ms)
	initialDomainReloadingComplete (42ms)
	LoadAllAssembliesAndSetupDomain (801ms)
		LoadAssemblies (646ms)
		RebuildTransferFunctionScriptingTraits (0ms)
		AnalyzeDomain (293ms)
			TypeCache.Refresh (8ms)
				TypeCache.ScanAssembly (0ms)
			BuildScriptInfoCaches (254ms)
			ResolveRequiredComponents (26ms)
	FinalizeReload (1443ms)
		ReleaseScriptCaches (0ms)
		RebuildScriptCaches (0ms)
		SetupLoadedEditorAssemblies (1163ms)
			LogAssemblyErrors (0ms)
			InitializePlatformSupportModulesInManaged (13ms)
			SetLoadedEditorAssemblies (8ms)
			BeforeProcessingInitializeOnLoad (258ms)
			ProcessInitializeOnLoadAttributes (664ms)
			ProcessInitializeOnLoadMethodAttributes (206ms)
			AfterProcessingInitializeOnLoad (14ms)
			EditorAssembliesLoaded (1ms)
		ExecutionOrderSort2 (0ms)
		AwakeInstancesAfterBackupRestoration (15ms)
Shader 'Oculus/OVRMRCameraFrameLit': fallback shader 'Alpha-Diffuse' not found
Refreshing native plugins compatible for Editor in 45.15 ms, found 14 plugins.
Preloading 0 native plugins for Editor in 0.00 ms.
Unloading 53 Unused Serialized files (Serialized files now loaded: 0)
Unloading 8973 unused Assets / (9.0 MB). Loaded Objects now: 9955.
Memory consumption went from 245.6 MB to 236.6 MB.
Total: 33.610000 ms (FindLiveObjects: 2.227300 ms CreateObjectMapping: 3.281900 ms MarkObjects: 17.419100 ms  DeleteObjects: 10.680100 ms)

Prepare: number of updated asset objects reloaded= 0
========================================================================
Received Prepare
Begin MonoManager ReloadAssembly
- Loaded All Assemblies, in  1.245 seconds
Script 'CharacterController' has the same name as built-in Unity component.
AddComponent and GetComponent will not work with this script.
'Packages/com.unity.xr.openxr/Runtime/OpenXRLoader.cs' contains partial class of Unity.Object, exactly 1 of the partial classes needs to be in a file with the same filename. This is to know the one that can be referenced from ie. GameObjects
'Packages/com.meta.xr.sdk.core/Editor/BuildingBlocks/BlocksWindow.cs' contains partial class of Unity.Object, exactly 1 of the partial classes needs to be in a file with the same filename. This is to know the one that can be referenced from ie. GameObjects
'Packages/com.unity.xr.openxr/Runtime/OpenXRLoaderInternal.cs' contains partial class of Unity.Object, exactly 1 of the partial classes needs to be in a file with the same filename. This is to know the one that can be referenced from ie. GameObjects
'Packages/com.meta.xr.sdk.core/Editor/BuildingBlocks/BlocksWindowDetailsExtension.cs' contains partial class of Unity.Object, exactly 1 of the partial classes needs to be in a file with the same filename. This is to know the one that can be referenced from ie. GameObjects
'Packages/com.meta.xr.sdk.core/Editor/BuildingBlocks/BlocksWindowCollectionsPageExtension.cs' contains partial class of Unity.Object, exactly 1 of the partial classes needs to be in a file with the same filename. This is to know the one that can be referenced from ie. GameObjects
Refreshing native plugins compatible for Editor in 21.01 ms, found 14 plugins.
Assertion failed on expression: 'pred(*previous, *i)'
Assertion failed on expression: 'pred(*previous, *i)'
Assertion failed on expression: 'pred(*previous, *i)'
Assertion failed on expression: 'pred(*previous, *i)'
Assertion failed on expression: 'pred(*previous, *i)'
Assertion failed on expression: 'pred(*previous, *i)'
Assertion failed on expression: 'pred(*previous, *i)'
Native extension for Android target not found
Native extension for UWP target not found
Native extension for WindowsStandalone target not found
[Package Manager] Failed to launch server process. Reason: Unity was launched with the -noUpm command-line argument
[Package Manager] Unable to send message (not connected to server process).
[Package Manager] Cannot connect to Unity Package Manager local server
[Package Manager] Failed to launch server process. Reason: Unity was launched with the -noUpm command-line argument
[Package Manager] Unable to send message (not connected to server process).
[Package Manager] Cannot connect to Unity Package Manager local server
Refreshing native plugins compatible for Editor in 23.85 ms, found 14 plugins.
[Package Manager] Failed to launch server process. Reason: Unity was launched with the -noUpm command-line argument
[Package Manager] Unable to send message (not connected to server process).
[Package Manager] Cannot connect to Unity Package Manager local server
System.Reflection.TargetInvocationException: Exception has been thrown by the target of an invocation. ---> System.TypeInitializationException: The type initializer for 'UnityEditor.XR.Interaction.Toolkit.Samples.SpatialKeyboard.Editor.SpatialKeyboardSampleProjectValidation' threw an exception. ---> System.NullReferenceException: Object reference not set to an instance of an object
  at Unity.XR.CoreUtils.Editor.PackageVersionUtility.UpdatePackageVersions () [0x00034] in .\Library\PackageCache\com.unity.xr.core-utils@c0df0dd5bced\Editor\ProjectValidation\PackageVersionUtility.cs:46 
  at Unity.XR.CoreUtils.Editor.PackageVersionUtility.GetPackageVersion (System.String packageName) [0x00011] in .\Library\PackageCache\com.unity.xr.core-utils@c0df0dd5bced\Editor\ProjectValidation\PackageVersionUtility.cs:67 
  at UnityEditor.XR.Interaction.Toolkit.Samples.SpatialKeyboard.Editor.SpatialKeyboardSampleProjectValidation..cctor () [0x00023] in D:\Carpetas del sistema NO BORRAR\GITHUB DESKTOP REPO\RealidadMixta_Iot_pruebas\Industria_IOT_MR_unity6\Assets\Samples\XR Interaction Toolkit\3.0.8\Spatial Keyboard\Editor\Scripts\SpatialKeyboardSampleProjectValidation.cs:39 
   --- End of inner exception stack trace ---
  at (wrapper managed-to-native) System.Object.__icall_wrapper_mono_gc_wbarrier_generic_nostore_internal(intptr)
  at (wrapper write-barrier) System.Object.wbarrier_conc(intptr)
  at (wrapper managed-to-native) System.Reflection.RuntimeMethodInfo.InternalInvoke(System.Reflection.RuntimeMethodInfo,object,object[],System.Exception&)
  at System.Reflection.RuntimeMethodInfo.Invoke (System.Object obj, System.Reflection.BindingFlags invokeAttr, System.Reflection.Binder binder, System.Object[] parameters, System.Globalization.CultureInfo culture) [0x0006a] in <191a1970a53948f9819ac1d2e4f5c72e>:0 
   --- End of inner exception stack trace ---
  at System.Reflection.RuntimeMethodInfo.Invoke (System.Object obj, System.Reflection.BindingFlags invokeAttr, System.Reflection.Binder binder, System.Object[] parameters, System.Globalization.CultureInfo culture) [0x00083] in <191a1970a53948f9819ac1d2e4f5c72e>:0 
  at System.Reflection.MethodBase.Invoke (System.Object obj, System.Object[] parameters) [0x00000] in <191a1970a53948f9819ac1d2e4f5c72e>:0 
  at UnityEditor.EditorAssemblies.ProcessInitializeOnLoadMethodAttributes () [0x00056] in <2f9d421960d84dffaa88793de0f4b5f3>:0 
UnityEngine.Debug:ExtractStackTraceNoAlloc (byte*,int,string)
UnityEngine.StackTraceUtility:ExtractStackTrace ()
UnityEngine.DebugLogHandler:Internal_Log (UnityEngine.LogType,UnityEngine.LogOption,string,UnityEngine.Object)
UnityEngine.DebugLogHandler:LogFormat (UnityEngine.LogType,UnityEngine.Object,string,object[])
UnityEngine.Logger:Log (UnityEngine.LogType,object)
UnityEngine.Debug:LogError (object)
UnityEditor.EditorAssemblies:ProcessInitializeOnLoadMethodAttributes ()

Mono: successfully reloaded assembly
[Package Manager] Failed to launch server process. Reason: Unity was launched with the -noUpm command-line argument
[Package Manager] Unable to send message (not connected to server process).
[Package Manager] Cannot connect to Unity Package Manager local server
- Finished resetting the current domain, in  1.394 seconds
Domain Reload Profiling: 2615ms
	BeginReloadAssembly (292ms)
		ExecutionOrderSort (0ms)
		DisableScriptedObjects (6ms)
		BackupInstance (0ms)
		ReleaseScriptingObjects (0ms)
		CreateAndSetChildDomain (75ms)
	RebuildCommonClasses (40ms)
	RebuildNativeTypeToScriptingClass (12ms)
	initialDomainReloadingComplete (42ms)
	LoadAllAssembliesAndSetupDomain (833ms)
		LoadAssemblies (670ms)
		RebuildTransferFunctionScriptingTraits (0ms)
		AnalyzeDomain (300ms)
			TypeCache.Refresh (8ms)
				TypeCache.ScanAssembly (0ms)
			BuildScriptInfoCaches (266ms)
			ResolveRequiredComponents (21ms)
	FinalizeReload (1395ms)
		ReleaseScriptCaches (0ms)
		RebuildScriptCaches (0ms)
		SetupLoadedEditorAssemblies (1126ms)
			LogAssemblyErrors (0ms)
			InitializePlatformSupportModulesInManaged (15ms)
			SetLoadedEditorAssemblies (7ms)
			BeforeProcessingInitializeOnLoad (250ms)
			ProcessInitializeOnLoadAttributes (642ms)
			ProcessInitializeOnLoadMethodAttributes (197ms)
			AfterProcessingInitializeOnLoad (15ms)
			EditorAssembliesLoaded (1ms)
		ExecutionOrderSort2 (0ms)
		AwakeInstancesAfterBackupRestoration (15ms)
Shader 'Oculus/OVRMRCameraFrameLit': fallback shader 'Alpha-Diffuse' not found
Refreshing native plugins compatible for Editor in 33.91 ms, found 14 plugins.
Preloading 0 native plugins for Editor in 0.00 ms.
Unloading 53 Unused Serialized files (Serialized files now loaded: 0)
Unloading 8973 unused Assets / (8.7 MB). Loaded Objects now: 9958.
Memory consumption went from 245.7 MB to 237.0 MB.
Total: 27.067800 ms (FindLiveObjects: 1.771200 ms CreateObjectMapping: 2.773700 ms MarkObjects: 14.178600 ms  DeleteObjects: 8.342700 ms)

Prepare: number of updated asset objects reloaded= 0
========================================================================
Received Prepare
Begin MonoManager ReloadAssembly
- Loaded All Assemblies, in  1.172 seconds
Script 'CharacterController' has the same name as built-in Unity component.
AddComponent and GetComponent will not work with this script.
'Packages/com.unity.xr.openxr/Runtime/OpenXRLoader.cs' contains partial class of Unity.Object, exactly 1 of the partial classes needs to be in a file with the same filename. This is to know the one that can be referenced from ie. GameObjects
'Packages/com.meta.xr.sdk.core/Editor/BuildingBlocks/BlocksWindow.cs' contains partial class of Unity.Object, exactly 1 of the partial classes needs to be in a file with the same filename. This is to know the one that can be referenced from ie. GameObjects
'Packages/com.unity.xr.openxr/Runtime/OpenXRLoaderInternal.cs' contains partial class of Unity.Object, exactly 1 of the partial classes needs to be in a file with the same filename. This is to know the one that can be referenced from ie. GameObjects
'Packages/com.meta.xr.sdk.core/Editor/BuildingBlocks/BlocksWindowDetailsExtension.cs' contains partial class of Unity.Object, exactly 1 of the partial classes needs to be in a file with the same filename. This is to know the one that can be referenced from ie. GameObjects
'Packages/com.meta.xr.sdk.core/Editor/BuildingBlocks/BlocksWindowCollectionsPageExtension.cs' contains partial class of Unity.Object, exactly 1 of the partial classes needs to be in a file with the same filename. This is to know the one that can be referenced from ie. GameObjects
Refreshing native plugins compatible for Editor in 20.22 ms, found 14 plugins.
Assertion failed on expression: 'pred(*previous, *i)'
Assertion failed on expression: 'pred(*previous, *i)'
Assertion failed on expression: 'pred(*previous, *i)'
Assertion failed on expression: 'pred(*previous, *i)'
Assertion failed on expression: 'pred(*previous, *i)'
Assertion failed on expression: 'pred(*previous, *i)'
Assertion failed on expression: 'pred(*previous, *i)'
Native extension for Android target not found
Native extension for UWP target not found
Native extension for WindowsStandalone target not found
[Package Manager] Failed to launch server process. Reason: Unity was launched with the -noUpm command-line argument
[Package Manager] Unable to send message (not connected to server process).
[Package Manager] Cannot connect to Unity Package Manager local server
[Package Manager] Failed to launch server process. Reason: Unity was launched with the -noUpm command-line argument
[Package Manager] Unable to send message (not connected to server process).
[Package Manager] Cannot connect to Unity Package Manager local server
Refreshing native plugins compatible for Editor in 21.61 ms, found 14 plugins.
[Package Manager] Failed to launch server process. Reason: Unity was launched with the -noUpm command-line argument
[Package Manager] Unable to send message (not connected to server process).
[Package Manager] Cannot connect to Unity Package Manager local server
System.Reflection.TargetInvocationException: Exception has been thrown by the target of an invocation. ---> System.TypeInitializationException: The type initializer for 'UnityEditor.XR.Interaction.Toolkit.Samples.SpatialKeyboard.Editor.SpatialKeyboardSampleProjectValidation' threw an exception. ---> System.NullReferenceException: Object reference not set to an instance of an object
  at Unity.XR.CoreUtils.Editor.PackageVersionUtility.UpdatePackageVersions () [0x00034] in .\Library\PackageCache\com.unity.xr.core-utils@c0df0dd5bced\Editor\ProjectValidation\PackageVersionUtility.cs:46 
  at Unity.XR.CoreUtils.Editor.PackageVersionUtility.GetPackageVersion (System.String packageName) [0x00011] in .\Library\PackageCache\com.unity.xr.core-utils@c0df0dd5bced\Editor\ProjectValidation\PackageVersionUtility.cs:67 
  at UnityEditor.XR.Interaction.Toolkit.Samples.SpatialKeyboard.Editor.SpatialKeyboardSampleProjectValidation..cctor () [0x00023] in D:\Carpetas del sistema NO BORRAR\GITHUB DESKTOP REPO\RealidadMixta_Iot_pruebas\Industria_IOT_MR_unity6\Assets\Samples\XR Interaction Toolkit\3.0.8\Spatial Keyboard\Editor\Scripts\SpatialKeyboardSampleProjectValidation.cs:39 
   --- End of inner exception stack trace ---
  at (wrapper managed-to-native) System.Object.__icall_wrapper_mono_gc_wbarrier_generic_nostore_internal(intptr)
  at (wrapper write-barrier) System.Object.wbarrier_conc(intptr)
  at (wrapper managed-to-native) System.Reflection.RuntimeMethodInfo.InternalInvoke(System.Reflection.RuntimeMethodInfo,object,object[],System.Exception&)
  at System.Reflection.RuntimeMethodInfo.Invoke (System.Object obj, System.Reflection.BindingFlags invokeAttr, System.Reflection.Binder binder, System.Object[] parameters, System.Globalization.CultureInfo culture) [0x0006a] in <191a1970a53948f9819ac1d2e4f5c72e>:0 
   --- End of inner exception stack trace ---
  at System.Reflection.RuntimeMethodInfo.Invoke (System.Object obj, System.Reflection.BindingFlags invokeAttr, System.Reflection.Binder binder, System.Object[] parameters, System.Globalization.CultureInfo culture) [0x00083] in <191a1970a53948f9819ac1d2e4f5c72e>:0 
  at System.Reflection.MethodBase.Invoke (System.Object obj, System.Object[] parameters) [0x00000] in <191a1970a53948f9819ac1d2e4f5c72e>:0 
  at UnityEditor.EditorAssemblies.ProcessInitializeOnLoadMethodAttributes () [0x00056] in <2f9d421960d84dffaa88793de0f4b5f3>:0 
UnityEngine.Debug:ExtractStackTraceNoAlloc (byte*,int,string)
UnityEngine.StackTraceUtility:ExtractStackTrace ()
UnityEngine.DebugLogHandler:Internal_Log (UnityEngine.LogType,UnityEngine.LogOption,string,UnityEngine.Object)
UnityEngine.DebugLogHandler:LogFormat (UnityEngine.LogType,UnityEngine.Object,string,object[])
UnityEngine.Logger:Log (UnityEngine.LogType,object)
UnityEngine.Debug:LogError (object)
UnityEditor.EditorAssemblies:ProcessInitializeOnLoadMethodAttributes ()

Mono: successfully reloaded assembly
[Package Manager] Failed to launch server process. Reason: Unity was launched with the -noUpm command-line argument
[Package Manager] Unable to send message (not connected to server process).
[Package Manager] Cannot connect to Unity Package Manager local server
- Finished resetting the current domain, in  1.396 seconds
Domain Reload Profiling: 2542ms
	BeginReloadAssembly (284ms)
		ExecutionOrderSort (0ms)
		DisableScriptedObjects (6ms)
		BackupInstance (0ms)
		ReleaseScriptingObjects (0ms)
		CreateAndSetChildDomain (68ms)
	RebuildCommonClasses (40ms)
	RebuildNativeTypeToScriptingClass (12ms)
	initialDomainReloadingComplete (41ms)
	LoadAllAssembliesAndSetupDomain (768ms)
		LoadAssemblies (632ms)
		RebuildTransferFunctionScriptingTraits (0ms)
		AnalyzeDomain (274ms)
			TypeCache.Refresh (7ms)
				TypeCache.ScanAssembly (0ms)
			BuildScriptInfoCaches (238ms)
			ResolveRequiredComponents (23ms)
	FinalizeReload (1397ms)
		ReleaseScriptCaches (0ms)
		RebuildScriptCaches (0ms)
		SetupLoadedEditorAssemblies (1131ms)
			LogAssemblyErrors (0ms)
			InitializePlatformSupportModulesInManaged (14ms)
			SetLoadedEditorAssemblies (8ms)
			BeforeProcessingInitializeOnLoad (262ms)
			ProcessInitializeOnLoadAttributes (638ms)
			ProcessInitializeOnLoadMethodAttributes (193ms)
			AfterProcessingInitializeOnLoad (16ms)
			EditorAssembliesLoaded (1ms)
		ExecutionOrderSort2 (0ms)
		AwakeInstancesAfterBackupRestoration (19ms)
Shader 'Oculus/OVRMRCameraFrameLit': fallback shader 'Alpha-Diffuse' not found
Refreshing native plugins compatible for Editor in 33.59 ms, found 14 plugins.
Preloading 0 native plugins for Editor in 0.00 ms.
Unloading 53 Unused Serialized files (Serialized files now loaded: 0)
Unloading 8973 unused Assets / (11.1 MB). Loaded Objects now: 9961.
Memory consumption went from 245.8 MB to 234.7 MB.
Total: 30.915100 ms (FindLiveObjects: 2.284200 ms CreateObjectMapping: 2.361200 ms MarkObjects: 14.772300 ms  DeleteObjects: 11.495400 ms)

Prepare: number of updated asset objects reloaded= 0
========================================================================
Received Prepare
Begin MonoManager ReloadAssembly
- Loaded All Assemblies, in  1.218 seconds
Script 'CharacterController' has the same name as built-in Unity component.
AddComponent and GetComponent will not work with this script.
'Packages/com.unity.xr.openxr/Runtime/OpenXRLoader.cs' contains partial class of Unity.Object, exactly 1 of the partial classes needs to be in a file with the same filename. This is to know the one that can be referenced from ie. GameObjects
'Packages/com.meta.xr.sdk.core/Editor/BuildingBlocks/BlocksWindow.cs' contains partial class of Unity.Object, exactly 1 of the partial classes needs to be in a file with the same filename. This is to know the one that can be referenced from ie. GameObjects
'Packages/com.unity.xr.openxr/Runtime/OpenXRLoaderInternal.cs' contains partial class of Unity.Object, exactly 1 of the partial classes needs to be in a file with the same filename. This is to know the one that can be referenced from ie. GameObjects
'Packages/com.meta.xr.sdk.core/Editor/BuildingBlocks/BlocksWindowDetailsExtension.cs' contains partial class of Unity.Object, exactly 1 of the partial classes needs to be in a file with the same filename. This is to know the one that can be referenced from ie. GameObjects
'Packages/com.meta.xr.sdk.core/Editor/BuildingBlocks/BlocksWindowCollectionsPageExtension.cs' contains partial class of Unity.Object, exactly 1 of the partial classes needs to be in a file with the same filename. This is to know the one that can be referenced from ie. GameObjects
Refreshing native plugins compatible for Editor in 20.94 ms, found 14 plugins.
Assertion failed on expression: 'pred(*previous, *i)'
Assertion failed on expression: 'pred(*previous, *i)'
Assertion failed on expression: 'pred(*previous, *i)'
Assertion failed on expression: 'pred(*previous, *i)'
Assertion failed on expression: 'pred(*previous, *i)'
Assertion failed on expression: 'pred(*previous, *i)'
Assertion failed on expression: 'pred(*previous, *i)'
Native extension for Android target not found
Native extension for UWP target not found
Native extension for WindowsStandalone target not found
[Package Manager] Failed to launch server process. Reason: Unity was launched with the -noUpm command-line argument
[Package Manager] Unable to send message (not connected to server process).
[Package Manager] Cannot connect to Unity Package Manager local server
[Package Manager] Failed to launch server process. Reason: Unity was launched with the -noUpm command-line argument
[Package Manager] Unable to send message (not connected to server process).
[Package Manager] Cannot connect to Unity Package Manager local server
Refreshing native plugins compatible for Editor in 25.58 ms, found 14 plugins.
[Package Manager] Failed to launch server process. Reason: Unity was launched with the -noUpm command-line argument
[Package Manager] Unable to send message (not connected to server process).
[Package Manager] Cannot connect to Unity Package Manager local server
System.Reflection.TargetInvocationException: Exception has been thrown by the target of an invocation. ---> System.TypeInitializationException: The type initializer for 'UnityEditor.XR.Interaction.Toolkit.Samples.SpatialKeyboard.Editor.SpatialKeyboardSampleProjectValidation' threw an exception. ---> System.NullReferenceException: Object reference not set to an instance of an object
  at Unity.XR.CoreUtils.Editor.PackageVersionUtility.UpdatePackageVersions () [0x00034] in .\Library\PackageCache\com.unity.xr.core-utils@c0df0dd5bced\Editor\ProjectValidation\PackageVersionUtility.cs:46 
  at Unity.XR.CoreUtils.Editor.PackageVersionUtility.GetPackageVersion (System.String packageName) [0x00011] in .\Library\PackageCache\com.unity.xr.core-utils@c0df0dd5bced\Editor\ProjectValidation\PackageVersionUtility.cs:67 
  at UnityEditor.XR.Interaction.Toolkit.Samples.SpatialKeyboard.Editor.SpatialKeyboardSampleProjectValidation..cctor () [0x00023] in D:\Carpetas del sistema NO BORRAR\GITHUB DESKTOP REPO\RealidadMixta_Iot_pruebas\Industria_IOT_MR_unity6\Assets\Samples\XR Interaction Toolkit\3.0.8\Spatial Keyboard\Editor\Scripts\SpatialKeyboardSampleProjectValidation.cs:39 
   --- End of inner exception stack trace ---
  at (wrapper managed-to-native) System.Object.__icall_wrapper_mono_gc_wbarrier_generic_nostore_internal(intptr)
  at (wrapper write-barrier) System.Object.wbarrier_conc(intptr)
  at (wrapper managed-to-native) System.Reflection.RuntimeMethodInfo.InternalInvoke(System.Reflection.RuntimeMethodInfo,object,object[],System.Exception&)
  at System.Reflection.RuntimeMethodInfo.Invoke (System.Object obj, System.Reflection.BindingFlags invokeAttr, System.Reflection.Binder binder, System.Object[] parameters, System.Globalization.CultureInfo culture) [0x0006a] in <191a1970a53948f9819ac1d2e4f5c72e>:0 
   --- End of inner exception stack trace ---
  at System.Reflection.RuntimeMethodInfo.Invoke (System.Object obj, System.Reflection.BindingFlags invokeAttr, System.Reflection.Binder binder, System.Object[] parameters, System.Globalization.CultureInfo culture) [0x00083] in <191a1970a53948f9819ac1d2e4f5c72e>:0 
  at System.Reflection.MethodBase.Invoke (System.Object obj, System.Object[] parameters) [0x00000] in <191a1970a53948f9819ac1d2e4f5c72e>:0 
  at UnityEditor.EditorAssemblies.ProcessInitializeOnLoadMethodAttributes () [0x00056] in <2f9d421960d84dffaa88793de0f4b5f3>:0 
UnityEngine.Debug:ExtractStackTraceNoAlloc (byte*,int,string)
UnityEngine.StackTraceUtility:ExtractStackTrace ()
UnityEngine.DebugLogHandler:Internal_Log (UnityEngine.LogType,UnityEngine.LogOption,string,UnityEngine.Object)
UnityEngine.DebugLogHandler:LogFormat (UnityEngine.LogType,UnityEngine.Object,string,object[])
UnityEngine.Logger:Log (UnityEngine.LogType,object)
UnityEngine.Debug:LogError (object)
UnityEditor.EditorAssemblies:ProcessInitializeOnLoadMethodAttributes ()

Mono: successfully reloaded assembly
[Package Manager] Failed to launch server process. Reason: Unity was launched with the -noUpm command-line argument
[Package Manager] Unable to send message (not connected to server process).
[Package Manager] Cannot connect to Unity Package Manager local server
- Finished resetting the current domain, in  1.417 seconds
Domain Reload Profiling: 2612ms
	BeginReloadAssembly (286ms)
		ExecutionOrderSort (0ms)
		DisableScriptedObjects (6ms)
		BackupInstance (0ms)
		ReleaseScriptingObjects (0ms)
		CreateAndSetChildDomain (68ms)
	RebuildCommonClasses (42ms)
	RebuildNativeTypeToScriptingClass (14ms)
	initialDomainReloadingComplete (44ms)
	LoadAllAssembliesAndSetupDomain (809ms)
		LoadAssemblies (656ms)
		RebuildTransferFunctionScriptingTraits (0ms)
		AnalyzeDomain (287ms)
			TypeCache.Refresh (8ms)
				TypeCache.ScanAssembly (0ms)
			BuildScriptInfoCaches (250ms)
			ResolveRequiredComponents (24ms)
	FinalizeReload (1417ms)
		ReleaseScriptCaches (0ms)
		RebuildScriptCaches (0ms)
		SetupLoadedEditorAssemblies (1146ms)
			LogAssemblyErrors (0ms)
			InitializePlatformSupportModulesInManaged (15ms)
			SetLoadedEditorAssemblies (7ms)
			BeforeProcessingInitializeOnLoad (252ms)
			ProcessInitializeOnLoadAttributes (656ms)
			ProcessInitializeOnLoadMethodAttributes (201ms)
			AfterProcessingInitializeOnLoad (14ms)
			EditorAssembliesLoaded (1ms)
		ExecutionOrderSort2 (0ms)
		AwakeInstancesAfterBackupRestoration (16ms)
Shader 'Oculus/OVRMRCameraFrameLit': fallback shader 'Alpha-Diffuse' not found
Refreshing native plugins compatible for Editor in 41.31 ms, found 14 plugins.
Preloading 0 native plugins for Editor in 0.00 ms.
Unloading 53 Unused Serialized files (Serialized files now loaded: 0)
Unloading 8973 unused Assets / (7.7 MB). Loaded Objects now: 9964.
Memory consumption went from 245.8 MB to 238.1 MB.
Total: 33.475000 ms (FindLiveObjects: 2.014100 ms CreateObjectMapping: 2.973300 ms MarkObjects: 16.799700 ms  DeleteObjects: 11.685800 ms)

Prepare: number of updated asset objects reloaded= 0
========================================================================
Received Prepare
Begin MonoManager ReloadAssembly
- Loaded All Assemblies, in  1.237 seconds
Script 'CharacterController' has the same name as built-in Unity component.
AddComponent and GetComponent will not work with this script.
'Packages/com.unity.xr.openxr/Runtime/OpenXRLoader.cs' contains partial class of Unity.Object, exactly 1 of the partial classes needs to be in a file with the same filename. This is to know the one that can be referenced from ie. GameObjects
'Packages/com.meta.xr.sdk.core/Editor/BuildingBlocks/BlocksWindow.cs' contains partial class of Unity.Object, exactly 1 of the partial classes needs to be in a file with the same filename. This is to know the one that can be referenced from ie. GameObjects
'Packages/com.unity.xr.openxr/Runtime/OpenXRLoaderInternal.cs' contains partial class of Unity.Object, exactly 1 of the partial classes needs to be in a file with the same filename. This is to know the one that can be referenced from ie. GameObjects
'Packages/com.meta.xr.sdk.core/Editor/BuildingBlocks/BlocksWindowDetailsExtension.cs' contains partial class of Unity.Object, exactly 1 of the partial classes needs to be in a file with the same filename. This is to know the one that can be referenced from ie. GameObjects
'Packages/com.meta.xr.sdk.core/Editor/BuildingBlocks/BlocksWindowCollectionsPageExtension.cs' contains partial class of Unity.Object, exactly 1 of the partial classes needs to be in a file with the same filename. This is to know the one that can be referenced from ie. GameObjects
Refreshing native plugins compatible for Editor in 22.75 ms, found 14 plugins.
Assertion failed on expression: 'pred(*previous, *i)'
Assertion failed on expression: 'pred(*previous, *i)'
Assertion failed on expression: 'pred(*previous, *i)'
Assertion failed on expression: 'pred(*previous, *i)'
Assertion failed on expression: 'pred(*previous, *i)'
Assertion failed on expression: 'pred(*previous, *i)'
Assertion failed on expression: 'pred(*previous, *i)'
Native extension for Android target not found
Native extension for UWP target not found
Native extension for WindowsStandalone target not found
[Package Manager] Failed to launch server process. Reason: Unity was launched with the -noUpm command-line argument
[Package Manager] Unable to send message (not connected to server process).
[Package Manager] Cannot connect to Unity Package Manager local server
[Package Manager] Failed to launch server process. Reason: Unity was launched with the -noUpm command-line argument
[Package Manager] Unable to send message (not connected to server process).
[Package Manager] Cannot connect to Unity Package Manager local server
Refreshing native plugins compatible for Editor in 25.68 ms, found 14 plugins.
[Package Manager] Failed to launch server process. Reason: Unity was launched with the -noUpm command-line argument
[Package Manager] Unable to send message (not connected to server process).
[Package Manager] Cannot connect to Unity Package Manager local server
System.Reflection.TargetInvocationException: Exception has been thrown by the target of an invocation. ---> System.TypeInitializationException: The type initializer for 'UnityEditor.XR.Interaction.Toolkit.Samples.SpatialKeyboard.Editor.SpatialKeyboardSampleProjectValidation' threw an exception. ---> System.NullReferenceException: Object reference not set to an instance of an object
  at Unity.XR.CoreUtils.Editor.PackageVersionUtility.UpdatePackageVersions () [0x00034] in .\Library\PackageCache\com.unity.xr.core-utils@c0df0dd5bced\Editor\ProjectValidation\PackageVersionUtility.cs:46 
  at Unity.XR.CoreUtils.Editor.PackageVersionUtility.GetPackageVersion (System.String packageName) [0x00011] in .\Library\PackageCache\com.unity.xr.core-utils@c0df0dd5bced\Editor\ProjectValidation\PackageVersionUtility.cs:67 
  at UnityEditor.XR.Interaction.Toolkit.Samples.SpatialKeyboard.Editor.SpatialKeyboardSampleProjectValidation..cctor () [0x00023] in D:\Carpetas del sistema NO BORRAR\GITHUB DESKTOP REPO\RealidadMixta_Iot_pruebas\Industria_IOT_MR_unity6\Assets\Samples\XR Interaction Toolkit\3.0.8\Spatial Keyboard\Editor\Scripts\SpatialKeyboardSampleProjectValidation.cs:39 
   --- End of inner exception stack trace ---
  at (wrapper managed-to-native) System.Object.__icall_wrapper_mono_gc_wbarrier_generic_nostore_internal(intptr)
  at (wrapper write-barrier) System.Object.wbarrier_conc(intptr)
  at (wrapper managed-to-native) System.Reflection.RuntimeMethodInfo.InternalInvoke(System.Reflection.RuntimeMethodInfo,object,object[],System.Exception&)
  at System.Reflection.RuntimeMethodInfo.Invoke (System.Object obj, System.Reflection.BindingFlags invokeAttr, System.Reflection.Binder binder, System.Object[] parameters, System.Globalization.CultureInfo culture) [0x0006a] in <191a1970a53948f9819ac1d2e4f5c72e>:0 
   --- End of inner exception stack trace ---
  at System.Reflection.RuntimeMethodInfo.Invoke (System.Object obj, System.Reflection.BindingFlags invokeAttr, System.Reflection.Binder binder, System.Object[] parameters, System.Globalization.CultureInfo culture) [0x00083] in <191a1970a53948f9819ac1d2e4f5c72e>:0 
  at System.Reflection.MethodBase.Invoke (System.Object obj, System.Object[] parameters) [0x00000] in <191a1970a53948f9819ac1d2e4f5c72e>:0 
  at UnityEditor.EditorAssemblies.ProcessInitializeOnLoadMethodAttributes () [0x00056] in <2f9d421960d84dffaa88793de0f4b5f3>:0 
UnityEngine.Debug:ExtractStackTraceNoAlloc (byte*,int,string)
UnityEngine.StackTraceUtility:ExtractStackTrace ()
UnityEngine.DebugLogHandler:Internal_Log (UnityEngine.LogType,UnityEngine.LogOption,string,UnityEngine.Object)
UnityEngine.DebugLogHandler:LogFormat (UnityEngine.LogType,UnityEngine.Object,string,object[])
UnityEngine.Logger:Log (UnityEngine.LogType,object)
UnityEngine.Debug:LogError (object)
UnityEditor.EditorAssemblies:ProcessInitializeOnLoadMethodAttributes ()

Mono: successfully reloaded assembly
[Package Manager] Failed to launch server process. Reason: Unity was launched with the -noUpm command-line argument
[Package Manager] Unable to send message (not connected to server process).
[Package Manager] Cannot connect to Unity Package Manager local server
- Finished resetting the current domain, in  1.452 seconds
Domain Reload Profiling: 2664ms
	BeginReloadAssembly (287ms)
		ExecutionOrderSort (0ms)
		DisableScriptedObjects (6ms)
		BackupInstance (0ms)
		ReleaseScriptingObjects (0ms)
		CreateAndSetChildDomain (69ms)
	RebuildCommonClasses (43ms)
	RebuildNativeTypeToScriptingClass (12ms)
	initialDomainReloadingComplete (47ms)
	LoadAllAssembliesAndSetupDomain (822ms)
		LoadAssemblies (666ms)
		RebuildTransferFunctionScriptingTraits (0ms)
		AnalyzeDomain (295ms)
			TypeCache.Refresh (8ms)
				TypeCache.ScanAssembly (0ms)
			BuildScriptInfoCaches (258ms)
			ResolveRequiredComponents (24ms)
	FinalizeReload (1453ms)
		ReleaseScriptCaches (0ms)
		RebuildScriptCaches (0ms)
		SetupLoadedEditorAssemblies (1183ms)
			LogAssemblyErrors (0ms)
			InitializePlatformSupportModulesInManaged (14ms)
			SetLoadedEditorAssemblies (8ms)
			BeforeProcessingInitializeOnLoad (253ms)
			ProcessInitializeOnLoadAttributes (669ms)
			ProcessInitializeOnLoadMethodAttributes (216ms)
			AfterProcessingInitializeOnLoad (22ms)
			EditorAssembliesLoaded (1ms)
		ExecutionOrderSort2 (0ms)
		AwakeInstancesAfterBackupRestoration (20ms)
Shader 'Oculus/OVRMRCameraFrameLit': fallback shader 'Alpha-Diffuse' not found
Refreshing native plugins compatible for Editor in 43.58 ms, found 14 plugins.
Preloading 0 native plugins for Editor in 0.00 ms.
Unloading 53 Unused Serialized files (Serialized files now loaded: 0)
Unloading 8973 unused Assets / (8.7 MB). Loaded Objects now: 9967.
Memory consumption went from 245.7 MB to 237.0 MB.
Total: 30.701000 ms (FindLiveObjects: 2.098500 ms CreateObjectMapping: 2.931300 ms MarkObjects: 17.386900 ms  DeleteObjects: 8.282300 ms)

Prepare: number of updated asset objects reloaded= 0
========================================================================
Received Import Request.
  Time since last request: 3944.102271 seconds.
  path: Assets/Samples/XR Interaction Toolkit/3.0.8/Starter Assets/Models/UniversalController.fbx
  artifactKey: Guid(147ae308eec018b40a7b312ae58f44c7) Importer(815301076,1909f56bfc062723c751e8b465ee728b)
Start importing Assets/Samples/XR Interaction Toolkit/3.0.8/Starter Assets/Models/UniversalController.fbx using Guid(147ae308eec018b40a7b312ae58f44c7) Importer(815301076,1909f56bfc062723c751e8b465ee728b) (PreviewImporter) -> (artifact id: 'fa4da6c215a2665d99559dd4262f9a43') in 0.7919314 seconds
Number of updated asset objects reloaded before import = 0Number of asset objects unloaded after import = 54

========================================================================
Received Import Request.
  Time since last request: 0.000032 seconds.
  path: Assets/Samples/XR Interaction Toolkit/3.0.8/Spatial Keyboard/Models/CurvedHandleWedge.fbx
  artifactKey: Guid(e1baba050113e0f44bd4f6b52e77696d) Importer(815301076,1909f56bfc062723c751e8b465ee728b)
Start importing Assets/Samples/XR Interaction Toolkit/3.0.8/Spatial Keyboard/Models/CurvedHandleWedge.fbx using Guid(e1baba050113e0f44bd4f6b52e77696d) Importer(815301076,1909f56bfc062723c751e8b465ee728b) (PreviewImporter) -> (artifact id: '698257179cd831bf8af98e8b88fdacc2') in 0.0163551 seconds
Number of updated asset objects reloaded before import = 0Number of asset objects unloaded after import = 7

========================================================================
Received Import Request.
  Time since last request: 0.000038 seconds.
  path: Assets/Samples/XR Interaction Toolkit/3.0.8/Starter Assets/DemoSceneAssets/Models/Primitive_Torus.fbx
  artifactKey: Guid(f077c919501a44778a0c2edb6eb1a54a) Importer(815301076,1909f56bfc062723c751e8b465ee728b)
Start importing Assets/Samples/XR Interaction Toolkit/3.0.8/Starter Assets/DemoSceneAssets/Models/Primitive_Torus.fbx using Guid(f077c919501a44778a0c2edb6eb1a54a) Importer(815301076,1909f56bfc062723c751e8b465ee728b) (PreviewImporter) -> (artifact id: '1066f95147256f2c66b755497a3295d9') in 0.0409359 seconds
Number of updated asset objects reloaded before import = 0Number of asset objects unloaded after import = 14

========================================================================
Received Import Request.
  Time since last request: 0.000039 seconds.
  path: Assets/Samples/XR Interaction Toolkit/3.0.8/Starter Assets/DemoSceneAssets/Models/Primitive_Tapered_Cylinder.fbx
  artifactKey: Guid(e3493855a112e8248a2ea2c9828a51a1) Importer(815301076,1909f56bfc062723c751e8b465ee728b)
Start importing Assets/Samples/XR Interaction Toolkit/3.0.8/Starter Assets/DemoSceneAssets/Models/Primitive_Tapered_Cylinder.fbx using Guid(e3493855a112e8248a2ea2c9828a51a1) Importer(815301076,1909f56bfc062723c751e8b465ee728b) (PreviewImporter) -> (artifact id: 'c112e5dd3e4b6805427f169fcf5e4ba4') in 0.0273377 seconds
Number of updated asset objects reloaded before import = 0Number of asset objects unloaded after import = 14

========================================================================
Received Import Request.
  Time since last request: 0.000029 seconds.
  path: Assets/Samples/XR Interaction Toolkit/3.0.8/Spatial Keyboard/Models/CurvedHandle.fbx
  artifactKey: Guid(ae54ba12b7f49c840a53ce0b50b389b6) Importer(815301076,1909f56bfc062723c751e8b465ee728b)
Start importing Assets/Samples/XR Interaction Toolkit/3.0.8/Spatial Keyboard/Models/CurvedHandle.fbx using Guid(ae54ba12b7f49c840a53ce0b50b389b6) Importer(815301076,1909f56bfc062723c751e8b465ee728b) (PreviewImporter) -> (artifact id: '4161f2020f0e943e53f6413a57cd2351') in 0.0151075 seconds
Number of updated asset objects reloaded before import = 0Number of asset objects unloaded after import = 7

========================================================================
Received Import Request.
  Time since last request: 0.000053 seconds.
  path: Assets/Samples/XR Interaction Toolkit/3.0.8/Starter Assets/DemoSceneAssets/Models/Primitive_Pyramid.fbx
  artifactKey: Guid(63e02ddb08ce42da868504e1333d48ae) Importer(815301076,1909f56bfc062723c751e8b465ee728b)
Start importing Assets/Samples/XR Interaction Toolkit/3.0.8/Starter Assets/DemoSceneAssets/Models/Primitive_Pyramid.fbx using Guid(63e02ddb08ce42da868504e1333d48ae) Importer(815301076,1909f56bfc062723c751e8b465ee728b) (PreviewImporter) -> (artifact id: 'd5876f486cab195e256e25d93131d776') in 0.0275994 seconds
Number of updated asset objects reloaded before import = 0Number of asset objects unloaded after import = 14

========================================================================
Received Import Request.
  Time since last request: 0.000036 seconds.
  path: Assets/Samples/XR Interaction Toolkit/3.0.8/Hands Interaction Demo/HandsDemoSceneAssets/Models/Primitives/Cube.fbx
  artifactKey: Guid(7cf3ac7bcd2e5471fb54d5f5da9aad56) Importer(815301076,1909f56bfc062723c751e8b465ee728b)
Start importing Assets/Samples/XR Interaction Toolkit/3.0.8/Hands Interaction Demo/HandsDemoSceneAssets/Models/Primitives/Cube.fbx using Guid(7cf3ac7bcd2e5471fb54d5f5da9aad56) Importer(815301076,1909f56bfc062723c751e8b465ee728b) (PreviewImporter) -> (artifact id: '7ddd297318348f365bd45b013f37a41c') in 0.0163106 seconds
Number of updated asset objects reloaded before import = 0Number of asset objects unloaded after import = 8

========================================================================
Received Import Request.
  Time since last request: 0.000051 seconds.
  path: Assets/Samples/XR Interaction Toolkit/3.0.8/Starter Assets/Models/Reticle_Torus.fbx
  artifactKey: Guid(be2911572dc3afa448d24b4e97edc5f1) Importer(815301076,1909f56bfc062723c751e8b465ee728b)
Start importing Assets/Samples/XR Interaction Toolkit/3.0.8/Starter Assets/Models/Reticle_Torus.fbx using Guid(be2911572dc3afa448d24b4e97edc5f1) Importer(815301076,1909f56bfc062723c751e8b465ee728b) (PreviewImporter) -> (artifact id: '665ef49ffadc721416f85a788bb1cdc1') in 0.0273484 seconds
Number of updated asset objects reloaded before import = 0Number of asset objects unloaded after import = 14

========================================================================
Received Import Request.
  Time since last request: 0.000031 seconds.
  path: Assets/Samples/XR Interaction Toolkit/3.0.8/AR Starter Assets/ARDemoSceneAssets/Models/Primitive_Pyramid.fbx
  artifactKey: Guid(e760ff44a7adc4cf98ae34ae984d15a4) Importer(815301076,1909f56bfc062723c751e8b465ee728b)
Start importing Assets/Samples/XR Interaction Toolkit/3.0.8/AR Starter Assets/ARDemoSceneAssets/Models/Primitive_Pyramid.fbx using Guid(e760ff44a7adc4cf98ae34ae984d15a4) Importer(815301076,1909f56bfc062723c751e8b465ee728b) (PreviewImporter) -> (artifact id: 'e68642f4bf12a78f82723c88fec3127f') in 0.0145331 seconds
Number of updated asset objects reloaded before import = 0Number of asset objects unloaded after import = 7

========================================================================
Received Import Request.
  Time since last request: 0.000029 seconds.
  path: Assets/Samples/XR Interaction Toolkit/3.0.8/Starter Assets/TunnelingVignette/TunnelingVignetteHemisphere.fbx
  artifactKey: Guid(5833e680dc0f7ae47aec6b4286570484) Importer(815301076,1909f56bfc062723c751e8b465ee728b)
Start importing Assets/Samples/XR Interaction Toolkit/3.0.8/Starter Assets/TunnelingVignette/TunnelingVignetteHemisphere.fbx using Guid(5833e680dc0f7ae47aec6b4286570484) Importer(815301076,1909f56bfc062723c751e8b465ee728b) (PreviewImporter) -> (artifact id: 'd3f598fe9dd71a7a99cd9123226e77f2') in 0.0192141 seconds
Number of updated asset objects reloaded before import = 0Number of asset objects unloaded after import = 7

========================================================================
Received Import Request.
  Time since last request: 0.000051 seconds.
  path: Assets/Samples/XR Interaction Toolkit/3.0.8/AR Starter Assets/ARDemoSceneAssets/Models/Primitive_Cylinder.fbx
  artifactKey: Guid(303858b05cdc2474d9cc45c585ccc058) Importer(815301076,1909f56bfc062723c751e8b465ee728b)
Start importing Assets/Samples/XR Interaction Toolkit/3.0.8/AR Starter Assets/ARDemoSceneAssets/Models/Primitive_Cylinder.fbx using Guid(303858b05cdc2474d9cc45c585ccc058) Importer(815301076,1909f56bfc062723c751e8b465ee728b) (PreviewImporter) -> (artifact id: '632e7a8e5cf627d3e05741bb53175581') in 0.0140376 seconds
Number of updated asset objects reloaded before import = 0Number of asset objects unloaded after import = 7

========================================================================
Received Prepare
Begin MonoManager ReloadAssembly
- Loaded All Assemblies, in  1.302 seconds
Script 'CharacterController' has the same name as built-in Unity component.
AddComponent and GetComponent will not work with this script.
'Packages/com.unity.xr.openxr/Runtime/OpenXRLoader.cs' contains partial class of Unity.Object, exactly 1 of the partial classes needs to be in a file with the same filename. This is to know the one that can be referenced from ie. GameObjects
'Packages/com.meta.xr.sdk.core/Editor/BuildingBlocks/BlocksWindow.cs' contains partial class of Unity.Object, exactly 1 of the partial classes needs to be in a file with the same filename. This is to know the one that can be referenced from ie. GameObjects
'Packages/com.unity.xr.openxr/Runtime/OpenXRLoaderInternal.cs' contains partial class of Unity.Object, exactly 1 of the partial classes needs to be in a file with the same filename. This is to know the one that can be referenced from ie. GameObjects
'Packages/com.meta.xr.sdk.core/Editor/BuildingBlocks/BlocksWindowDetailsExtension.cs' contains partial class of Unity.Object, exactly 1 of the partial classes needs to be in a file with the same filename. This is to know the one that can be referenced from ie. GameObjects
'Packages/com.meta.xr.sdk.core/Editor/BuildingBlocks/BlocksWindowCollectionsPageExtension.cs' contains partial class of Unity.Object, exactly 1 of the partial classes needs to be in a file with the same filename. This is to know the one that can be referenced from ie. GameObjects
Refreshing native plugins compatible for Editor in 25.49 ms, found 14 plugins.
Assertion failed on expression: 'pred(*previous, *i)'
Assertion failed on expression: 'pred(*previous, *i)'
Assertion failed on expression: 'pred(*previous, *i)'
Assertion failed on expression: 'pred(*previous, *i)'
Assertion failed on expression: 'pred(*previous, *i)'
Assertion failed on expression: 'pred(*previous, *i)'
Assertion failed on expression: 'pred(*previous, *i)'
Native extension for Android target not found
Native extension for UWP target not found
Native extension for WindowsStandalone target not found
[Package Manager] Failed to launch server process. Reason: Unity was launched with the -noUpm command-line argument
[Package Manager] Unable to send message (not connected to server process).
[Package Manager] Cannot connect to Unity Package Manager local server
[Package Manager] Failed to launch server process. Reason: Unity was launched with the -noUpm command-line argument
[Package Manager] Unable to send message (not connected to server process).
[Package Manager] Cannot connect to Unity Package Manager local server
Refreshing native plugins compatible for Editor in 21.86 ms, found 14 plugins.
[Package Manager] Failed to launch server process. Reason: Unity was launched with the -noUpm command-line argument
[Package Manager] Unable to send message (not connected to server process).
[Package Manager] Cannot connect to Unity Package Manager local server
System.Reflection.TargetInvocationException: Exception has been thrown by the target of an invocation. ---> System.TypeInitializationException: The type initializer for 'UnityEditor.XR.Interaction.Toolkit.Samples.SpatialKeyboard.Editor.SpatialKeyboardSampleProjectValidation' threw an exception. ---> System.NullReferenceException: Object reference not set to an instance of an object
  at Unity.XR.CoreUtils.Editor.PackageVersionUtility.UpdatePackageVersions () [0x00034] in .\Library\PackageCache\com.unity.xr.core-utils@c0df0dd5bced\Editor\ProjectValidation\PackageVersionUtility.cs:46 
  at Unity.XR.CoreUtils.Editor.PackageVersionUtility.GetPackageVersion (System.String packageName) [0x00011] in .\Library\PackageCache\com.unity.xr.core-utils@c0df0dd5bced\Editor\ProjectValidation\PackageVersionUtility.cs:67 
  at UnityEditor.XR.Interaction.Toolkit.Samples.SpatialKeyboard.Editor.SpatialKeyboardSampleProjectValidation..cctor () [0x00023] in D:\Carpetas del sistema NO BORRAR\GITHUB DESKTOP REPO\RealidadMixta_Iot_pruebas\Industria_IOT_MR_unity6\Assets\Samples\XR Interaction Toolkit\3.0.8\Spatial Keyboard\Editor\Scripts\SpatialKeyboardSampleProjectValidation.cs:39 
   --- End of inner exception stack trace ---
  at (wrapper managed-to-native) System.Object.__icall_wrapper_mono_gc_wbarrier_generic_nostore_internal(intptr)
  at (wrapper write-barrier) System.Object.wbarrier_conc(intptr)
  at (wrapper managed-to-native) System.Reflection.RuntimeMethodInfo.InternalInvoke(System.Reflection.RuntimeMethodInfo,object,object[],System.Exception&)
  at System.Reflection.RuntimeMethodInfo.Invoke (System.Object obj, System.Reflection.BindingFlags invokeAttr, System.Reflection.Binder binder, System.Object[] parameters, System.Globalization.CultureInfo culture) [0x0006a] in <191a1970a53948f9819ac1d2e4f5c72e>:0 
   --- End of inner exception stack trace ---
  at System.Reflection.RuntimeMethodInfo.Invoke (System.Object obj, System.Reflection.BindingFlags invokeAttr, System.Reflection.Binder binder, System.Object[] parameters, System.Globalization.CultureInfo culture) [0x00083] in <191a1970a53948f9819ac1d2e4f5c72e>:0 
  at System.Reflection.MethodBase.Invoke (System.Object obj, System.Object[] parameters) [0x00000] in <191a1970a53948f9819ac1d2e4f5c72e>:0 
  at UnityEditor.EditorAssemblies.ProcessInitializeOnLoadMethodAttributes () [0x00056] in <2f9d421960d84dffaa88793de0f4b5f3>:0 
UnityEngine.Debug:ExtractStackTraceNoAlloc (byte*,int,string)
UnityEngine.StackTraceUtility:ExtractStackTrace ()
UnityEngine.DebugLogHandler:Internal_Log (UnityEngine.LogType,UnityEngine.LogOption,string,UnityEngine.Object)
UnityEngine.DebugLogHandler:LogFormat (UnityEngine.LogType,UnityEngine.Object,string,object[])
UnityEngine.Logger:Log (UnityEngine.LogType,object)
UnityEngine.Debug:LogError (object)
UnityEditor.EditorAssemblies:ProcessInitializeOnLoadMethodAttributes ()

Mono: successfully reloaded assembly
[Package Manager] Failed to launch server process. Reason: Unity was launched with the -noUpm command-line argument
[Package Manager] Unable to send message (not connected to server process).
[Package Manager] Cannot connect to Unity Package Manager local server
- Finished resetting the current domain, in  1.513 seconds
Domain Reload Profiling: 2795ms
	BeginReloadAssembly (337ms)
		ExecutionOrderSort (0ms)
		DisableScriptedObjects (21ms)
		BackupInstance (0ms)
		ReleaseScriptingObjects (0ms)
		CreateAndSetChildDomain (94ms)
	RebuildCommonClasses (44ms)
	RebuildNativeTypeToScriptingClass (15ms)
	initialDomainReloadingComplete (47ms)
	LoadAllAssembliesAndSetupDomain (838ms)
		LoadAssemblies (685ms)
		RebuildTransferFunctionScriptingTraits (0ms)
		AnalyzeDomain (306ms)
			TypeCache.Refresh (8ms)
				TypeCache.ScanAssembly (0ms)
			BuildScriptInfoCaches (267ms)
			ResolveRequiredComponents (26ms)
	FinalizeReload (1513ms)
		ReleaseScriptCaches (0ms)
		RebuildScriptCaches (0ms)
		SetupLoadedEditorAssemblies (1215ms)
			LogAssemblyErrors (0ms)
			InitializePlatformSupportModulesInManaged (14ms)
			SetLoadedEditorAssemblies (7ms)
			BeforeProcessingInitializeOnLoad (263ms)
			ProcessInitializeOnLoadAttributes (664ms)
			ProcessInitializeOnLoadMethodAttributes (247ms)
			AfterProcessingInitializeOnLoad (19ms)
			EditorAssembliesLoaded (1ms)
		ExecutionOrderSort2 (0ms)
		AwakeInstancesAfterBackupRestoration (31ms)
Shader 'Oculus/OVRMRCameraFrameLit': fallback shader 'Alpha-Diffuse' not found
Refreshing native plugins compatible for Editor in 35.86 ms, found 14 plugins.
Preloading 0 native plugins for Editor in 0.00 ms.
Unloading 53 Unused Serialized files (Serialized files now loaded: 0)
Unloading 8974 unused Assets / (9.2 MB). Loaded Objects now: 9990.
Memory consumption went from 250.1 MB to 240.9 MB.
Total: 30.538500 ms (FindLiveObjects: 2.018400 ms CreateObjectMapping: 2.154100 ms MarkObjects: 17.209000 ms  DeleteObjects: 9.155000 ms)

Prepare: number of updated asset objects reloaded= 0
========================================================================
Received Prepare
Begin MonoManager ReloadAssembly
- Loaded All Assemblies, in  1.232 seconds
Script 'CharacterController' has the same name as built-in Unity component.
AddComponent and GetComponent will not work with this script.
'Packages/com.unity.xr.openxr/Runtime/OpenXRLoader.cs' contains partial class of Unity.Object, exactly 1 of the partial classes needs to be in a file with the same filename. This is to know the one that can be referenced from ie. GameObjects
'Packages/com.meta.xr.sdk.core/Editor/BuildingBlocks/BlocksWindow.cs' contains partial class of Unity.Object, exactly 1 of the partial classes needs to be in a file with the same filename. This is to know the one that can be referenced from ie. GameObjects
'Packages/com.unity.xr.openxr/Runtime/OpenXRLoaderInternal.cs' contains partial class of Unity.Object, exactly 1 of the partial classes needs to be in a file with the same filename. This is to know the one that can be referenced from ie. GameObjects
'Packages/com.meta.xr.sdk.core/Editor/BuildingBlocks/BlocksWindowDetailsExtension.cs' contains partial class of Unity.Object, exactly 1 of the partial classes needs to be in a file with the same filename. This is to know the one that can be referenced from ie. GameObjects
'Packages/com.meta.xr.sdk.core/Editor/BuildingBlocks/BlocksWindowCollectionsPageExtension.cs' contains partial class of Unity.Object, exactly 1 of the partial classes needs to be in a file with the same filename. This is to know the one that can be referenced from ie. GameObjects
Refreshing native plugins compatible for Editor in 22.43 ms, found 14 plugins.
Assertion failed on expression: 'pred(*previous, *i)'
Assertion failed on expression: 'pred(*previous, *i)'
Assertion failed on expression: 'pred(*previous, *i)'
Assertion failed on expression: 'pred(*previous, *i)'
Assertion failed on expression: 'pred(*previous, *i)'
Assertion failed on expression: 'pred(*previous, *i)'
Assertion failed on expression: 'pred(*previous, *i)'
Native extension for Android target not found
Native extension for UWP target not found
Native extension for WindowsStandalone target not found
[Package Manager] Failed to launch server process. Reason: Unity was launched with the -noUpm command-line argument
[Package Manager] Unable to send message (not connected to server process).
[Package Manager] Cannot connect to Unity Package Manager local server
[Package Manager] Failed to launch server process. Reason: Unity was launched with the -noUpm command-line argument
[Package Manager] Unable to send message (not connected to server process).
[Package Manager] Cannot connect to Unity Package Manager local server
Refreshing native plugins compatible for Editor in 27.24 ms, found 14 plugins.
[Package Manager] Failed to launch server process. Reason: Unity was launched with the -noUpm command-line argument
[Package Manager] Unable to send message (not connected to server process).
[Package Manager] Cannot connect to Unity Package Manager local server
System.Reflection.TargetInvocationException: Exception has been thrown by the target of an invocation. ---> System.TypeInitializationException: The type initializer for 'UnityEditor.XR.Interaction.Toolkit.Samples.SpatialKeyboard.Editor.SpatialKeyboardSampleProjectValidation' threw an exception. ---> System.NullReferenceException: Object reference not set to an instance of an object
  at Unity.XR.CoreUtils.Editor.PackageVersionUtility.UpdatePackageVersions () [0x00034] in .\Library\PackageCache\com.unity.xr.core-utils@c0df0dd5bced\Editor\ProjectValidation\PackageVersionUtility.cs:46 
  at Unity.XR.CoreUtils.Editor.PackageVersionUtility.GetPackageVersion (System.String packageName) [0x00011] in .\Library\PackageCache\com.unity.xr.core-utils@c0df0dd5bced\Editor\ProjectValidation\PackageVersionUtility.cs:67 
  at UnityEditor.XR.Interaction.Toolkit.Samples.SpatialKeyboard.Editor.SpatialKeyboardSampleProjectValidation..cctor () [0x00023] in D:\Carpetas del sistema NO BORRAR\GITHUB DESKTOP REPO\RealidadMixta_Iot_pruebas\Industria_IOT_MR_unity6\Assets\Samples\XR Interaction Toolkit\3.0.8\Spatial Keyboard\Editor\Scripts\SpatialKeyboardSampleProjectValidation.cs:39 
   --- End of inner exception stack trace ---
  at (wrapper managed-to-native) System.Object.__icall_wrapper_mono_gc_wbarrier_generic_nostore_internal(intptr)
  at (wrapper write-barrier) System.Object.wbarrier_conc(intptr)
  at (wrapper managed-to-native) System.Reflection.RuntimeMethodInfo.InternalInvoke(System.Reflection.RuntimeMethodInfo,object,object[],System.Exception&)
  at System.Reflection.RuntimeMethodInfo.Invoke (System.Object obj, System.Reflection.BindingFlags invokeAttr, System.Reflection.Binder binder, System.Object[] parameters, System.Globalization.CultureInfo culture) [0x0006a] in <191a1970a53948f9819ac1d2e4f5c72e>:0 
   --- End of inner exception stack trace ---
  at System.Reflection.RuntimeMethodInfo.Invoke (System.Object obj, System.Reflection.BindingFlags invokeAttr, System.Reflection.Binder binder, System.Object[] parameters, System.Globalization.CultureInfo culture) [0x00083] in <191a1970a53948f9819ac1d2e4f5c72e>:0 
  at System.Reflection.MethodBase.Invoke (System.Object obj, System.Object[] parameters) [0x00000] in <191a1970a53948f9819ac1d2e4f5c72e>:0 
  at UnityEditor.EditorAssemblies.ProcessInitializeOnLoadMethodAttributes () [0x00056] in <2f9d421960d84dffaa88793de0f4b5f3>:0 
UnityEngine.Debug:ExtractStackTraceNoAlloc (byte*,int,string)
UnityEngine.StackTraceUtility:ExtractStackTrace ()
UnityEngine.DebugLogHandler:Internal_Log (UnityEngine.LogType,UnityEngine.LogOption,string,UnityEngine.Object)
UnityEngine.DebugLogHandler:LogFormat (UnityEngine.LogType,UnityEngine.Object,string,object[])
UnityEngine.Logger:Log (UnityEngine.LogType,object)
UnityEngine.Debug:LogError (object)
UnityEditor.EditorAssemblies:ProcessInitializeOnLoadMethodAttributes ()

Mono: successfully reloaded assembly
[Package Manager] Failed to launch server process. Reason: Unity was launched with the -noUpm command-line argument
[Package Manager] Unable to send message (not connected to server process).
[Package Manager] Cannot connect to Unity Package Manager local server
- Finished resetting the current domain, in  1.510 seconds
Domain Reload Profiling: 2714ms
	BeginReloadAssembly (304ms)
		ExecutionOrderSort (0ms)
		DisableScriptedObjects (7ms)
		BackupInstance (0ms)
		ReleaseScriptingObjects (0ms)
		CreateAndSetChildDomain (78ms)
	RebuildCommonClasses (41ms)
	RebuildNativeTypeToScriptingClass (13ms)
	initialDomainReloadingComplete (42ms)
	LoadAllAssembliesAndSetupDomain (803ms)
		LoadAssemblies (650ms)
		RebuildTransferFunctionScriptingTraits (0ms)
		AnalyzeDomain (295ms)
			TypeCache.Refresh (8ms)
				TypeCache.ScanAssembly (0ms)
			BuildScriptInfoCaches (259ms)
			ResolveRequiredComponents (24ms)
	FinalizeReload (1511ms)
		ReleaseScriptCaches (0ms)
		RebuildScriptCaches (0ms)
		SetupLoadedEditorAssemblies (1212ms)
			LogAssemblyErrors (0ms)
			InitializePlatformSupportModulesInManaged (17ms)
			SetLoadedEditorAssemblies (7ms)
			BeforeProcessingInitializeOnLoad (318ms)
			ProcessInitializeOnLoadAttributes (660ms)
			ProcessInitializeOnLoadMethodAttributes (191ms)
			AfterProcessingInitializeOnLoad (19ms)
			EditorAssembliesLoaded (1ms)
		ExecutionOrderSort2 (0ms)
		AwakeInstancesAfterBackupRestoration (27ms)
Shader 'Oculus/OVRMRCameraFrameLit': fallback shader 'Alpha-Diffuse' not found
Refreshing native plugins compatible for Editor in 38.82 ms, found 14 plugins.
Preloading 0 native plugins for Editor in 0.00 ms.
Unloading 53 Unused Serialized files (Serialized files now loaded: 0)
Unloading 8973 unused Assets / (9.7 MB). Loaded Objects now: 9993.
Memory consumption went from 249.9 MB to 240.2 MB.
Total: 28.924300 ms (FindLiveObjects: 1.843800 ms CreateObjectMapping: 2.351200 ms MarkObjects: 15.201400 ms  DeleteObjects: 9.526100 ms)

Prepare: number of updated asset objects reloaded= 0
========================================================================
Received Import Request.
  Time since last request: 2419.563574 seconds.
  path: Assets/Samples/Meta XR Interaction ​SDK/74.0.1/Feature Scenes/RayCanvasFlat.unity
  artifactKey: Guid(7f5c84932632e2a4eb3d90db823935f1) Importer(2089858483,192608db42251d675da83286b1cce702)
Start importing Assets/Samples/Meta XR Interaction ​SDK/74.0.1/Feature Scenes/RayCanvasFlat.unity using Guid(7f5c84932632e2a4eb3d90db823935f1) Importer(2089858483,192608db42251d675da83286b1cce702) (ScriptedImporter) -> (artifact id: '15276742e31dd34ec07fefe1e7f9c716') in 0.2765038 seconds
Number of updated asset objects reloaded before import = 0Number of asset objects unloaded after import = 1

========================================================================
Received Import Request.
  Time since last request: 0.000061 seconds.
  path: Assets/Samples/XR Interaction Toolkit/3.0.8/AR Starter Assets/Scripts
  artifactKey: Guid(d7368a8af5574482696e9dcb6357c67d) Importer(2089858483,192608db42251d675da83286b1cce702)
Start importing Assets/Samples/XR Interaction Toolkit/3.0.8/AR Starter Assets/Scripts using Guid(d7368a8af5574482696e9dcb6357c67d) Importer(2089858483,192608db42251d675da83286b1cce702) (ScriptedImporter) -> (artifact id: 'be9238a6bf862420b587fcd86ad28ebb') in 0.0067498 seconds
Number of updated asset objects reloaded before import = 0Number of asset objects unloaded after import = 1

========================================================================
Received Import Request.
  Time since last request: 0.000034 seconds.
  path: Assets/Samples/XR Interaction Toolkit/3.0.8/AR Starter Assets/ARDemoSceneAssets
  artifactKey: Guid(68f3a67ea4b5ff04da102de4e928aace) Importer(2089858483,192608db42251d675da83286b1cce702)
Start importing Assets/Samples/XR Interaction Toolkit/3.0.8/AR Starter Assets/ARDemoSceneAssets using Guid(68f3a67ea4b5ff04da102de4e928aace) Importer(2089858483,192608db42251d675da83286b1cce702) (ScriptedImporter) -> (artifact id: '75aa22f741ee762dcacf09b9cffb6a89') in 0.0072921 seconds
Number of updated asset objects reloaded before import = 0Number of asset objects unloaded after import = 1

========================================================================
Received Import Request.
  Time since last request: 0.000020 seconds.
  path: Assets/Samples/XR Interaction Toolkit/3.0.8/AR Starter Assets/ARDemoSceneAssets/Sprites/Icon - Create.png
  artifactKey: Guid(7ec65d81ee53b4a76babde6fa254b6e1) Importer(2089858483,192608db42251d675da83286b1cce702)
Start importing Assets/Samples/XR Interaction Toolkit/3.0.8/AR Starter Assets/ARDemoSceneAssets/Sprites/Icon - Create.png using Guid(7ec65d81ee53b4a76babde6fa254b6e1) Importer(2089858483,192608db42251d675da83286b1cce702) (ScriptedImporter) -> (artifact id: '7512bec436ebf66a78c3f751234dc164') in 0.0913403 seconds
Number of updated asset objects reloaded before import = 0Number of asset objects unloaded after import = 3

========================================================================
Received Import Request.
  Time since last request: 0.000026 seconds.
  path: Assets/Samples/XR Interaction Toolkit/3.0.8/AR Starter Assets/ARDemoSceneAssets/Sprites/Icon - Object - Rounded Cube.png
  artifactKey: Guid(930e939e9def94ef69711892eaa9af81) Importer(2089858483,192608db42251d675da83286b1cce702)
Start importing Assets/Samples/XR Interaction Toolkit/3.0.8/AR Starter Assets/ARDemoSceneAssets/Sprites/Icon - Object - Rounded Cube.png using Guid(930e939e9def94ef69711892eaa9af81) Importer(2089858483,192608db42251d675da83286b1cce702) (ScriptedImporter) -> (artifact id: 'cacce9977695c067ca98305383893190') in 0.0224939 seconds
Number of updated asset objects reloaded before import = 0Number of asset objects unloaded after import = 3

========================================================================
Received Import Request.
  Time since last request: 0.000035 seconds.
  path: Assets/Samples/Meta XR Interaction ​SDK/74.0.1/Feature Scenes/TouchHandGrab.unity
  artifactKey: Guid(be6ac2db53044a540a337805c97f39df) Importer(2089858483,192608db42251d675da83286b1cce702)
Start importing Assets/Samples/Meta XR Interaction ​SDK/74.0.1/Feature Scenes/TouchHandGrab.unity using Guid(be6ac2db53044a540a337805c97f39df) Importer(2089858483,192608db42251d675da83286b1cce702) (ScriptedImporter) -> (artifact id: '155afda062547d19ad346e61875a7d7d') in 0.0123827 seconds
Number of updated asset objects reloaded before import = 0Number of asset objects unloaded after import = 1

========================================================================
Received Import Request.
  Time since last request: 0.000024 seconds.
  path: Assets/Samples/Meta XR Interaction ​SDK/74.0.1/Tools
  artifactKey: Guid(d7020988d61012744b8fbcb992517640) Importer(2089858483,192608db42251d675da83286b1cce702)
Start importing Assets/Samples/Meta XR Interaction ​SDK/74.0.1/Tools using Guid(d7020988d61012744b8fbcb992517640) Importer(2089858483,192608db42251d675da83286b1cce702) (ScriptedImporter) -> (artifact id: '0a2fca547fa1768ce6762b8d94b9c7c5') in 0.0054621 seconds
Number of updated asset objects reloaded before import = 0Number of asset objects unloaded after import = 1

========================================================================
Received Import Request.
  Time since last request: 0.000021 seconds.
  path: Assets/Samples/XR Interaction Toolkit/3.0.8/AR Starter Assets/ARDemoSceneAssets/Sprites/Icon - Object - Arch.png
  artifactKey: Guid(df7e78ca980944172aec00b77115a8c5) Importer(2089858483,192608db42251d675da83286b1cce702)
Start importing Assets/Samples/XR Interaction Toolkit/3.0.8/AR Starter Assets/ARDemoSceneAssets/Sprites/Icon - Object - Arch.png using Guid(df7e78ca980944172aec00b77115a8c5) Importer(2089858483,192608db42251d675da83286b1cce702) (ScriptedImporter) -> (artifact id: 'd546cd232f74312fdf4c2f8160c1d372') in 0.015025 seconds
Number of updated asset objects reloaded before import = 0Number of asset objects unloaded after import = 3

========================================================================
Received Import Request.
  Time since last request: 0.000021 seconds.
  path: Assets/Samples/XR Interaction Toolkit/3.0.8/XR Device Simulator/Scripts/XRDeviceSimulatorControllerUI.cs
  artifactKey: Guid(a907ece591e731e49b5d7be45f089972) Importer(2089858483,192608db42251d675da83286b1cce702)
Start importing Assets/Samples/XR Interaction Toolkit/3.0.8/XR Device Simulator/Scripts/XRDeviceSimulatorControllerUI.cs using Guid(a907ece591e731e49b5d7be45f089972) Importer(2089858483,192608db42251d675da83286b1cce702) (ScriptedImporter) -> (artifact id: 'c56a89c8d664d482b0a50dabe887d724') in 0.0064407 seconds
Number of updated asset objects reloaded before import = 0Number of asset objects unloaded after import = 0

========================================================================
Received Import Request.
  Time since last request: 0.000032 seconds.
  path: Assets/Oculus/OculusProjectConfig.asset
  artifactKey: Guid(81081c6809d803d4e9fa6410759a996e) Importer(2089858483,192608db42251d675da83286b1cce702)
Start importing Assets/Oculus/OculusProjectConfig.asset using Guid(81081c6809d803d4e9fa6410759a996e) Importer(2089858483,192608db42251d675da83286b1cce702) (ScriptedImporter) -> (artifact id: 'ee60204f7eae568b7c6eb4e0e8d344a3') in 0.0397839 seconds
Number of updated asset objects reloaded before import = 0Number of asset objects unloaded after import = 1

========================================================================
Received Import Request.
  Time since last request: 0.000020 seconds.
  path: Assets/Samples/XR Interaction Toolkit/3.0.8/AR Starter Assets/ARDemoSceneAssets/Animation
  artifactKey: Guid(3f8c8d3c4e1894cb78e40ae912c91ce2) Importer(2089858483,192608db42251d675da83286b1cce702)
Start importing Assets/Samples/XR Interaction Toolkit/3.0.8/AR Starter Assets/ARDemoSceneAssets/Animation using Guid(3f8c8d3c4e1894cb78e40ae912c91ce2) Importer(2089858483,192608db42251d675da83286b1cce702) (ScriptedImporter) -> (artifact id: 'b33deeff0dd095fa169e2bf89e5ad747') in 0.0049312 seconds
Number of updated asset objects reloaded before import = 0Number of asset objects unloaded after import = 1

========================================================================
Received Import Request.
  Time since last request: 0.000022 seconds.
  path: Assets/Samples/XR Interaction Toolkit/3.0.8/AR Starter Assets/ARDemoSceneAssets/Materials/MaterialPipelineHandler.asset
  artifactKey: Guid(1ba0d5cbd551dbf428dc68d0d58ae939) Importer(2089858483,192608db42251d675da83286b1cce702)
Start importing Assets/Samples/XR Interaction Toolkit/3.0.8/AR Starter Assets/ARDemoSceneAssets/Materials/MaterialPipelineHandler.asset using Guid(1ba0d5cbd551dbf428dc68d0d58ae939) Importer(2089858483,192608db42251d675da83286b1cce702) (ScriptedImporter) -> (artifact id: '9eaa035c4738fd2a195929cc2f007b80') in 0.0105423 seconds
Number of updated asset objects reloaded before import = 0Number of asset objects unloaded after import = 2

========================================================================
Received Import Request.
  Time since last request: 0.000020 seconds.
  path: Assets/Samples/XR Interaction Toolkit/3.0.8/XR Device Simulator/UI/Hands/Hand_Pinch.png
  artifactKey: Guid(a6721511441c05a43964dac58584c890) Importer(2089858483,192608db42251d675da83286b1cce702)
Start importing Assets/Samples/XR Interaction Toolkit/3.0.8/XR Device Simulator/UI/Hands/Hand_Pinch.png using Guid(a6721511441c05a43964dac58584c890) Importer(2089858483,192608db42251d675da83286b1cce702) (ScriptedImporter) -> (artifact id: '79172c95e859b5ee7c4e58469f0859bd') in 0.0129837 seconds
Number of updated asset objects reloaded before import = 0Number of asset objects unloaded after import = 3

========================================================================
Received Import Request.
  Time since last request: 0.000041 seconds.
  path: Assets/Samples/XR Interaction Toolkit/3.0.8/AR Starter Assets/ARDemoSceneAssets/Textures/ConcreteNormal.tif
  artifactKey: Guid(1dce72fffd0af44ad8e9cdd61d9fc604) Importer(2089858483,192608db42251d675da83286b1cce702)
Start importing Assets/Samples/XR Interaction Toolkit/3.0.8/AR Starter Assets/ARDemoSceneAssets/Textures/ConcreteNormal.tif using Guid(1dce72fffd0af44ad8e9cdd61d9fc604) Importer(2089858483,192608db42251d675da83286b1cce702) (ScriptedImporter) -> (artifact id: '1d1e47cbbf14669a5fb05f083f2ed9c3') in 0.0261948 seconds
Number of updated asset objects reloaded before import = 0Number of asset objects unloaded after import = 1

========================================================================
Received Import Request.
  Time since last request: 0.000020 seconds.
  path: Assets/Samples/XR Interaction Toolkit/3.0.8/AR Starter Assets/Textures
  artifactKey: Guid(982bc1dca37e3c54bb850d16e2c1fed6) Importer(2089858483,192608db42251d675da83286b1cce702)
Start importing Assets/Samples/XR Interaction Toolkit/3.0.8/AR Starter Assets/Textures using Guid(982bc1dca37e3c54bb850d16e2c1fed6) Importer(2089858483,192608db42251d675da83286b1cce702) (ScriptedImporter) -> (artifact id: 'e532767123e4bc94df332d248c25ce10') in 0.0048475 seconds
Number of updated asset objects reloaded before import = 0Number of asset objects unloaded after import = 1

========================================================================
Received Import Request.
  Time since last request: 0.000033 seconds.
  path: Assets/Samples/XR Interaction Toolkit/3.0.8/AR Starter Assets/ARDemoSceneAssets/Models/Primitive_Cylinder.fbx
  artifactKey: Guid(303858b05cdc2474d9cc45c585ccc058) Importer(2089858483,192608db42251d675da83286b1cce702)
Start importing Assets/Samples/XR Interaction Toolkit/3.0.8/AR Starter Assets/ARDemoSceneAssets/Models/Primitive_Cylinder.fbx using Guid(303858b05cdc2474d9cc45c585ccc058) Importer(2089858483,192608db42251d675da83286b1cce702) (ScriptedImporter) -> (artifact id: 'd2505f8b21bafc293b16ecf17d4131d3') in 0.0658142 seconds
Number of updated asset objects reloaded before import = 0Number of asset objects unloaded after import = 7

========================================================================
Received Import Request.
  Time since last request: 0.000023 seconds.
  path: Assets/Samples/XR Interaction Toolkit/3.0.8/XR Device Simulator/Hand Expression Captures/Poke Expression Capture.asset
  artifactKey: Guid(95c319715e9d2644da8ae09af8ccfee6) Importer(2089858483,192608db42251d675da83286b1cce702)
Start importing Assets/Samples/XR Interaction Toolkit/3.0.8/XR Device Simulator/Hand Expression Captures/Poke Expression Capture.asset using Guid(95c319715e9d2644da8ae09af8ccfee6) Importer(2089858483,192608db42251d675da83286b1cce702) (ScriptedImporter) -> (artifact id: 'b4487844e22d7885046967436c1a1429') in 0.0097995 seconds
Number of updated asset objects reloaded before import = 0Number of asset objects unloaded after import = 2

========================================================================
Received Import Request.
  Time since last request: 0.000045 seconds.
  path: Assets/Samples/XR Interaction Toolkit/3.0.8/AR Starter Assets/Materials/FeatheredPlaneMaterial.mat
  artifactKey: Guid(d5774351bc3ae4ad393dc1d142ff4235) Importer(2089858483,192608db42251d675da83286b1cce702)
Start importing Assets/Samples/XR Interaction Toolkit/3.0.8/AR Starter Assets/Materials/FeatheredPlaneMaterial.mat using Guid(d5774351bc3ae4ad393dc1d142ff4235) Importer(2089858483,192608db42251d675da83286b1cce702) (ScriptedImporter) -> (artifact id: 'c527e0aa4c71e48caea37b070b6a022f') in 0.0244353 seconds
Number of updated asset objects reloaded before import = 0Number of asset objects unloaded after import = 2

========================================================================
Received Import Request.
  Time since last request: 0.000018 seconds.
  path: Assets/Samples/XR Interaction Toolkit/3.0.8/AR Starter Assets/Scripts/ARInteractorSpawnTrigger.cs
  artifactKey: Guid(ba63293f961b46a1a5b648e4ba02cfb5) Importer(2089858483,192608db42251d675da83286b1cce702)
Start importing Assets/Samples/XR Interaction Toolkit/3.0.8/AR Starter Assets/Scripts/ARInteractorSpawnTrigger.cs using Guid(ba63293f961b46a1a5b648e4ba02cfb5) Importer(2089858483,192608db42251d675da83286b1cce702) (ScriptedImporter) -> (artifact id: '88ea07bc33a3a1ef16ee524daee8d22a') in 0.0076023 seconds
Number of updated asset objects reloaded before import = 0Number of asset objects unloaded after import = 0

========================================================================
Received Import Request.
  Time since last request: 0.000023 seconds.
  path: Assets/Samples/Meta XR Interaction ​SDK/74.0.1/Feature Scenes/DebugHandGrab.unity
  artifactKey: Guid(4a33784a144ef2442a81151052a5bb3b) Importer(2089858483,192608db42251d675da83286b1cce702)
Start importing Assets/Samples/Meta XR Interaction ​SDK/74.0.1/Feature Scenes/DebugHandGrab.unity using Guid(4a33784a144ef2442a81151052a5bb3b) Importer(2089858483,192608db42251d675da83286b1cce702) (ScriptedImporter) -> (artifact id: '6e7451c2816513d5bf3671a0fb163829') in 0.0324085 seconds
Number of updated asset objects reloaded before import = 0Number of asset objects unloaded after import = 1

========================================================================
Received Import Request.
  Time since last request: 0.000050 seconds.
  path: Assets/Samples/XR Interaction Toolkit/3.0.8/XR Device Simulator/UI/General/btn_bgbottom.png
  artifactKey: Guid(89cb99e3e22696848a1cbce7b320f520) Importer(2089858483,192608db42251d675da83286b1cce702)
Start importing Assets/Samples/XR Interaction Toolkit/3.0.8/XR Device Simulator/UI/General/btn_bgbottom.png using Guid(89cb99e3e22696848a1cbce7b320f520) Importer(2089858483,192608db42251d675da83286b1cce702) (ScriptedImporter) -> (artifact id: '5d192ece115872b03b3285fb6974cabf') in 0.0246149 seconds
Number of updated asset objects reloaded before import = 0Number of asset objects unloaded after import = 3

========================================================================
Received Import Request.
  Time since last request: 0.000028 seconds.
  path: Assets/Samples/XR Interaction Toolkit/3.0.8/AR Starter Assets/ARDemoSceneAssets/Materials
  artifactKey: Guid(eb7cc390007f49f4cae3b0e429059209) Importer(2089858483,192608db42251d675da83286b1cce702)
Start importing Assets/Samples/XR Interaction Toolkit/3.0.8/AR Starter Assets/ARDemoSceneAssets/Materials using Guid(eb7cc390007f49f4cae3b0e429059209) Importer(2089858483,192608db42251d675da83286b1cce702) (ScriptedImporter) -> (artifact id: '5be07bf67140a21c84eeb817efb9b6d1') in 0.0061451 seconds
Number of updated asset objects reloaded before import = 0Number of asset objects unloaded after import = 1

========================================================================
Received Import Request.
  Time since last request: 0.000021 seconds.
  path: Assets/Samples/XR Interaction Toolkit/3.0.8/AR Starter Assets/ARDemoSceneAssets/Prefabs/Arch.prefab
  artifactKey: Guid(13241d599ff10413498d04c6d683ca10) Importer(2089858483,192608db42251d675da83286b1cce702)
Start importing Assets/Samples/XR Interaction Toolkit/3.0.8/AR Starter Assets/ARDemoSceneAssets/Prefabs/Arch.prefab using Guid(13241d599ff10413498d04c6d683ca10) Importer(2089858483,192608db42251d675da83286b1cce702) (ScriptedImporter) -> (artifact id: 'ae3652c20d004b395ad28a0d7f5e20b5') in 0.082211 seconds
Number of updated asset objects reloaded before import = 0Number of asset objects unloaded after import = 21

========================================================================
Received Import Request.
  Time since last request: 0.000025 seconds.
  path: Assets/Samples/XR Interaction Toolkit/3.0.8/AR Starter Assets/ARDemoSceneAssets/Models/Primitive_Wedge.fbx
  artifactKey: Guid(504f04868fdec43fea10caa71569c542) Importer(2089858483,192608db42251d675da83286b1cce702)
Start importing Assets/Samples/XR Interaction Toolkit/3.0.8/AR Starter Assets/ARDemoSceneAssets/Models/Primitive_Wedge.fbx using Guid(504f04868fdec43fea10caa71569c542) Importer(2089858483,192608db42251d675da83286b1cce702) (ScriptedImporter) -> (artifact id: '1446931c826da829b2a3d0a1c74b9257') in 0.014386 seconds
Number of updated asset objects reloaded before import = 0Number of asset objects unloaded after import = 7

========================================================================
Received Import Request.
  Time since last request: 0.000068 seconds.
  path: Assets/Samples/XR Interaction Toolkit/3.0.8/XR Device Simulator/UI/Hands/Hand_Poke.png
  artifactKey: Guid(a2586e6b399337f409118c79273dc29d) Importer(2089858483,192608db42251d675da83286b1cce702)
Start importing Assets/Samples/XR Interaction Toolkit/3.0.8/XR Device Simulator/UI/Hands/Hand_Poke.png using Guid(a2586e6b399337f409118c79273dc29d) Importer(2089858483,192608db42251d675da83286b1cce702) (ScriptedImporter) -> (artifact id: '95784dd5576a85e72d2c95c2aa2ac1a2') in 0.019731 seconds
Number of updated asset objects reloaded before import = 0Number of asset objects unloaded after import = 3

========================================================================
Received Import Request.
  Time since last request: 0.000019 seconds.
  path: Assets/Samples/XR Interaction Toolkit/3.0.8/XR Device Simulator/UI/General/DeviceSimUI_bg.png
  artifactKey: Guid(d7348fb3f11ba4f6f933462328963785) Importer(2089858483,192608db42251d675da83286b1cce702)
Start importing Assets/Samples/XR Interaction Toolkit/3.0.8/XR Device Simulator/UI/General/DeviceSimUI_bg.png using Guid(d7348fb3f11ba4f6f933462328963785) Importer(2089858483,192608db42251d675da83286b1cce702) (ScriptedImporter) -> (artifact id: '28105f7b27b9cf0c6c772e92b2a9afce') in 0.0234765 seconds
Number of updated asset objects reloaded before import = 0Number of asset objects unloaded after import = 3

========================================================================
Received Import Request.
  Time since last request: 0.000021 seconds.
  path: Assets/Samples/XR Interaction Toolkit/3.0.8/XR Device Simulator/XR Device Simulator.prefab
  artifactKey: Guid(18ddb545287c546e19cc77dc9fbb2189) Importer(2089858483,192608db42251d675da83286b1cce702)
Start importing Assets/Samples/XR Interaction Toolkit/3.0.8/XR Device Simulator/XR Device Simulator.prefab using Guid(18ddb545287c546e19cc77dc9fbb2189) Importer(2089858483,192608db42251d675da83286b1cce702) (ScriptedImporter) -> (artifact id: '3e86c76005fd0d3861725536daec00fb') in 0.2847893 seconds
Number of updated asset objects reloaded before import = 0Number of asset objects unloaded after import = 825

========================================================================
Received Import Request.
  Time since last request: 0.000042 seconds.
  path: Assets/Samples/XR Interaction Toolkit/3.0.8/XR Device Simulator/UI/HeadDevice/Movement.png
  artifactKey: Guid(1d56a2d39cfbb49149abbf0076259327) Importer(2089858483,192608db42251d675da83286b1cce702)
Start importing Assets/Samples/XR Interaction Toolkit/3.0.8/XR Device Simulator/UI/HeadDevice/Movement.png using Guid(1d56a2d39cfbb49149abbf0076259327) Importer(2089858483,192608db42251d675da83286b1cce702) (ScriptedImporter) -> (artifact id: 'a603d8f18a9eec711413f4d278000478') in 0.0134005 seconds
Number of updated asset objects reloaded before import = 0Number of asset objects unloaded after import = 3

========================================================================
Received Import Request.
  Time since last request: 0.000033 seconds.
  path: Assets/Samples/XR Interaction Toolkit/3.0.8/XR Device Simulator/UI/General/Look.png
  artifactKey: Guid(5410adf0b914f49438506b7dd0022773) Importer(2089858483,192608db42251d675da83286b1cce702)
Start importing Assets/Samples/XR Interaction Toolkit/3.0.8/XR Device Simulator/UI/General/Look.png using Guid(5410adf0b914f49438506b7dd0022773) Importer(2089858483,192608db42251d675da83286b1cce702) (ScriptedImporter) -> (artifact id: '67a0630de4ac9e2b85a40c651c1054d5') in 0.0132266 seconds
Number of updated asset objects reloaded before import = 0Number of asset objects unloaded after import = 3

========================================================================
Received Import Request.
  Time since last request: 0.000018 seconds.
  path: Assets/Samples/XR Interaction Toolkit/3.0.8/XR Device Simulator/UI/HeadDevice/HMD.png
  artifactKey: Guid(4eb43321e418951499417cda6141b31a) Importer(2089858483,192608db42251d675da83286b1cce702)
Start importing Assets/Samples/XR Interaction Toolkit/3.0.8/XR Device Simulator/UI/HeadDevice/HMD.png using Guid(4eb43321e418951499417cda6141b31a) Importer(2089858483,192608db42251d675da83286b1cce702) (ScriptedImporter) -> (artifact id: 'dab9c364cedebdb114651ad42490e480') in 0.0161832 seconds
Number of updated asset objects reloaded before import = 0Number of asset objects unloaded after import = 3

========================================================================
Received Import Request.
  Time since last request: 0.000018 seconds.
  path: Assets/Samples/XR Interaction Toolkit/3.0.8/AR Starter Assets/Materials
  artifactKey: Guid(41c3a4c7030ba374c97c43b20917a2e9) Importer(2089858483,192608db42251d675da83286b1cce702)
Start importing Assets/Samples/XR Interaction Toolkit/3.0.8/AR Starter Assets/Materials using Guid(41c3a4c7030ba374c97c43b20917a2e9) Importer(2089858483,192608db42251d675da83286b1cce702) (ScriptedImporter) -> (artifact id: '3d4d27412ca985dbba5d45e6d072d96a') in 0.005725 seconds
Number of updated asset objects reloaded before import = 0Number of asset objects unloaded after import = 1

========================================================================
Received Import Request.
  Time since last request: 0.000017 seconds.
  path: Assets/Samples/XR Interaction Toolkit/3.0.8/AR Starter Assets/Editor/ARStarterAssets.Editor.asmdef
  artifactKey: Guid(81e756a21b3040f409b20a09c888ef3d) Importer(2089858483,192608db42251d675da83286b1cce702)
Start importing Assets/Samples/XR Interaction Toolkit/3.0.8/AR Starter Assets/Editor/ARStarterAssets.Editor.asmdef using Guid(81e756a21b3040f409b20a09c888ef3d) Importer(2089858483,192608db42251d675da83286b1cce702) (ScriptedImporter) -> (artifact id: 'ca6144fc0a9cb531042f7329169a096a') in 0.0067571 seconds
Number of updated asset objects reloaded before import = 0Number of asset objects unloaded after import = 1

========================================================================
Received Import Request.
  Time since last request: 0.000023 seconds.
  path: Assets/Samples/XR Interaction Toolkit/3.0.8/XR Device Simulator/UI/Mouse/MouseMoveAround.png
  artifactKey: Guid(013811fdd48c040339e9adc40e692381) Importer(2089858483,192608db42251d675da83286b1cce702)
Start importing Assets/Samples/XR Interaction Toolkit/3.0.8/XR Device Simulator/UI/Mouse/MouseMoveAround.png using Guid(013811fdd48c040339e9adc40e692381) Importer(2089858483,192608db42251d675da83286b1cce702) (ScriptedImporter) -> (artifact id: '08f13715f07209ab67ebb5a929777175') in 0.0163237 seconds
Number of updated asset objects reloaded before import = 0Number of asset objects unloaded after import = 3

========================================================================
Received Import Request.
  Time since last request: 0.000031 seconds.
  path: Assets/Samples/XR Interaction Toolkit/3.0.8/AR Starter Assets/ARDemoSceneAssets/Models/Primitive_Pyramid.fbx
  artifactKey: Guid(e760ff44a7adc4cf98ae34ae984d15a4) Importer(2089858483,192608db42251d675da83286b1cce702)
Start importing Assets/Samples/XR Interaction Toolkit/3.0.8/AR Starter Assets/ARDemoSceneAssets/Models/Primitive_Pyramid.fbx using Guid(e760ff44a7adc4cf98ae34ae984d15a4) Importer(2089858483,192608db42251d675da83286b1cce702) (ScriptedImporter) -> (artifact id: '84c35ae8e5bda6358dd1218ad69dc9f0') in 0.0182686 seconds
Number of updated asset objects reloaded before import = 0Number of asset objects unloaded after import = 7

========================================================================
Received Import Request.
  Time since last request: 0.000032 seconds.
  path: Assets/Samples/XR Interaction Toolkit/3.0.8/Legacy XR Input Readers/Left_TriggerButton.asset
  artifactKey: Guid(6ac4f1b54f19ded4c901c5b375991116) Importer(2089858483,192608db42251d675da83286b1cce702)
Start importing Assets/Samples/XR Interaction Toolkit/3.0.8/Legacy XR Input Readers/Left_TriggerButton.asset using Guid(6ac4f1b54f19ded4c901c5b375991116) Importer(2089858483,192608db42251d675da83286b1cce702) (ScriptedImporter) -> (artifact id: '0215cbd0e5fc014236d2e2cb8b1f8591') in 0.0080727 seconds
Number of updated asset objects reloaded before import = 0Number of asset objects unloaded after import = 1

========================================================================
Received Import Request.
  Time since last request: 0.000021 seconds.
  path: Assets/Samples/XR Interaction Toolkit/3.0.8/Legacy XR Input Readers/Right_UserPresence.asset
  artifactKey: Guid(a6c4b60c4c6f64e4ab8a7b12afafcbc4) Importer(2089858483,192608db42251d675da83286b1cce702)
Start importing Assets/Samples/XR Interaction Toolkit/3.0.8/Legacy XR Input Readers/Right_UserPresence.asset using Guid(a6c4b60c4c6f64e4ab8a7b12afafcbc4) Importer(2089858483,192608db42251d675da83286b1cce702) (ScriptedImporter) -> (artifact id: '4abcc8992d0e38a4b53a22b328de36db') in 0.0084205 seconds
Number of updated asset objects reloaded before import = 0Number of asset objects unloaded after import = 1

========================================================================
Received Import Request.
  Time since last request: 0.000020 seconds.
  path: Assets/Samples/XR Interaction Toolkit/3.0.8/Legacy XR Input Readers/Right_SecondaryButton.asset
  artifactKey: Guid(e61100fb05084404dacb53bb7742e082) Importer(2089858483,192608db42251d675da83286b1cce702)
Start importing Assets/Samples/XR Interaction Toolkit/3.0.8/Legacy XR Input Readers/Right_SecondaryButton.asset using Guid(e61100fb05084404dacb53bb7742e082) Importer(2089858483,192608db42251d675da83286b1cce702) (ScriptedImporter) -> (artifact id: 'c648d3911d7377807f0f6496b27a4392') in 0.0071144 seconds
Number of updated asset objects reloaded before import = 0Number of asset objects unloaded after import = 1

========================================================================
Received Import Request.
  Time since last request: 0.000036 seconds.
  path: Assets/Samples/XR Interaction Toolkit/3.0.8/XR Device Simulator/UI/Mouse
  artifactKey: Guid(ba08c76319c794c15b21c9d8eaeac0e8) Importer(2089858483,192608db42251d675da83286b1cce702)
Start importing Assets/Samples/XR Interaction Toolkit/3.0.8/XR Device Simulator/UI/Mouse using Guid(ba08c76319c794c15b21c9d8eaeac0e8) Importer(2089858483,192608db42251d675da83286b1cce702) (ScriptedImporter) -> (artifact id: 'e7978b949f95e5b205177190f05371d9') in 0.0045819 seconds
Number of updated asset objects reloaded before import = 0Number of asset objects unloaded after import = 1

========================================================================
Received Import Request.
  Time since last request: 0.000019 seconds.
  path: Assets/Samples/XR Interaction Toolkit/3.0.8/XR Device Simulator/UI/General/Unlocked.png
  artifactKey: Guid(f01f3bb228b3b4251a04e2036212d115) Importer(2089858483,192608db42251d675da83286b1cce702)
Start importing Assets/Samples/XR Interaction Toolkit/3.0.8/XR Device Simulator/UI/General/Unlocked.png using Guid(f01f3bb228b3b4251a04e2036212d115) Importer(2089858483,192608db42251d675da83286b1cce702) (ScriptedImporter) -> (artifact id: 'd02f5f1d0c52ea38cd38c95d575532cd') in 0.0143575 seconds
Number of updated asset objects reloaded before import = 0Number of asset objects unloaded after import = 3

========================================================================
Received Import Request.
  Time since last request: 0.000018 seconds.
  path: Assets/Samples/XR Interaction Toolkit/3.0.8/XR Device Simulator/UI/HeadDevice/MoveRotateTool.png
  artifactKey: Guid(139237a044d8e4255b40bb472c842087) Importer(2089858483,192608db42251d675da83286b1cce702)
Start importing Assets/Samples/XR Interaction Toolkit/3.0.8/XR Device Simulator/UI/HeadDevice/MoveRotateTool.png using Guid(139237a044d8e4255b40bb472c842087) Importer(2089858483,192608db42251d675da83286b1cce702) (ScriptedImporter) -> (artifact id: '2aa25a9e94ce2b6909c3425a4fd929c5') in 0.0135571 seconds
Number of updated asset objects reloaded before import = 0Number of asset objects unloaded after import = 3

========================================================================
Received Import Request.
  Time since last request: 0.000019 seconds.
  path: Assets/Samples/XR Interaction Toolkit/3.0.8/AR Starter Assets/ARDemoSceneAssets/Sprites/Button - Rounded Square BG.png
  artifactKey: Guid(46da8634de2114354be217373280f00a) Importer(2089858483,192608db42251d675da83286b1cce702)
Start importing Assets/Samples/XR Interaction Toolkit/3.0.8/AR Starter Assets/ARDemoSceneAssets/Sprites/Button - Rounded Square BG.png using Guid(46da8634de2114354be217373280f00a) Importer(2089858483,192608db42251d675da83286b1cce702) (ScriptedImporter) -> (artifact id: '9e7974f8d5a65fa6aaf26134976c14d7') in 0.0131296 seconds
Number of updated asset objects reloaded before import = 0Number of asset objects unloaded after import = 3

========================================================================
Received Import Request.
  Time since last request: 0.000030 seconds.
  path: Assets/Samples/XR Interaction Toolkit/3.0.8/Legacy XR Input Readers/Right_Trigger.asset
  artifactKey: Guid(61aff23f2812a6348af9b112151c706d) Importer(2089858483,192608db42251d675da83286b1cce702)
Start importing Assets/Samples/XR Interaction Toolkit/3.0.8/Legacy XR Input Readers/Right_Trigger.asset using Guid(61aff23f2812a6348af9b112151c706d) Importer(2089858483,192608db42251d675da83286b1cce702) (ScriptedImporter) -> (artifact id: 'f68ad0e9df053d92c574643fe7535e39') in 0.0084755 seconds
Number of updated asset objects reloaded before import = 0Number of asset objects unloaded after import = 1

========================================================================
Received Import Request.
  Time since last request: 0.000031 seconds.
  path: Assets/Samples/XR Interaction Toolkit/3.0.8/Legacy XR Input Readers/Presets/Right Controller (InputTrackingState).preset
  artifactKey: Guid(82a1a78217b57f246b2d97e6774b533a) Importer(2089858483,192608db42251d675da83286b1cce702)
Start importing Assets/Samples/XR Interaction Toolkit/3.0.8/Legacy XR Input Readers/Presets/Right Controller (InputTrackingState).preset using Guid(82a1a78217b57f246b2d97e6774b533a) Importer(2089858483,192608db42251d675da83286b1cce702) (ScriptedImporter) -> (artifact id: '1f10dfae8f277df2fd40e92059a84bed') in 0.0154624 seconds
Number of updated asset objects reloaded before import = 0Number of asset objects unloaded after import = 1

========================================================================
Received Import Request.
  Time since last request: 0.000019 seconds.
  path: Assets/Samples/XR Interaction Toolkit/3.0.8/Legacy XR Input Readers/Haptics/Right_Controller.asset
  artifactKey: Guid(89476c8f084e06443a538e3d9d1f2933) Importer(2089858483,192608db42251d675da83286b1cce702)
Start importing Assets/Samples/XR Interaction Toolkit/3.0.8/Legacy XR Input Readers/Haptics/Right_Controller.asset using Guid(89476c8f084e06443a538e3d9d1f2933) Importer(2089858483,192608db42251d675da83286b1cce702) (ScriptedImporter) -> (artifact id: '7645ae8472ba4630b9b1113440e1eb85') in 0.0090259 seconds
Number of updated asset objects reloaded before import = 0Number of asset objects unloaded after import = 1

========================================================================
Received Import Request.
  Time since last request: 0.000020 seconds.
  path: Assets/Samples/XR Interaction Toolkit/3.0.8/Legacy XR Input Readers/Left_DevicePosition.asset
  artifactKey: Guid(6da4a37361670ec45a5e2518542999bc) Importer(2089858483,192608db42251d675da83286b1cce702)
Start importing Assets/Samples/XR Interaction Toolkit/3.0.8/Legacy XR Input Readers/Left_DevicePosition.asset using Guid(6da4a37361670ec45a5e2518542999bc) Importer(2089858483,192608db42251d675da83286b1cce702) (ScriptedImporter) -> (artifact id: '0ba66cac546460f54837c3826c2c2f29') in 0.0082313 seconds
Number of updated asset objects reloaded before import = 0Number of asset objects unloaded after import = 1

========================================================================
Received Import Request.
  Time since last request: 0.000019 seconds.
  path: Assets/Samples/XR Interaction Toolkit/3.0.8/Legacy XR Input Readers/Left_Grip.asset
  artifactKey: Guid(f7d2018f941f19144851df866fcdbe6d) Importer(2089858483,192608db42251d675da83286b1cce702)
Start importing Assets/Samples/XR Interaction Toolkit/3.0.8/Legacy XR Input Readers/Left_Grip.asset using Guid(f7d2018f941f19144851df866fcdbe6d) Importer(2089858483,192608db42251d675da83286b1cce702) (ScriptedImporter) -> (artifact id: 'b2f6b88378e05c5363a8cd6b74e9280f') in 0.0071412 seconds
Number of updated asset objects reloaded before import = 0Number of asset objects unloaded after import = 1

========================================================================
Received Import Request.
  Time since last request: 0.000030 seconds.
  path: Assets/Samples/Meta XR Interaction ​SDK/74.0.1/Feature Scenes/PokeCanvas.unity
  artifactKey: Guid(13029ef4913eb58419d202e411552872) Importer(2089858483,192608db42251d675da83286b1cce702)
Start importing Assets/Samples/Meta XR Interaction ​SDK/74.0.1/Feature Scenes/PokeCanvas.unity using Guid(13029ef4913eb58419d202e411552872) Importer(2089858483,192608db42251d675da83286b1cce702) (ScriptedImporter) -> (artifact id: '7b38229c33bcddbcbaef51017176aa6a') in 0.0207357 seconds
Number of updated asset objects reloaded before import = 0Number of asset objects unloaded after import = 1

========================================================================
Received Import Request.
  Time since last request: 0.000027 seconds.
  path: Assets/Samples/XR Interaction Toolkit/3.0.8/AR Starter Assets/ARDemoSceneAssets/Models
  artifactKey: Guid(34a521803c94b46ffae3ec69ff576a27) Importer(2089858483,192608db42251d675da83286b1cce702)
Start importing Assets/Samples/XR Interaction Toolkit/3.0.8/AR Starter Assets/ARDemoSceneAssets/Models using Guid(34a521803c94b46ffae3ec69ff576a27) Importer(2089858483,192608db42251d675da83286b1cce702) (ScriptedImporter) -> (artifact id: '636d337d94fdcd80638c4cd12d8681d1') in 0.0059343 seconds
Number of updated asset objects reloaded before import = 0Number of asset objects unloaded after import = 1

========================================================================
Received Import Request.
  Time since last request: 0.000018 seconds.
  path: Assets/Samples/XR Interaction Toolkit/3.0.8/Legacy XR Input Readers/Right_Grip.asset
  artifactKey: Guid(6fbd8528caba1cb4d9c89e19c337e129) Importer(2089858483,192608db42251d675da83286b1cce702)
Start importing Assets/Samples/XR Interaction Toolkit/3.0.8/Legacy XR Input Readers/Right_Grip.asset using Guid(6fbd8528caba1cb4d9c89e19c337e129) Importer(2089858483,192608db42251d675da83286b1cce702) (ScriptedImporter) -> (artifact id: '2459e561e5cf066e975292fa08293eb0') in 0.0077113 seconds
Number of updated asset objects reloaded before import = 0Number of asset objects unloaded after import = 1

========================================================================
Received Import Request.
  Time since last request: 0.000051 seconds.
  path: Assets/Samples/XR Interaction Toolkit/3.0.8/Starter Assets/AffordanceThemes/PokeSphereColor.asset
  artifactKey: Guid(fc690d1505c48cb4696838b71abd2ca0) Importer(815301076,1909f56bfc062723c751e8b465ee728b)
Start importing Assets/Samples/XR Interaction Toolkit/3.0.8/Starter Assets/AffordanceThemes/PokeSphereColor.asset using Guid(fc690d1505c48cb4696838b71abd2ca0) Importer(815301076,1909f56bfc062723c751e8b465ee728b) (PreviewImporter) -> (artifact id: '823484f146fe4928a46d558fa2780bef') in 0.0240116 seconds
Number of updated asset objects reloaded before import = 0Number of asset objects unloaded after import = 1

========================================================================
Received Import Request.
  Time since last request: 0.000023 seconds.
  path: Assets/Samples/XR Interaction Toolkit/3.0.8/Legacy XR Input Readers/Presets/Right Controller (bool).preset
  artifactKey: Guid(e05cc9af65ffb2245bdb7af4a8268ccd) Importer(2089858483,192608db42251d675da83286b1cce702)
Start importing Assets/Samples/XR Interaction Toolkit/3.0.8/Legacy XR Input Readers/Presets/Right Controller (bool).preset using Guid(e05cc9af65ffb2245bdb7af4a8268ccd) Importer(2089858483,192608db42251d675da83286b1cce702) (ScriptedImporter) -> (artifact id: '8b16eb9f13cb2143e8e892b5a1686ab2') in 0.0087852 seconds
Number of updated asset objects reloaded before import = 0Number of asset objects unloaded after import = 1

========================================================================
Received Import Request.
  Time since last request: 0.000043 seconds.
  path: Assets/Samples/XR Interaction Toolkit/3.0.8/XR Device Simulator/UI/ControllerDevice/ControllerOverlayLinesRight.png
  artifactKey: Guid(310ef0f38fe364cc986d05acdbdf1183) Importer(2089858483,192608db42251d675da83286b1cce702)
Start importing Assets/Samples/XR Interaction Toolkit/3.0.8/XR Device Simulator/UI/ControllerDevice/ControllerOverlayLinesRight.png using Guid(310ef0f38fe364cc986d05acdbdf1183) Importer(2089858483,192608db42251d675da83286b1cce702) (ScriptedImporter) -> (artifact id: '34359a47c16654b7fc3b1a5d8dbf676d') in 0.0166924 seconds
Number of updated asset objects reloaded before import = 0Number of asset objects unloaded after import = 3

========================================================================
Received Import Request.
  Time since last request: 0.000018 seconds.
  path: Assets/Samples/XR Interaction Toolkit/3.0.8/XR Device Simulator/UI/General
  artifactKey: Guid(7029f8d454f034b71b5b1eb1ba1b324d) Importer(2089858483,192608db42251d675da83286b1cce702)
Start importing Assets/Samples/XR Interaction Toolkit/3.0.8/XR Device Simulator/UI/General using Guid(7029f8d454f034b71b5b1eb1ba1b324d) Importer(2089858483,192608db42251d675da83286b1cce702) (ScriptedImporter) -> (artifact id: 'd12c7af2084625c8f3ad2ae84870894f') in 0.0055883 seconds
Number of updated asset objects reloaded before import = 0Number of asset objects unloaded after import = 1

========================================================================
Received Import Request.
  Time since last request: 0.000021 seconds.
  path: Assets/Samples/XR Interaction Toolkit/3.0.8/XR Device Simulator/UI/ControllerDevice/ControllerOverlayLinesLeft.png
  artifactKey: Guid(cd4fe4c19a40743a6896069a50a394ec) Importer(2089858483,192608db42251d675da83286b1cce702)
Start importing Assets/Samples/XR Interaction Toolkit/3.0.8/XR Device Simulator/UI/ControllerDevice/ControllerOverlayLinesLeft.png using Guid(cd4fe4c19a40743a6896069a50a394ec) Importer(2089858483,192608db42251d675da83286b1cce702) (ScriptedImporter) -> (artifact id: 'dcb9b5715f5e3721f14108a823fca368') in 0.0149932 seconds
Number of updated asset objects reloaded before import = 0Number of asset objects unloaded after import = 3

========================================================================
Received Import Request.
  Time since last request: 0.000022 seconds.
  path: Assets/Samples/Meta XR Interaction ​SDK/74.0.1/Feature Scenes/DebugPose.unity
  artifactKey: Guid(0c21dff7998be3b48bdbf4d868aa7710) Importer(2089858483,192608db42251d675da83286b1cce702)
Start importing Assets/Samples/Meta XR Interaction ​SDK/74.0.1/Feature Scenes/DebugPose.unity using Guid(0c21dff7998be3b48bdbf4d868aa7710) Importer(2089858483,192608db42251d675da83286b1cce702) (ScriptedImporter) -> (artifact id: '01d1dd0e974bdd601da77af8fc7c7e08') in 0.020705 seconds
Number of updated asset objects reloaded before import = 0Number of asset objects unloaded after import = 1

========================================================================
Received Import Request.
  Time since last request: 0.000032 seconds.
  path: Assets/Samples/XR Interaction Toolkit/3.0.8/AR Starter Assets/ARDemoSceneAssets/Prefabs/Debug Cube.prefab
  artifactKey: Guid(cec25213e5ba74da1ae7d3e2036e000d) Importer(2089858483,192608db42251d675da83286b1cce702)
Start importing Assets/Samples/XR Interaction Toolkit/3.0.8/AR Starter Assets/ARDemoSceneAssets/Prefabs/Debug Cube.prefab using Guid(cec25213e5ba74da1ae7d3e2036e000d) Importer(2089858483,192608db42251d675da83286b1cce702) (ScriptedImporter) -> (artifact id: '0c1ff0a7521578a9c95a8a09473bc789') in 0.0226648 seconds
Number of updated asset objects reloaded before import = 0Number of asset objects unloaded after import = 40

========================================================================
Received Import Request.
  Time since last request: 0.000023 seconds.
  path: Assets/Samples/XR Interaction Toolkit/3.0.8/AR Starter Assets/ARDemoSceneAssets/Models/Primitive_Torus.fbx
  artifactKey: Guid(a100fee70bb8248c49f00bd953b097c2) Importer(2089858483,192608db42251d675da83286b1cce702)
Start importing Assets/Samples/XR Interaction Toolkit/3.0.8/AR Starter Assets/ARDemoSceneAssets/Models/Primitive_Torus.fbx using Guid(a100fee70bb8248c49f00bd953b097c2) Importer(2089858483,192608db42251d675da83286b1cce702) (ScriptedImporter) -> (artifact id: '71e7a9da8c83a8c6542f0e820cec7ba7') in 0.02281 seconds
Number of updated asset objects reloaded before import = 0Number of asset objects unloaded after import = 7

========================================================================
Received Import Request.
  Time since last request: 0.000025 seconds.
  path: Assets/Samples/XR Interaction Toolkit/3.0.8/Legacy XR Input Readers/Presets/Right Controller (float).preset
  artifactKey: Guid(e531f6e370e33ea48aafcd4424ba5976) Importer(2089858483,192608db42251d675da83286b1cce702)
Start importing Assets/Samples/XR Interaction Toolkit/3.0.8/Legacy XR Input Readers/Presets/Right Controller (float).preset using Guid(e531f6e370e33ea48aafcd4424ba5976) Importer(2089858483,192608db42251d675da83286b1cce702) (ScriptedImporter) -> (artifact id: 'fac2dfd22dad1a6f9be7f14b81544a0c') in 0.0124444 seconds
Number of updated asset objects reloaded before import = 0Number of asset objects unloaded after import = 1

========================================================================
Received Import Request.
  Time since last request: 0.000022 seconds.
  path: Assets/Samples/XR Interaction Toolkit/3.0.8/Legacy XR Input Readers/Left_Secondary2DAxisTouch.asset
  artifactKey: Guid(e272cf63c3a268548966eef518900f82) Importer(2089858483,192608db42251d675da83286b1cce702)
Start importing Assets/Samples/XR Interaction Toolkit/3.0.8/Legacy XR Input Readers/Left_Secondary2DAxisTouch.asset using Guid(e272cf63c3a268548966eef518900f82) Importer(2089858483,192608db42251d675da83286b1cce702) (ScriptedImporter) -> (artifact id: '1aaaf3bb7a069675a63b4a3bf670d49e') in 0.0152712 seconds
Number of updated asset objects reloaded before import = 0Number of asset objects unloaded after import = 1

========================================================================
Received Import Request.
  Time since last request: 0.000032 seconds.
  path: Assets/Samples/XR Interaction Toolkit/3.0.8/Legacy XR Input Readers/Presets/Left Controller (Vector3).preset
  artifactKey: Guid(2b56f58671b7b11469612cd58ca52b2e) Importer(2089858483,192608db42251d675da83286b1cce702)
Start importing Assets/Samples/XR Interaction Toolkit/3.0.8/Legacy XR Input Readers/Presets/Left Controller (Vector3).preset using Guid(2b56f58671b7b11469612cd58ca52b2e) Importer(2089858483,192608db42251d675da83286b1cce702) (ScriptedImporter) -> (artifact id: 'ea477653e801680382d752946a8c87e7') in 0.0156769 seconds
Number of updated asset objects reloaded before import = 0Number of asset objects unloaded after import = 1

========================================================================
Received Import Request.
  Time since last request: 0.000019 seconds.
  path: Assets/Samples/XR Interaction Toolkit/3.0.8/AR Starter Assets/ARDemoSceneAssets/Prefabs
  artifactKey: Guid(9e4c0a030f4ea024f8fb29ccd3641e26) Importer(2089858483,192608db42251d675da83286b1cce702)
Start importing Assets/Samples/XR Interaction Toolkit/3.0.8/AR Starter Assets/ARDemoSceneAssets/Prefabs using Guid(9e4c0a030f4ea024f8fb29ccd3641e26) Importer(2089858483,192608db42251d675da83286b1cce702) (ScriptedImporter) -> (artifact id: 'a18193b848cadcebfa08e22a45fdcbd3') in 0.0123757 seconds
Number of updated asset objects reloaded before import = 0Number of asset objects unloaded after import = 1

========================================================================
Received Import Request.
  Time since last request: 0.000028 seconds.
  path: Assets/Samples/XR Interaction Toolkit/3.0.8/AR Starter Assets/Prefabs/XR Origin (AR Rig).prefab
  artifactKey: Guid(48cb3fb68c91eb94999fd99957eb0cae) Importer(2089858483,192608db42251d675da83286b1cce702)
Start importing Assets/Samples/XR Interaction Toolkit/3.0.8/AR Starter Assets/Prefabs/XR Origin (AR Rig).prefab using Guid(48cb3fb68c91eb94999fd99957eb0cae) Importer(2089858483,192608db42251d675da83286b1cce702) (ScriptedImporter) -> (artifact id: 'f8445e7f36343a07099dfca3fb496cae') in 0.0511743 seconds
Number of updated asset objects reloaded before import = 0Number of asset objects unloaded after import = 53

========================================================================
Received Import Request.
  Time since last request: 0.000031 seconds.
  path: Assets/Samples/XR Interaction Toolkit/3.0.8/XR Device Simulator/UI/Hands/Hand_Grab.png
  artifactKey: Guid(bd6b9153aa3b96f49b238bbf6ae68b80) Importer(2089858483,192608db42251d675da83286b1cce702)
Start importing Assets/Samples/XR Interaction Toolkit/3.0.8/XR Device Simulator/UI/Hands/Hand_Grab.png using Guid(bd6b9153aa3b96f49b238bbf6ae68b80) Importer(2089858483,192608db42251d675da83286b1cce702) (ScriptedImporter) -> (artifact id: '61e07a5081707ef99fdfe7cb59587476') in 0.0125664 seconds
Number of updated asset objects reloaded before import = 0Number of asset objects unloaded after import = 3

========================================================================
Received Import Request.
  Time since last request: 0.000037 seconds.
  path: Assets/Samples/XR Interaction Toolkit/3.0.8/XR Device Simulator/UI/Mouse/MouseR_d.png
  artifactKey: Guid(308cc8b73722e43eab64c228a76560a6) Importer(2089858483,192608db42251d675da83286b1cce702)
Start importing Assets/Samples/XR Interaction Toolkit/3.0.8/XR Device Simulator/UI/Mouse/MouseR_d.png using Guid(308cc8b73722e43eab64c228a76560a6) Importer(2089858483,192608db42251d675da83286b1cce702) (ScriptedImporter) -> (artifact id: '3ed833a92e3355bfb2d9d89055ff7fff') in 0.0130464 seconds
Number of updated asset objects reloaded before import = 0Number of asset objects unloaded after import = 3

========================================================================
Received Import Request.
  Time since last request: 0.000021 seconds.
  path: Assets/Samples/XR Interaction Toolkit/3.0.8/Spatial Keyboard/Scripts/XRKeyboardLayout.cs
  artifactKey: Guid(84662ebe3530d154a80c5c813e8ce186) Importer(2089858483,192608db42251d675da83286b1cce702)
Start importing Assets/Samples/XR Interaction Toolkit/3.0.8/Spatial Keyboard/Scripts/XRKeyboardLayout.cs using Guid(84662ebe3530d154a80c5c813e8ce186) Importer(2089858483,192608db42251d675da83286b1cce702) (ScriptedImporter) -> (artifact id: '23526acf20876b0780616ceb993eec1b') in 0.005512 seconds
Number of updated asset objects reloaded before import = 0Number of asset objects unloaded after import = 0

========================================================================
Received Import Request.
  Time since last request: 0.000019 seconds.
  path: Assets/Samples/XR Interaction Toolkit/3.0.8/Spatial Keyboard/Layouts/LayoutAlphaNumeric.asset
  artifactKey: Guid(2580319e56ac659458811dcad1c26d69) Importer(2089858483,192608db42251d675da83286b1cce702)
Start importing Assets/Samples/XR Interaction Toolkit/3.0.8/Spatial Keyboard/Layouts/LayoutAlphaNumeric.asset using Guid(2580319e56ac659458811dcad1c26d69) Importer(2089858483,192608db42251d675da83286b1cce702) (ScriptedImporter) -> (artifact id: '5aefc351a9cde34262e55dbdef72a721') in 0.0128929 seconds
Number of updated asset objects reloaded before import = 0Number of asset objects unloaded after import = 10

========================================================================
Received Import Request.
  Time since last request: 0.000019 seconds.
  path: Assets/Samples/XR Interaction Toolkit/3.0.8/Hands Interaction Demo/Prefabs/XR Origin Hands (XR Rig).prefab
  artifactKey: Guid(d6878e1999eb4b44a9f5a263af86c185) Importer(815301076,1909f56bfc062723c751e8b465ee728b)
Start importing Assets/Samples/XR Interaction Toolkit/3.0.8/Hands Interaction Demo/Prefabs/XR Origin Hands (XR Rig).prefab using Guid(d6878e1999eb4b44a9f5a263af86c185) Importer(815301076,1909f56bfc062723c751e8b465ee728b) (PreviewImporter) -> (artifact id: '3c69e9eedcedf829241b43c76f7579cc') in 0.7198876 seconds
Number of updated asset objects reloaded before import = 0Number of asset objects unloaded after import = 1298

========================================================================
Received Import Request.
  Time since last request: 0.000053 seconds.
  path: Assets/Samples/XR Interaction Toolkit/3.0.8/XR Device Simulator/UI/General/CycleXRDevices.png
  artifactKey: Guid(731e7aed8e9f540ac8bf2a7b66abdaf6) Importer(2089858483,192608db42251d675da83286b1cce702)
Start importing Assets/Samples/XR Interaction Toolkit/3.0.8/XR Device Simulator/UI/General/CycleXRDevices.png using Guid(731e7aed8e9f540ac8bf2a7b66abdaf6) Importer(2089858483,192608db42251d675da83286b1cce702) (ScriptedImporter) -> (artifact id: 'b0a96455c9dbc641ce330cc05689e94b') in 0.0140313 seconds
Number of updated asset objects reloaded before import = 0Number of asset objects unloaded after import = 3

========================================================================
Received Import Request.
  Time since last request: 0.000035 seconds.
  path: Assets/Samples/XR Interaction Toolkit/3.0.8/Spatial Keyboard
  artifactKey: Guid(6d8c8ec76cd8a7a418ac13e4ba631126) Importer(2089858483,192608db42251d675da83286b1cce702)
Start importing Assets/Samples/XR Interaction Toolkit/3.0.8/Spatial Keyboard using Guid(6d8c8ec76cd8a7a418ac13e4ba631126) Importer(2089858483,192608db42251d675da83286b1cce702) (ScriptedImporter) -> (artifact id: '3da88e7c3abf8b1698c82965b96590f8') in 0.0059353 seconds
Number of updated asset objects reloaded before import = 0Number of asset objects unloaded after import = 1

========================================================================
Received Import Request.
  Time since last request: 0.000025 seconds.
  path: Assets/Samples/XR Interaction Toolkit/3.0.8/Spatial Keyboard/Prefabs/Input Field World Keyboard.prefab
  artifactKey: Guid(978a908aeff4f144dadda280e00e34ee) Importer(2089858483,192608db42251d675da83286b1cce702)
Start importing Assets/Samples/XR Interaction Toolkit/3.0.8/Spatial Keyboard/Prefabs/Input Field World Keyboard.prefab using Guid(978a908aeff4f144dadda280e00e34ee) Importer(2089858483,192608db42251d675da83286b1cce702) (ScriptedImporter) -> (artifact id: 'ddee4d0db723df9bbec7ae0df5cb5bee') in 0.071537 seconds
Number of updated asset objects reloaded before import = 0Number of asset objects unloaded after import = 38

========================================================================
Received Import Request.
  Time since last request: 0.000027 seconds.
  path: Assets/Samples/XR Interaction Toolkit/3.0.8/XR Device Simulator/UI/HeadDevice/XR.png
  artifactKey: Guid(0265e2b6afccd49de9c1f0b3a1fb4285) Importer(2089858483,192608db42251d675da83286b1cce702)
Start importing Assets/Samples/XR Interaction Toolkit/3.0.8/XR Device Simulator/UI/HeadDevice/XR.png using Guid(0265e2b6afccd49de9c1f0b3a1fb4285) Importer(2089858483,192608db42251d675da83286b1cce702) (ScriptedImporter) -> (artifact id: 'df874833089b8965361ca9be21e4e3d1') in 0.0140758 seconds
Number of updated asset objects reloaded before import = 0Number of asset objects unloaded after import = 3

========================================================================
Received Import Request.
  Time since last request: 0.000030 seconds.
  path: Assets/Samples/XR Interaction Toolkit/3.0.8/Hands Interaction Demo/HandsDemoSceneAssets/Scripts/PokeBlendShapeAnimator.cs
  artifactKey: Guid(78373ff495dc8234887e0cbdc7140022) Importer(815301076,1909f56bfc062723c751e8b465ee728b)
Start importing Assets/Samples/XR Interaction Toolkit/3.0.8/Hands Interaction Demo/HandsDemoSceneAssets/Scripts/PokeBlendShapeAnimator.cs using Guid(78373ff495dc8234887e0cbdc7140022) Importer(815301076,1909f56bfc062723c751e8b465ee728b) (PreviewImporter) -> (artifact id: 'f5ecfb6fbd19458a92f05e93ce52ba57') in 0.0008753 seconds
Number of updated asset objects reloaded before import = 0Number of asset objects unloaded after import = 0

========================================================================
Received Import Request.
  Time since last request: 0.000036 seconds.
  path: Assets/Samples/XR Interaction Toolkit/3.0.8/Spatial Keyboard/Editor/Scripts
  artifactKey: Guid(ebddc14e41f0117489ec33fb0c24a865) Importer(2089858483,192608db42251d675da83286b1cce702)
Start importing Assets/Samples/XR Interaction Toolkit/3.0.8/Spatial Keyboard/Editor/Scripts using Guid(ebddc14e41f0117489ec33fb0c24a865) Importer(2089858483,192608db42251d675da83286b1cce702) (ScriptedImporter) -> (artifact id: '54799fe0fc33da2cd5dca53cce80b138') in 0.0042966 seconds
Number of updated asset objects reloaded before import = 0Number of asset objects unloaded after import = 1

========================================================================
Received Import Request.
  Time since last request: 0.000041 seconds.
  path: Assets/Samples/XR Interaction Toolkit/3.0.8/XR Device Simulator/UI/ControllerDevice/xr_ctlr.png
  artifactKey: Guid(7d7a2f6c5e996e24388af5a8227afdcf) Importer(2089858483,192608db42251d675da83286b1cce702)
Start importing Assets/Samples/XR Interaction Toolkit/3.0.8/XR Device Simulator/UI/ControllerDevice/xr_ctlr.png using Guid(7d7a2f6c5e996e24388af5a8227afdcf) Importer(2089858483,192608db42251d675da83286b1cce702) (ScriptedImporter) -> (artifact id: '3268c2be32589409504d34750d91b141') in 0.0119571 seconds
Number of updated asset objects reloaded before import = 0Number of asset objects unloaded after import = 3

========================================================================
Received Import Request.
  Time since last request: 0.000020 seconds.
  path: Assets/Samples/XR Interaction Toolkit/3.0.8/AR Starter Assets/ARDemoSceneAssets/Sprites/Button - Rounded Highlight.png
  artifactKey: Guid(c5adfe294554543868fc7cf60dded650) Importer(2089858483,192608db42251d675da83286b1cce702)
Start importing Assets/Samples/XR Interaction Toolkit/3.0.8/AR Starter Assets/ARDemoSceneAssets/Sprites/Button - Rounded Highlight.png using Guid(c5adfe294554543868fc7cf60dded650) Importer(2089858483,192608db42251d675da83286b1cce702) (ScriptedImporter) -> (artifact id: '505b6afa1398efabeb9307f4ea9734ef') in 0.0151831 seconds
Number of updated asset objects reloaded before import = 0Number of asset objects unloaded after import = 3

========================================================================
Received Import Request.
  Time since last request: 0.000035 seconds.
  path: Assets/Samples/XR Interaction Toolkit/3.0.8/XR Device Simulator/Hand Expression Captures/Fist Expression Capture.asset
  artifactKey: Guid(2a7c8ca0feac7cc44a5c225164ef311d) Importer(2089858483,192608db42251d675da83286b1cce702)
Start importing Assets/Samples/XR Interaction Toolkit/3.0.8/XR Device Simulator/Hand Expression Captures/Fist Expression Capture.asset using Guid(2a7c8ca0feac7cc44a5c225164ef311d) Importer(2089858483,192608db42251d675da83286b1cce702) (ScriptedImporter) -> (artifact id: 'a29f4922a07c8457ee46ff358802a3f0') in 0.0155229 seconds
Number of updated asset objects reloaded before import = 0Number of asset objects unloaded after import = 2

========================================================================
Received Import Request.
  Time since last request: 0.000034 seconds.
  path: Assets/Samples/XR Interaction Toolkit/3.0.8/Spatial Keyboard/Scripts/KeyboardOptimizer.cs
  artifactKey: Guid(dfb2fb55e0f7aff4db346e2c43f69469) Importer(2089858483,192608db42251d675da83286b1cce702)
Start importing Assets/Samples/XR Interaction Toolkit/3.0.8/Spatial Keyboard/Scripts/KeyboardOptimizer.cs using Guid(dfb2fb55e0f7aff4db346e2c43f69469) Importer(2089858483,192608db42251d675da83286b1cce702) (ScriptedImporter) -> (artifact id: 'f65ec313f63f729ec0d72d5162135d52') in 0.0050069 seconds
Number of updated asset objects reloaded before import = 0Number of asset objects unloaded after import = 0

========================================================================
Received Import Request.
  Time since last request: 0.000030 seconds.
  path: Assets/Samples/XR Interaction Toolkit/3.0.8/Spatial Keyboard/Materials
  artifactKey: Guid(7e29b6f228e3ffe4ab218055470fceff) Importer(2089858483,192608db42251d675da83286b1cce702)
Start importing Assets/Samples/XR Interaction Toolkit/3.0.8/Spatial Keyboard/Materials using Guid(7e29b6f228e3ffe4ab218055470fceff) Importer(2089858483,192608db42251d675da83286b1cce702) (ScriptedImporter) -> (artifact id: 'aa48ac4781fa1fee52fedc887e57af3e') in 0.004919 seconds
Number of updated asset objects reloaded before import = 0Number of asset objects unloaded after import = 1

========================================================================
Received Import Request.
  Time since last request: 0.000038 seconds.
  path: Assets/Samples/XR Interaction Toolkit/3.0.8/Spatial Keyboard/Materials/ScaleHandle.mat
  artifactKey: Guid(14907cbcede41d94f99fc623c76cce72) Importer(2089858483,192608db42251d675da83286b1cce702)
Start importing Assets/Samples/XR Interaction Toolkit/3.0.8/Spatial Keyboard/Materials/ScaleHandle.mat using Guid(14907cbcede41d94f99fc623c76cce72) Importer(2089858483,192608db42251d675da83286b1cce702) (ScriptedImporter) -> (artifact id: '6e8f2822ce45d656ec6757fdf81b3552') in 0.0084337 seconds
Number of updated asset objects reloaded before import = 0Number of asset objects unloaded after import = 6

========================================================================
Received Import Request.
  Time since last request: 0.000028 seconds.
  path: Assets/Samples/XR Interaction Toolkit/3.0.8/AR Starter Assets/Scripts/ARFeatheredPlaneMeshVisualizer.cs
  artifactKey: Guid(4694583967bd9483f9841409d278f46f) Importer(2089858483,192608db42251d675da83286b1cce702)
Start importing Assets/Samples/XR Interaction Toolkit/3.0.8/AR Starter Assets/Scripts/ARFeatheredPlaneMeshVisualizer.cs using Guid(4694583967bd9483f9841409d278f46f) Importer(2089858483,192608db42251d675da83286b1cce702) (ScriptedImporter) -> (artifact id: 'fc32173b0fd101d820179321fef72479') in 0.0047218 seconds
Number of updated asset objects reloaded before import = 0Number of asset objects unloaded after import = 0

========================================================================
Received Import Request.
  Time since last request: 0.000022 seconds.
  path: Assets/Samples/XR Interaction Toolkit/3.0.8/AR Starter Assets/ARStarterAssets.asmdef
  artifactKey: Guid(81d67e3f79b8c1246a256ab4990e652d) Importer(2089858483,192608db42251d675da83286b1cce702)
Start importing Assets/Samples/XR Interaction Toolkit/3.0.8/AR Starter Assets/ARStarterAssets.asmdef using Guid(81d67e3f79b8c1246a256ab4990e652d) Importer(2089858483,192608db42251d675da83286b1cce702) (ScriptedImporter) -> (artifact id: '93474ecb2f0159c5da57090e93d3c3d6') in 0.0053334 seconds
Number of updated asset objects reloaded before import = 0Number of asset objects unloaded after import = 1

========================================================================
Received Import Request.
  Time since last request: 0.000027 seconds.
  path: Assets/Samples/XR Interaction Toolkit/3.0.8/AR Starter Assets/ARDemoSceneAssets/Prefabs/Wedge.prefab
  artifactKey: Guid(51f8c8c1205824bcf8fec9805e0312a3) Importer(2089858483,192608db42251d675da83286b1cce702)
Start importing Assets/Samples/XR Interaction Toolkit/3.0.8/AR Starter Assets/ARDemoSceneAssets/Prefabs/Wedge.prefab using Guid(51f8c8c1205824bcf8fec9805e0312a3) Importer(2089858483,192608db42251d675da83286b1cce702) (ScriptedImporter) -> (artifact id: '6569937baa38e6f8e398fbc8f2d40972') in 0.0207366 seconds
Number of updated asset objects reloaded before import = 0Number of asset objects unloaded after import = 23

========================================================================
Received Import Request.
  Time since last request: 0.000036 seconds.
  path: Assets/Samples/XR Interaction Toolkit/3.0.8/Spatial Keyboard/Scripts/KeyboardBatchFollow.cs
  artifactKey: Guid(1a82a58ed0ea7024b86e87eac0be67c3) Importer(2089858483,192608db42251d675da83286b1cce702)
Start importing Assets/Samples/XR Interaction Toolkit/3.0.8/Spatial Keyboard/Scripts/KeyboardBatchFollow.cs using Guid(1a82a58ed0ea7024b86e87eac0be67c3) Importer(2089858483,192608db42251d675da83286b1cce702) (ScriptedImporter) -> (artifact id: 'e37a14dfeae048b739f8984c65488795') in 0.0054143 seconds
Number of updated asset objects reloaded before import = 0Number of asset objects unloaded after import = 0

========================================================================
Received Import Request.
  Time since last request: 0.000025 seconds.
  path: Assets/Samples/XR Interaction Toolkit/3.0.8/Legacy XR Input Readers/Right_DeviceRotation.asset
  artifactKey: Guid(021016676981a9549a23999035866f7a) Importer(2089858483,192608db42251d675da83286b1cce702)
Start importing Assets/Samples/XR Interaction Toolkit/3.0.8/Legacy XR Input Readers/Right_DeviceRotation.asset using Guid(021016676981a9549a23999035866f7a) Importer(2089858483,192608db42251d675da83286b1cce702) (ScriptedImporter) -> (artifact id: '0b6ff12f2e754c2678f2b873d34cf4a6') in 0.007532 seconds
Number of updated asset objects reloaded before import = 0Number of asset objects unloaded after import = 1

========================================================================
Received Import Request.
  Time since last request: 0.000021 seconds.
  path: Assets/Samples/XR Interaction Toolkit/3.0.8/Spatial Keyboard/Scripts/KeyFunctions/ShiftFunction.cs
  artifactKey: Guid(cad704687d7908f42b71e1e4516c590a) Importer(2089858483,192608db42251d675da83286b1cce702)
Start importing Assets/Samples/XR Interaction Toolkit/3.0.8/Spatial Keyboard/Scripts/KeyFunctions/ShiftFunction.cs using Guid(cad704687d7908f42b71e1e4516c590a) Importer(2089858483,192608db42251d675da83286b1cce702) (ScriptedImporter) -> (artifact id: '1a069e143a17e687df309e5ca5d0dcac') in 0.005595 seconds
Number of updated asset objects reloaded before import = 0Number of asset objects unloaded after import = 0

========================================================================
Received Import Request.
  Time since last request: 0.000024 seconds.
  path: Assets/Samples/XR Interaction Toolkit/3.0.8/Spatial Keyboard/Editor/Scripts/XRKeyboardConfigEditor.cs
  artifactKey: Guid(336152d70bca65d49a424cea3b6cd4b8) Importer(2089858483,192608db42251d675da83286b1cce702)
Start importing Assets/Samples/XR Interaction Toolkit/3.0.8/Spatial Keyboard/Editor/Scripts/XRKeyboardConfigEditor.cs using Guid(336152d70bca65d49a424cea3b6cd4b8) Importer(2089858483,192608db42251d675da83286b1cce702) (ScriptedImporter) -> (artifact id: 'd58b71efe9b62f6717eabd7413be1122') in 0.0050517 seconds
Number of updated asset objects reloaded before import = 0Number of asset objects unloaded after import = 0

========================================================================
Received Import Request.
  Time since last request: 0.000035 seconds.
  path: Assets/Samples/XR Interaction Toolkit/3.0.8/Spatial Keyboard/Key Functions/Value Key Function.asset
  artifactKey: Guid(5e3d82ae0a9ac0d43ada00a218daeefd) Importer(2089858483,192608db42251d675da83286b1cce702)
Start importing Assets/Samples/XR Interaction Toolkit/3.0.8/Spatial Keyboard/Key Functions/Value Key Function.asset using Guid(5e3d82ae0a9ac0d43ada00a218daeefd) Importer(2089858483,192608db42251d675da83286b1cce702) (ScriptedImporter) -> (artifact id: 'e9c7466c2e71de4700823cf86ef5fde9') in 0.0071649 seconds
Number of updated asset objects reloaded before import = 0Number of asset objects unloaded after import = 1

========================================================================
Received Import Request.
  Time since last request: 0.000034 seconds.
  path: Assets/Samples/XR Interaction Toolkit/3.0.8/Spatial Keyboard/Scripts/KeyFunctions
  artifactKey: Guid(89613eddc1ae20046a22fe8d45de2d0d) Importer(2089858483,192608db42251d675da83286b1cce702)
Start importing Assets/Samples/XR Interaction Toolkit/3.0.8/Spatial Keyboard/Scripts/KeyFunctions using Guid(89613eddc1ae20046a22fe8d45de2d0d) Importer(2089858483,192608db42251d675da83286b1cce702) (ScriptedImporter) -> (artifact id: '04bb8bb9a45e2942efaa0ff74462a3f7') in 0.0053127 seconds
Number of updated asset objects reloaded before import = 0Number of asset objects unloaded after import = 1

========================================================================
Received Import Request.
  Time since last request: 0.000028 seconds.
  path: Assets/Samples/XR Interaction Toolkit/3.0.8/Spatial Keyboard/Affordances/BlendShapeAffordance.asset
  artifactKey: Guid(37a719930348de649a3f10a8836c6a50) Importer(2089858483,192608db42251d675da83286b1cce702)
Start importing Assets/Samples/XR Interaction Toolkit/3.0.8/Spatial Keyboard/Affordances/BlendShapeAffordance.asset using Guid(37a719930348de649a3f10a8836c6a50) Importer(2089858483,192608db42251d675da83286b1cce702) (ScriptedImporter) -> (artifact id: '25c392dc5218705ab87c5ef1b07a1f18') in 0.0081987 seconds
Number of updated asset objects reloaded before import = 0Number of asset objects unloaded after import = 1

========================================================================
Received Import Request.
  Time since last request: 0.000024 seconds.
  path: Assets/Samples/XR Interaction Toolkit/3.0.8/Legacy XR Input Readers/Haptics/Left_Controller.asset
  artifactKey: Guid(a6b2f404f56d7b14ab077b5adb7474a4) Importer(2089858483,192608db42251d675da83286b1cce702)
Start importing Assets/Samples/XR Interaction Toolkit/3.0.8/Legacy XR Input Readers/Haptics/Left_Controller.asset using Guid(a6b2f404f56d7b14ab077b5adb7474a4) Importer(2089858483,192608db42251d675da83286b1cce702) (ScriptedImporter) -> (artifact id: 'ab72c9b5f982ec2af96e5ed88441addf') in 0.0069425 seconds
Number of updated asset objects reloaded before import = 0Number of asset objects unloaded after import = 1

========================================================================
Received Import Request.
  Time since last request: 0.000024 seconds.
  path: Assets/Samples/XR Interaction Toolkit/3.0.8/Spatial Keyboard/Editor/Scripts/XRKeyboardKeyEditor.cs
  artifactKey: Guid(2af9f13e3aa49624c9ed2bafb94c7146) Importer(2089858483,192608db42251d675da83286b1cce702)
Start importing Assets/Samples/XR Interaction Toolkit/3.0.8/Spatial Keyboard/Editor/Scripts/XRKeyboardKeyEditor.cs using Guid(2af9f13e3aa49624c9ed2bafb94c7146) Importer(2089858483,192608db42251d675da83286b1cce702) (ScriptedImporter) -> (artifact id: '5a660cdbf8a0769e2334c7c3d9796be5') in 0.0061536 seconds
Number of updated asset objects reloaded before import = 0Number of asset objects unloaded after import = 0

========================================================================
Received Import Request.
  Time since last request: 0.000025 seconds.
  path: Assets/Samples/XR Interaction Toolkit/3.0.8/AR Starter Assets/ARDemoSceneAssets/Animation/MenuHide.anim
  artifactKey: Guid(a849d36c09e49445db8756e10ac2dbe7) Importer(2089858483,192608db42251d675da83286b1cce702)
Start importing Assets/Samples/XR Interaction Toolkit/3.0.8/AR Starter Assets/ARDemoSceneAssets/Animation/MenuHide.anim using Guid(a849d36c09e49445db8756e10ac2dbe7) Importer(2089858483,192608db42251d675da83286b1cce702) (ScriptedImporter) -> (artifact id: '4c359fbb38ec36ea2f10f0e80c8b2d9b') in 0.0163168 seconds
Number of updated asset objects reloaded before import = 0Number of asset objects unloaded after import = 1

========================================================================
Received Import Request.
  Time since last request: 0.000034 seconds.
  path: Assets/Samples/XR Interaction Toolkit/3.0.8/Hands Interaction Demo/HandsDemoSceneAssets/Prefabs/Arrow.prefab
  artifactKey: Guid(d56cf1aacbea4704cac4d7983df1a0ad) Importer(2089858483,192608db42251d675da83286b1cce702)
Start importing Assets/Samples/XR Interaction Toolkit/3.0.8/Hands Interaction Demo/HandsDemoSceneAssets/Prefabs/Arrow.prefab using Guid(d56cf1aacbea4704cac4d7983df1a0ad) Importer(2089858483,192608db42251d675da83286b1cce702) (ScriptedImporter) -> (artifact id: '1e9fbb53daed685162b654fe19a8bead') in 0.019821 seconds
Number of updated asset objects reloaded before import = 0Number of asset objects unloaded after import = 34

========================================================================
Received Import Request.
  Time since last request: 0.000031 seconds.
  path: Assets/Samples/XR Interaction Toolkit/3.0.8/Spatial Keyboard/Unity.XR.Interaction.Toolkit.Samples.SpatialKeyboard.asmdef
  artifactKey: Guid(7e521086000d5a9438798610d07f6507) Importer(2089858483,192608db42251d675da83286b1cce702)
Start importing Assets/Samples/XR Interaction Toolkit/3.0.8/Spatial Keyboard/Unity.XR.Interaction.Toolkit.Samples.SpatialKeyboard.asmdef using Guid(7e521086000d5a9438798610d07f6507) Importer(2089858483,192608db42251d675da83286b1cce702) (ScriptedImporter) -> (artifact id: '0908b9ed18a5e2ffc426b1cc12e21aa8') in 0.0076614 seconds
Number of updated asset objects reloaded before import = 0Number of asset objects unloaded after import = 1

========================================================================
Received Import Request.
  Time since last request: 0.000027 seconds.
  path: Assets/Samples/XR Interaction Toolkit/3.0.8/Spatial Keyboard/Scripts/KeyFunctions/ValueKeyFunction.cs
  artifactKey: Guid(4857d519405a3874cb91aea6424e314d) Importer(2089858483,192608db42251d675da83286b1cce702)
Start importing Assets/Samples/XR Interaction Toolkit/3.0.8/Spatial Keyboard/Scripts/KeyFunctions/ValueKeyFunction.cs using Guid(4857d519405a3874cb91aea6424e314d) Importer(2089858483,192608db42251d675da83286b1cce702) (ScriptedImporter) -> (artifact id: 'f09b7c7d56ea0cf8793be64b88249f6a') in 0.0051415 seconds
Number of updated asset objects reloaded before import = 0Number of asset objects unloaded after import = 0

========================================================================
Received Import Request.
  Time since last request: 0.000026 seconds.
  path: Assets/Samples/XR Interaction Toolkit/3.0.8/Legacy XR Input Readers/Left_PrimaryButton.asset
  artifactKey: Guid(b83bbaa3f178f704d9c5ee9baa5f57f0) Importer(2089858483,192608db42251d675da83286b1cce702)
Start importing Assets/Samples/XR Interaction Toolkit/3.0.8/Legacy XR Input Readers/Left_PrimaryButton.asset using Guid(b83bbaa3f178f704d9c5ee9baa5f57f0) Importer(2089858483,192608db42251d675da83286b1cce702) (ScriptedImporter) -> (artifact id: '7cb3d57b9c777ac1ab2c305fb4a86dc1') in 0.0108782 seconds
Number of updated asset objects reloaded before import = 0Number of asset objects unloaded after import = 1

========================================================================
Received Import Request.
  Time since last request: 0.000034 seconds.
  path: Assets/Samples/XR Interaction Toolkit/3.0.8/Spatial Keyboard/Editor/Scripts/XRKeyboardDisplayEditor.cs
  artifactKey: Guid(933dba84a98d0a94facc4dd555755984) Importer(2089858483,192608db42251d675da83286b1cce702)
Start importing Assets/Samples/XR Interaction Toolkit/3.0.8/Spatial Keyboard/Editor/Scripts/XRKeyboardDisplayEditor.cs using Guid(933dba84a98d0a94facc4dd555755984) Importer(2089858483,192608db42251d675da83286b1cce702) (ScriptedImporter) -> (artifact id: 'd8bd3bb586ca97be5f662bffeff652ae') in 0.0050752 seconds
Number of updated asset objects reloaded before import = 0Number of asset objects unloaded after import = 0

========================================================================
Received Import Request.
  Time since last request: 0.000024 seconds.
  path: Assets/Samples/XR Interaction Toolkit/3.0.8/XR Device Simulator/UI/General/CloseWindow.png
  artifactKey: Guid(c76518a5819794083a346812c0906b77) Importer(2089858483,192608db42251d675da83286b1cce702)
Start importing Assets/Samples/XR Interaction Toolkit/3.0.8/XR Device Simulator/UI/General/CloseWindow.png using Guid(c76518a5819794083a346812c0906b77) Importer(2089858483,192608db42251d675da83286b1cce702) (ScriptedImporter) -> (artifact id: '8a1519f61753e9240a083c6ea5e7c0b9') in 0.01946 seconds
Number of updated asset objects reloaded before import = 0Number of asset objects unloaded after import = 3

========================================================================
Received Import Request.
  Time since last request: 0.000023 seconds.
  path: Assets/Samples/XR Interaction Toolkit/3.0.8/Legacy XR Input Readers/Left_Primary2DAxisTouch.asset
  artifactKey: Guid(6c2f84ab2f5e8744cb497bb18b9d1ba0) Importer(2089858483,192608db42251d675da83286b1cce702)
Start importing Assets/Samples/XR Interaction Toolkit/3.0.8/Legacy XR Input Readers/Left_Primary2DAxisTouch.asset using Guid(6c2f84ab2f5e8744cb497bb18b9d1ba0) Importer(2089858483,192608db42251d675da83286b1cce702) (ScriptedImporter) -> (artifact id: '82e889e5506f8c073ad08c2f1680d4af') in 0.0077087 seconds
Number of updated asset objects reloaded before import = 0Number of asset objects unloaded after import = 1

========================================================================
Received Import Request.
  Time since last request: 0.000027 seconds.
  path: Assets/Samples/XR Interaction Toolkit/3.0.8/Legacy XR Input Readers/Left_PrimaryTouch.asset
  artifactKey: Guid(58d327f4bf188b643935a9367ee8f243) Importer(2089858483,192608db42251d675da83286b1cce702)
Start importing Assets/Samples/XR Interaction Toolkit/3.0.8/Legacy XR Input Readers/Left_PrimaryTouch.asset using Guid(58d327f4bf188b643935a9367ee8f243) Importer(2089858483,192608db42251d675da83286b1cce702) (ScriptedImporter) -> (artifact id: 'f1e69b49bc4171a640f7ae114d42052b') in 0.0071324 seconds
Number of updated asset objects reloaded before import = 0Number of asset objects unloaded after import = 1

========================================================================
Received Import Request.
  Time since last request: 0.000026 seconds.
  path: Assets/Samples/XR Interaction Toolkit/3.0.8/Spatial Keyboard/KeyboardDemo.unity
  artifactKey: Guid(ad3bc6be3dfc6fe4c93410327d58b369) Importer(2089858483,192608db42251d675da83286b1cce702)
Start importing Assets/Samples/XR Interaction Toolkit/3.0.8/Spatial Keyboard/KeyboardDemo.unity using Guid(ad3bc6be3dfc6fe4c93410327d58b369) Importer(2089858483,192608db42251d675da83286b1cce702) (ScriptedImporter) -> (artifact id: 'f32365532c690bc62b6778b21f83e0e0') in 0.0126988 seconds
Number of updated asset objects reloaded before import = 0Number of asset objects unloaded after import = 1

========================================================================
Received Import Request.
  Time since last request: 0.000036 seconds.
  path: Assets/Samples/XR Interaction Toolkit/3.0.8/Spatial Keyboard/Editor/Scripts/KeyMappingPropertyDrawer.cs
  artifactKey: Guid(bf84391e5296de6468c2c36a85c6ee65) Importer(2089858483,192608db42251d675da83286b1cce702)
Start importing Assets/Samples/XR Interaction Toolkit/3.0.8/Spatial Keyboard/Editor/Scripts/KeyMappingPropertyDrawer.cs using Guid(bf84391e5296de6468c2c36a85c6ee65) Importer(2089858483,192608db42251d675da83286b1cce702) (ScriptedImporter) -> (artifact id: '59b33359a4e6a2096dd3a64d2ea1f50e') in 0.0046818 seconds
Number of updated asset objects reloaded before import = 0Number of asset objects unloaded after import = 0

========================================================================
Received Import Request.
  Time since last request: 0.000023 seconds.
  path: Assets/Samples/XR Interaction Toolkit/3.0.8/Spatial Keyboard/Scripts/KeyFunctions/KeyCodeFunction.cs
  artifactKey: Guid(92861f72e977a244cb0be6d8410a8d99) Importer(2089858483,192608db42251d675da83286b1cce702)
Start importing Assets/Samples/XR Interaction Toolkit/3.0.8/Spatial Keyboard/Scripts/KeyFunctions/KeyCodeFunction.cs using Guid(92861f72e977a244cb0be6d8410a8d99) Importer(2089858483,192608db42251d675da83286b1cce702) (ScriptedImporter) -> (artifact id: '94026b183fe5f1569e8aa6a5ae990a77') in 0.0055559 seconds
Number of updated asset objects reloaded before import = 0Number of asset objects unloaded after import = 0

========================================================================
Received Import Request.
  Time since last request: 0.000029 seconds.
  path: Assets/Samples/XR Interaction Toolkit/3.0.8/Spatial Keyboard/Prefabs
  artifactKey: Guid(60e4fc3810bec6144ba8b5da8afc6935) Importer(2089858483,192608db42251d675da83286b1cce702)
Start importing Assets/Samples/XR Interaction Toolkit/3.0.8/Spatial Keyboard/Prefabs using Guid(60e4fc3810bec6144ba8b5da8afc6935) Importer(2089858483,192608db42251d675da83286b1cce702) (ScriptedImporter) -> (artifact id: '7375f12cd7e025fe5b1cea190cd37b69') in 0.0044062 seconds
Number of updated asset objects reloaded before import = 0Number of asset objects unloaded after import = 1

========================================================================
Received Import Request.
  Time since last request: 0.000026 seconds.
  path: Assets/Samples/XR Interaction Toolkit/3.0.8/Spatial Keyboard/Affordances/ScaleHandleColorAffordanceTheme.asset
  artifactKey: Guid(0874a22edbf877c4183cb5ccde285f5a) Importer(2089858483,192608db42251d675da83286b1cce702)
Start importing Assets/Samples/XR Interaction Toolkit/3.0.8/Spatial Keyboard/Affordances/ScaleHandleColorAffordanceTheme.asset using Guid(0874a22edbf877c4183cb5ccde285f5a) Importer(2089858483,192608db42251d675da83286b1cce702) (ScriptedImporter) -> (artifact id: '073cbb710eeea5b1054101a2f02dced3') in 0.0081107 seconds
Number of updated asset objects reloaded before import = 0Number of asset objects unloaded after import = 1

========================================================================
Received Import Request.
  Time since last request: 0.000027 seconds.
  path: Assets/Samples/XR Interaction Toolkit/3.0.8/Legacy XR Input Readers/Left_Secondary2DAxisClick.asset
  artifactKey: Guid(4a2beece59016204fa2b8a792144f963) Importer(2089858483,192608db42251d675da83286b1cce702)
Start importing Assets/Samples/XR Interaction Toolkit/3.0.8/Legacy XR Input Readers/Left_Secondary2DAxisClick.asset using Guid(4a2beece59016204fa2b8a792144f963) Importer(2089858483,192608db42251d675da83286b1cce702) (ScriptedImporter) -> (artifact id: '1a1e61ec943a76fa9734a24dce6b0198') in 0.0088236 seconds
Number of updated asset objects reloaded before import = 0Number of asset objects unloaded after import = 1

========================================================================
Received Import Request.
  Time since last request: 0.000036 seconds.
  path: Assets/Samples/XR Interaction Toolkit/3.0.8/Spatial Keyboard/Prefabs/XRI Global Keyboard Manager.prefab
  artifactKey: Guid(763522a439f36ac4d881f5652181a2ee) Importer(2089858483,192608db42251d675da83286b1cce702)
Start importing Assets/Samples/XR Interaction Toolkit/3.0.8/Spatial Keyboard/Prefabs/XRI Global Keyboard Manager.prefab using Guid(763522a439f36ac4d881f5652181a2ee) Importer(2089858483,192608db42251d675da83286b1cce702) (ScriptedImporter) -> (artifact id: 'c16e773af2fe84482f5c02158656dbc3') in 0.0607059 seconds
Number of updated asset objects reloaded before import = 0Number of asset objects unloaded after import = 1201

========================================================================
Received Import Request.
  Time since last request: 0.000026 seconds.
  path: Assets/Samples/XR Interaction Toolkit/3.0.8/XR Device Simulator/UI/General/KeyboardIcon.png
  artifactKey: Guid(76dc0abb2ebb44c9a9bd39266f0b3c91) Importer(2089858483,192608db42251d675da83286b1cce702)
Start importing Assets/Samples/XR Interaction Toolkit/3.0.8/XR Device Simulator/UI/General/KeyboardIcon.png using Guid(76dc0abb2ebb44c9a9bd39266f0b3c91) Importer(2089858483,192608db42251d675da83286b1cce702) (ScriptedImporter) -> (artifact id: 'b4b93068195e0a9019d59d345e12506f') in 0.013312 seconds
Number of updated asset objects reloaded before import = 0Number of asset objects unloaded after import = 3

========================================================================
Received Import Request.
  Time since last request: 0.000023 seconds.
  path: Assets/Samples/XR Interaction Toolkit/3.0.8/Spatial Keyboard/Scripts/XRKeyboardDisplay.cs
  artifactKey: Guid(a2317ceab4d3d38419fe16eebc1c0cd3) Importer(2089858483,192608db42251d675da83286b1cce702)
Start importing Assets/Samples/XR Interaction Toolkit/3.0.8/Spatial Keyboard/Scripts/XRKeyboardDisplay.cs using Guid(a2317ceab4d3d38419fe16eebc1c0cd3) Importer(2089858483,192608db42251d675da83286b1cce702) (ScriptedImporter) -> (artifact id: '952016a8e7982716b10cee799fd2f419') in 0.0055891 seconds
Number of updated asset objects reloaded before import = 0Number of asset objects unloaded after import = 0

========================================================================
Received Import Request.
  Time since last request: 0.000036 seconds.
  path: Assets/Samples/XR Interaction Toolkit/3.0.8/Spatial Keyboard/Scripts/XRKeyboardConfig.cs
  artifactKey: Guid(944d8cf1c59c0e8468bcd7e2fd86fe4d) Importer(2089858483,192608db42251d675da83286b1cce702)
Start importing Assets/Samples/XR Interaction Toolkit/3.0.8/Spatial Keyboard/Scripts/XRKeyboardConfig.cs using Guid(944d8cf1c59c0e8468bcd7e2fd86fe4d) Importer(2089858483,192608db42251d675da83286b1cce702) (ScriptedImporter) -> (artifact id: 'c7c7365f85ce58b0831cd3b4dda9aa7f') in 0.005662 seconds
Number of updated asset objects reloaded before import = 0Number of asset objects unloaded after import = 0

========================================================================
Received Import Request.
  Time since last request: 0.000034 seconds.
  path: Assets/Samples/XR Interaction Toolkit/3.0.8/AR Starter Assets/ARDemoSceneAssets/Materials/InteractableMat.mat
  artifactKey: Guid(405529b091e884f32ad1cdb05c634ebe) Importer(2089858483,192608db42251d675da83286b1cce702)
Start importing Assets/Samples/XR Interaction Toolkit/3.0.8/AR Starter Assets/ARDemoSceneAssets/Materials/InteractableMat.mat using Guid(405529b091e884f32ad1cdb05c634ebe) Importer(2089858483,192608db42251d675da83286b1cce702) (ScriptedImporter) -> (artifact id: '7ba8386abc9f98059440aa600240c87e') in 0.0175935 seconds
Number of updated asset objects reloaded before import = 0Number of asset objects unloaded after import = 2

========================================================================
Received Import Request.
  Time since last request: 0.000022 seconds.
  path: Assets/Samples/XR Interaction Toolkit/3.0.8/XR Device Simulator/Scripts/XRDeviceSimulatorHandsUI.cs
  artifactKey: Guid(f35ac646ecbef4ece8c3eac9e74e1828) Importer(2089858483,192608db42251d675da83286b1cce702)
Start importing Assets/Samples/XR Interaction Toolkit/3.0.8/XR Device Simulator/Scripts/XRDeviceSimulatorHandsUI.cs using Guid(f35ac646ecbef4ece8c3eac9e74e1828) Importer(2089858483,192608db42251d675da83286b1cce702) (ScriptedImporter) -> (artifact id: 'dc2a4e8120e01118789fd27522b59133') in 0.0054279 seconds
Number of updated asset objects reloaded before import = 0Number of asset objects unloaded after import = 0

========================================================================
Received Import Request.
  Time since last request: 0.000024 seconds.
  path: Assets/Samples/XR Interaction Toolkit/3.0.8/Spatial Keyboard/Audio
  artifactKey: Guid(9ac15806e0a32c34a834dbb1bfa349c0) Importer(2089858483,192608db42251d675da83286b1cce702)
Start importing Assets/Samples/XR Interaction Toolkit/3.0.8/Spatial Keyboard/Audio using Guid(9ac15806e0a32c34a834dbb1bfa349c0) Importer(2089858483,192608db42251d675da83286b1cce702) (ScriptedImporter) -> (artifact id: '9465f1223c7c76342623250df514297c') in 0.0044235 seconds
Number of updated asset objects reloaded before import = 0Number of asset objects unloaded after import = 1

========================================================================
Received Import Request.
  Time since last request: 0.000031 seconds.
  path: Assets/Samples/XR Interaction Toolkit/3.0.8/Legacy XR Input Readers/Left_Primary2DAxisClick.asset
  artifactKey: Guid(90117f67143a3324f8bc556c5d52e5b7) Importer(2089858483,192608db42251d675da83286b1cce702)
Start importing Assets/Samples/XR Interaction Toolkit/3.0.8/Legacy XR Input Readers/Left_Primary2DAxisClick.asset using Guid(90117f67143a3324f8bc556c5d52e5b7) Importer(2089858483,192608db42251d675da83286b1cce702) (ScriptedImporter) -> (artifact id: '3c2c2ef07736546908485c7a4aae159c') in 0.006573 seconds
Number of updated asset objects reloaded before import = 0Number of asset objects unloaded after import = 1

========================================================================
Received Import Request.
  Time since last request: 0.000041 seconds.
  path: Assets/Samples/XR Interaction Toolkit/3.0.8/AR Starter Assets/ARDemoSceneAssets/Models/Primitive_Cube_Debug.fbx
  artifactKey: Guid(f396e3429a4864fc2ad497cb3ce5fe2c) Importer(2089858483,192608db42251d675da83286b1cce702)
Start importing Assets/Samples/XR Interaction Toolkit/3.0.8/AR Starter Assets/ARDemoSceneAssets/Models/Primitive_Cube_Debug.fbx using Guid(f396e3429a4864fc2ad497cb3ce5fe2c) Importer(2089858483,192608db42251d675da83286b1cce702) (ScriptedImporter) -> (artifact id: 'f1ad57239ea438d610d6e3585004762e') in 0.0323007 seconds
Number of updated asset objects reloaded before import = 0Number of asset objects unloaded after import = 25

========================================================================
Received Import Request.
  Time since last request: 0.000041 seconds.
  path: Assets/Samples/XR Interaction Toolkit/3.0.8/Legacy XR Input Readers/Left_Secondary2DAxis.asset
  artifactKey: Guid(8642bd9e3b3daf04ea574b79cc964ba3) Importer(2089858483,192608db42251d675da83286b1cce702)
Start importing Assets/Samples/XR Interaction Toolkit/3.0.8/Legacy XR Input Readers/Left_Secondary2DAxis.asset using Guid(8642bd9e3b3daf04ea574b79cc964ba3) Importer(2089858483,192608db42251d675da83286b1cce702) (ScriptedImporter) -> (artifact id: 'e7f1fdd4a833bc2dacc61e28c9857271') in 0.0078428 seconds
Number of updated asset objects reloaded before import = 0Number of asset objects unloaded after import = 1

========================================================================
Received Import Request.
  Time since last request: 0.000027 seconds.
  path: Assets/Samples/XR Interaction Toolkit/3.0.8/Legacy XR Input Readers/Presets/Left Controller (float).preset
  artifactKey: Guid(41a14221e043dcc4f98050f6eb78c25d) Importer(2089858483,192608db42251d675da83286b1cce702)
Start importing Assets/Samples/XR Interaction Toolkit/3.0.8/Legacy XR Input Readers/Presets/Left Controller (float).preset using Guid(41a14221e043dcc4f98050f6eb78c25d) Importer(2089858483,192608db42251d675da83286b1cce702) (ScriptedImporter) -> (artifact id: '3df1681a108ff664a4832e2d14c05a31') in 0.0071947 seconds
Number of updated asset objects reloaded before import = 0Number of asset objects unloaded after import = 1

========================================================================
Received Import Request.
  Time since last request: 0.000026 seconds.
  path: Assets/Samples/XR Interaction Toolkit/3.0.8/XR Device Simulator/Scripts/XRDeviceSimulatorUI.cs
  artifactKey: Guid(e8b922481d9264546b97958b2c7cf0a0) Importer(2089858483,192608db42251d675da83286b1cce702)
Start importing Assets/Samples/XR Interaction Toolkit/3.0.8/XR Device Simulator/Scripts/XRDeviceSimulatorUI.cs using Guid(e8b922481d9264546b97958b2c7cf0a0) Importer(2089858483,192608db42251d675da83286b1cce702) (ScriptedImporter) -> (artifact id: '99d38fd44cd4afff40a1d65938edad35') in 0.0049263 seconds
Number of updated asset objects reloaded before import = 0Number of asset objects unloaded after import = 0

========================================================================
Received Import Request.
  Time since last request: 0.000024 seconds.
  path: Assets/Samples/XR Interaction Toolkit/3.0.8/AR Starter Assets/ARDemoSceneAssets/Textures
  artifactKey: Guid(0cfb5de8c17196b4c95ecbbd5140da00) Importer(2089858483,192608db42251d675da83286b1cce702)
Start importing Assets/Samples/XR Interaction Toolkit/3.0.8/AR Starter Assets/ARDemoSceneAssets/Textures using Guid(0cfb5de8c17196b4c95ecbbd5140da00) Importer(2089858483,192608db42251d675da83286b1cce702) (ScriptedImporter) -> (artifact id: 'a40c5ebdfe048495fd242f3df3530a73') in 0.0045794 seconds
Number of updated asset objects reloaded before import = 0Number of asset objects unloaded after import = 1

========================================================================
Received Import Request.
  Time since last request: 0.000024 seconds.
  path: Assets/Samples/XR Interaction Toolkit/3.0.8/AR Starter Assets
  artifactKey: Guid(d68085ede597a014e9f24158c963f322) Importer(2089858483,192608db42251d675da83286b1cce702)
Start importing Assets/Samples/XR Interaction Toolkit/3.0.8/AR Starter Assets using Guid(d68085ede597a014e9f24158c963f322) Importer(2089858483,192608db42251d675da83286b1cce702) (ScriptedImporter) -> (artifact id: '15e40e826d19d9296a6b8e166320ead9') in 0.0045842 seconds
Number of updated asset objects reloaded before import = 0Number of asset objects unloaded after import = 1

========================================================================
Received Import Request.
  Time since last request: 0.000037 seconds.
  path: Assets/Samples/XR Interaction Toolkit/3.0.8/Spatial Keyboard/Scripts/XRKeyboardKey.cs
  artifactKey: Guid(84bf39f7245577d4491b0aa8ea6016ee) Importer(2089858483,192608db42251d675da83286b1cce702)
Start importing Assets/Samples/XR Interaction Toolkit/3.0.8/Spatial Keyboard/Scripts/XRKeyboardKey.cs using Guid(84bf39f7245577d4491b0aa8ea6016ee) Importer(2089858483,192608db42251d675da83286b1cce702) (ScriptedImporter) -> (artifact id: '49a4df078b6a7e475db69744087c0698') in 0.0057128 seconds
Number of updated asset objects reloaded before import = 0Number of asset objects unloaded after import = 0

========================================================================
Received Import Request.
  Time since last request: 0.000024 seconds.
  path: Assets/Samples/XR Interaction Toolkit/3.0.8/AR Starter Assets/ARDemoSceneAssets/Scripts
  artifactKey: Guid(511037e553c188443b2d1b720777479e) Importer(2089858483,192608db42251d675da83286b1cce702)
Start importing Assets/Samples/XR Interaction Toolkit/3.0.8/AR Starter Assets/ARDemoSceneAssets/Scripts using Guid(511037e553c188443b2d1b720777479e) Importer(2089858483,192608db42251d675da83286b1cce702) (ScriptedImporter) -> (artifact id: 'b049b624539e9e31d77bacaa2d6fe9cc') in 0.0052093 seconds
Number of updated asset objects reloaded before import = 0Number of asset objects unloaded after import = 1

========================================================================
Received Import Request.
  Time since last request: 0.000029 seconds.
  path: Assets/Samples/XR Interaction Toolkit/3.0.8/XR Device Simulator/UI/Hands/Hand_Thumb.png
  artifactKey: Guid(3b2e62babc5249f42921c2cd027852cd) Importer(2089858483,192608db42251d675da83286b1cce702)
Start importing Assets/Samples/XR Interaction Toolkit/3.0.8/XR Device Simulator/UI/Hands/Hand_Thumb.png using Guid(3b2e62babc5249f42921c2cd027852cd) Importer(2089858483,192608db42251d675da83286b1cce702) (ScriptedImporter) -> (artifact id: '6703b22461fb097dbdd7024af6849b36') in 0.0137098 seconds
Number of updated asset objects reloaded before import = 0Number of asset objects unloaded after import = 3

========================================================================
Received Import Request.
  Time since last request: 0.000025 seconds.
  path: Assets/Samples/Meta XR Interaction ​SDK/74.0.1/Example Scenes/PokeExamples.unity
  artifactKey: Guid(ada3086bde0ab18459589e22d8d9e182) Importer(815301076,1909f56bfc062723c751e8b465ee728b)
Start importing Assets/Samples/Meta XR Interaction ​SDK/74.0.1/Example Scenes/PokeExamples.unity using Guid(ada3086bde0ab18459589e22d8d9e182) Importer(815301076,1909f56bfc062723c751e8b465ee728b) (PreviewImporter) -> (artifact id: '4f298d3c48485a50d13908f39a94c12f') in 0.0010481 seconds
Number of updated asset objects reloaded before import = 0Number of asset objects unloaded after import = 0

========================================================================
Received Import Request.
  Time since last request: 0.000028 seconds.
  path: Assets/Samples/XR Interaction Toolkit/3.0.8/Legacy XR Input Readers/Presets/Left Controller (Vector2).preset
  artifactKey: Guid(bc5ebe9be0638234195f0fdf277f0bca) Importer(2089858483,192608db42251d675da83286b1cce702)
Start importing Assets/Samples/XR Interaction Toolkit/3.0.8/Legacy XR Input Readers/Presets/Left Controller (Vector2).preset using Guid(bc5ebe9be0638234195f0fdf277f0bca) Importer(2089858483,192608db42251d675da83286b1cce702) (ScriptedImporter) -> (artifact id: '3c5a3df8074cf4351918b2e40444e893') in 0.0072487 seconds
Number of updated asset objects reloaded before import = 0Number of asset objects unloaded after import = 1

========================================================================
Received Import Request.
  Time since last request: 0.000034 seconds.
  path: Assets/Samples/XR Interaction Toolkit/3.0.8/Spatial Keyboard/Affordances
  artifactKey: Guid(c0a5d95a237741a4fbac6440bc7a75e1) Importer(2089858483,192608db42251d675da83286b1cce702)
Start importing Assets/Samples/XR Interaction Toolkit/3.0.8/Spatial Keyboard/Affordances using Guid(c0a5d95a237741a4fbac6440bc7a75e1) Importer(2089858483,192608db42251d675da83286b1cce702) (ScriptedImporter) -> (artifact id: 'c8c126c4a6651c444a34a342a98d29c8') in 0.0044643 seconds
Number of updated asset objects reloaded before import = 0Number of asset objects unloaded after import = 1

========================================================================
Received Import Request.
  Time since last request: 0.000022 seconds.
  path: Assets/Samples/XR Interaction Toolkit/3.0.8/Spatial Keyboard/Editor/Scripts/SpatialKeyboardSampleProjectValidation.cs
  artifactKey: Guid(50fef6c461e4ab04ebeadac7b7e61185) Importer(2089858483,192608db42251d675da83286b1cce702)
Start importing Assets/Samples/XR Interaction Toolkit/3.0.8/Spatial Keyboard/Editor/Scripts/SpatialKeyboardSampleProjectValidation.cs using Guid(50fef6c461e4ab04ebeadac7b7e61185) Importer(2089858483,192608db42251d675da83286b1cce702) (ScriptedImporter) -> (artifact id: '7c8c4b75b0f136f3f1f26f02d347631e') in 0.0063863 seconds
Number of updated asset objects reloaded before import = 0Number of asset objects unloaded after import = 0

========================================================================
Received Import Request.
  Time since last request: 0.000023 seconds.
  path: Assets/Samples/XR Interaction Toolkit/3.0.8/AR Starter Assets/ARDemoSceneAssets/Sprites/Icon - Object - Cylinder.png
  artifactKey: Guid(1c72e2211b1ba47d7baf8d6ee5a5daf5) Importer(2089858483,192608db42251d675da83286b1cce702)
Start importing Assets/Samples/XR Interaction Toolkit/3.0.8/AR Starter Assets/ARDemoSceneAssets/Sprites/Icon - Object - Cylinder.png using Guid(1c72e2211b1ba47d7baf8d6ee5a5daf5) Importer(2089858483,192608db42251d675da83286b1cce702) (ScriptedImporter) -> (artifact id: '50cd792033a9b8469879e00bddc99748') in 0.0120983 seconds
Number of updated asset objects reloaded before import = 0Number of asset objects unloaded after import = 3

========================================================================
Received Import Request.
  Time since last request: 0.000024 seconds.
  path: Assets/Samples/XR Interaction Toolkit/3.0.8/XR Device Simulator/UI/HeadDevice/HMDOverlay.png
  artifactKey: Guid(fb2db2f40ceaf458085c82fc17cfe800) Importer(2089858483,192608db42251d675da83286b1cce702)
Start importing Assets/Samples/XR Interaction Toolkit/3.0.8/XR Device Simulator/UI/HeadDevice/HMDOverlay.png using Guid(fb2db2f40ceaf458085c82fc17cfe800) Importer(2089858483,192608db42251d675da83286b1cce702) (ScriptedImporter) -> (artifact id: 'd0ca18e75b8e96321dd100ad677f7d9d') in 0.0150048 seconds
Number of updated asset objects reloaded before import = 0Number of asset objects unloaded after import = 3

========================================================================
Received Import Request.
  Time since last request: 0.000030 seconds.
  path: Assets/Samples/XR Interaction Toolkit/3.0.8/Spatial Keyboard/Models/Spatial Panel Manipulator Model.fbx
  artifactKey: Guid(c6984c48aed9a154294088f4265d8478) Importer(2089858483,192608db42251d675da83286b1cce702)
Start importing Assets/Samples/XR Interaction Toolkit/3.0.8/Spatial Keyboard/Models/Spatial Panel Manipulator Model.fbx using Guid(c6984c48aed9a154294088f4265d8478) Importer(2089858483,192608db42251d675da83286b1cce702) (ScriptedImporter) -> (artifact id: '772929577c87de127907fb266b77b20b') in 0.0197023 seconds
Number of updated asset objects reloaded before import = 0Number of asset objects unloaded after import = 7

========================================================================
Received Import Request.
  Time since last request: 0.000044 seconds.
  path: Assets/Samples/XR Interaction Toolkit/3.0.8/XR Device Simulator/UI/ControllerDevice/ControllerLeft.png
  artifactKey: Guid(10abf1be8eef148d4aa4b96b2af7a9f0) Importer(2089858483,192608db42251d675da83286b1cce702)
Start importing Assets/Samples/XR Interaction Toolkit/3.0.8/XR Device Simulator/UI/ControllerDevice/ControllerLeft.png using Guid(10abf1be8eef148d4aa4b96b2af7a9f0) Importer(2089858483,192608db42251d675da83286b1cce702) (ScriptedImporter) -> (artifact id: 'b81c203a296f7aadcc0d274cedf4cde6') in 0.0277775 seconds
Number of updated asset objects reloaded before import = 0Number of asset objects unloaded after import = 3

========================================================================
Received Import Request.
  Time since last request: 0.000023 seconds.
  path: Assets/Samples/XR Interaction Toolkit/3.0.8/AR Starter Assets/ARDemoSceneAssets/Prefabs/Torus.prefab
  artifactKey: Guid(8ae99c55d89c449b4be74f60dc81e02b) Importer(2089858483,192608db42251d675da83286b1cce702)
Start importing Assets/Samples/XR Interaction Toolkit/3.0.8/AR Starter Assets/ARDemoSceneAssets/Prefabs/Torus.prefab using Guid(8ae99c55d89c449b4be74f60dc81e02b) Importer(2089858483,192608db42251d675da83286b1cce702) (ScriptedImporter) -> (artifact id: '2f597a3d5241bdb5320b00536e4cf125') in 0.0179133 seconds
Number of updated asset objects reloaded before import = 0Number of asset objects unloaded after import = 23

========================================================================
Received Import Request.
  Time since last request: 0.000025 seconds.
  path: Assets/Samples/XR Interaction Toolkit/3.0.8/Spatial Keyboard/Editor/Scripts/KeyboardOptimizerEditor.cs
  artifactKey: Guid(83af6bccea6d14346953e77a76b181b2) Importer(2089858483,192608db42251d675da83286b1cce702)
Start importing Assets/Samples/XR Interaction Toolkit/3.0.8/Spatial Keyboard/Editor/Scripts/KeyboardOptimizerEditor.cs using Guid(83af6bccea6d14346953e77a76b181b2) Importer(2089858483,192608db42251d675da83286b1cce702) (ScriptedImporter) -> (artifact id: '807a3eecffe497115f84675931e222bd') in 0.0049917 seconds
Number of updated asset objects reloaded before import = 0Number of asset objects unloaded after import = 0

========================================================================
Received Import Request.
  Time since last request: 0.000026 seconds.
  path: Assets/Samples/XR Interaction Toolkit/3.0.8/Legacy XR Input Readers/Right_Secondary2DAxisTouch.asset
  artifactKey: Guid(e057b84730c479f48941c5f2f3b38122) Importer(2089858483,192608db42251d675da83286b1cce702)
Start importing Assets/Samples/XR Interaction Toolkit/3.0.8/Legacy XR Input Readers/Right_Secondary2DAxisTouch.asset using Guid(e057b84730c479f48941c5f2f3b38122) Importer(2089858483,192608db42251d675da83286b1cce702) (ScriptedImporter) -> (artifact id: '42119ac285ef87adaaea9b7dc5d69339') in 0.0067056 seconds
Number of updated asset objects reloaded before import = 0Number of asset objects unloaded after import = 1

========================================================================
Received Import Request.
  Time since last request: 0.000040 seconds.
  path: Assets/Samples/XR Interaction Toolkit/3.0.8/XR Device Simulator/UI/ControllerDevice/ControllerRight.png
  artifactKey: Guid(17c263f6077f14b218b13656aacd9551) Importer(2089858483,192608db42251d675da83286b1cce702)
Start importing Assets/Samples/XR Interaction Toolkit/3.0.8/XR Device Simulator/UI/ControllerDevice/ControllerRight.png using Guid(17c263f6077f14b218b13656aacd9551) Importer(2089858483,192608db42251d675da83286b1cce702) (ScriptedImporter) -> (artifact id: 'dd52562e30cd21319988faf95c6cccfb') in 0.0125389 seconds
Number of updated asset objects reloaded before import = 0Number of asset objects unloaded after import = 3

========================================================================
Received Import Request.
  Time since last request: 0.000030 seconds.
  path: Assets/Samples/XR Interaction Toolkit/3.0.8/XR Device Simulator/Unity.XR.Interaction.Toolkit.Samples.DeviceSimulator.asmdef
  artifactKey: Guid(a0c6cb4ff4b70b44e933543a342fb2b1) Importer(2089858483,192608db42251d675da83286b1cce702)
Start importing Assets/Samples/XR Interaction Toolkit/3.0.8/XR Device Simulator/Unity.XR.Interaction.Toolkit.Samples.DeviceSimulator.asmdef using Guid(a0c6cb4ff4b70b44e933543a342fb2b1) Importer(2089858483,192608db42251d675da83286b1cce702) (ScriptedImporter) -> (artifact id: 'a0d5185ea9efd075754e8506d127d87c') in 0.0059395 seconds
Number of updated asset objects reloaded before import = 0Number of asset objects unloaded after import = 1

========================================================================
Received Import Request.
  Time since last request: 0.000025 seconds.
  path: Assets/Samples/XR Interaction Toolkit/3.0.8/Legacy XR Input Readers/Left_SecondaryButton.asset
  artifactKey: Guid(ff0fe36290539484ca2d2027fd6b1917) Importer(2089858483,192608db42251d675da83286b1cce702)
Start importing Assets/Samples/XR Interaction Toolkit/3.0.8/Legacy XR Input Readers/Left_SecondaryButton.asset using Guid(ff0fe36290539484ca2d2027fd6b1917) Importer(2089858483,192608db42251d675da83286b1cce702) (ScriptedImporter) -> (artifact id: '02d6b8358c0e97bdc76e96f7b8189aab') in 0.013431 seconds
Number of updated asset objects reloaded before import = 0Number of asset objects unloaded after import = 1

========================================================================
Received Import Request.
  Time since last request: 0.000029 seconds.
  path: Assets/Samples/XR Interaction Toolkit/3.0.8/XR Device Simulator/XR Device Simulator Controls.inputactions
  artifactKey: Guid(da2b439d1a2de5c46a4f428f8cf4fe19) Importer(2089858483,192608db42251d675da83286b1cce702)
Start importing Assets/Samples/XR Interaction Toolkit/3.0.8/XR Device Simulator/XR Device Simulator Controls.inputactions using Guid(da2b439d1a2de5c46a4f428f8cf4fe19) Importer(2089858483,192608db42251d675da83286b1cce702) (ScriptedImporter) -> (artifact id: 'b916ea0545bfbab73e060d22d0bc058d') in 0.0428738 seconds
Number of updated asset objects reloaded before import = 0Number of asset objects unloaded after import = 28

========================================================================
Received Import Request.
  Time since last request: 0.000027 seconds.
  path: Assets/Samples/XR Interaction Toolkit/3.0.8/AR Starter Assets/Editor/Scripts/ARStarterAssetsSampleProjectValidation.cs
  artifactKey: Guid(afbe50d4e50722e49a3d6d61e82f8750) Importer(2089858483,192608db42251d675da83286b1cce702)
Start importing Assets/Samples/XR Interaction Toolkit/3.0.8/AR Starter Assets/Editor/Scripts/ARStarterAssetsSampleProjectValidation.cs using Guid(afbe50d4e50722e49a3d6d61e82f8750) Importer(2089858483,192608db42251d675da83286b1cce702) (ScriptedImporter) -> (artifact id: 'a2ff15f2813da478591775ddf6352ec7') in 0.0058923 seconds
Number of updated asset objects reloaded before import = 0Number of asset objects unloaded after import = 0

========================================================================
Received Import Request.
  Time since last request: 0.000036 seconds.
  path: Assets/Samples/XR Interaction Toolkit/3.0.8/XR Device Simulator/Scripts
  artifactKey: Guid(000d1a33d8d2f8445bb24d7d483fc34d) Importer(2089858483,192608db42251d675da83286b1cce702)
Start importing Assets/Samples/XR Interaction Toolkit/3.0.8/XR Device Simulator/Scripts using Guid(000d1a33d8d2f8445bb24d7d483fc34d) Importer(2089858483,192608db42251d675da83286b1cce702) (ScriptedImporter) -> (artifact id: '93bc2279f120c4f4d1964058f5a63087') in 0.0049181 seconds
Number of updated asset objects reloaded before import = 0Number of asset objects unloaded after import = 1

========================================================================
Received Import Request.
  Time since last request: 0.000023 seconds.
  path: Assets/Samples/XR Interaction Toolkit/3.0.8/Spatial Keyboard/Editor/Scripts/XRKeyboardEditor.cs
  artifactKey: Guid(a09373fc8a4b6ae4e9868ff02f9e336a) Importer(2089858483,192608db42251d675da83286b1cce702)
Start importing Assets/Samples/XR Interaction Toolkit/3.0.8/Spatial Keyboard/Editor/Scripts/XRKeyboardEditor.cs using Guid(a09373fc8a4b6ae4e9868ff02f9e336a) Importer(2089858483,192608db42251d675da83286b1cce702) (ScriptedImporter) -> (artifact id: '097283c5d0ffbdb677d80c15e731452d') in 0.0054936 seconds
Number of updated asset objects reloaded before import = 0Number of asset objects unloaded after import = 0

========================================================================
Received Import Request.
  Time since last request: 0.000030 seconds.
  path: Assets/Samples/XR Interaction Toolkit/3.0.8/Legacy XR Input Readers/Right_SecondaryTouch.asset
  artifactKey: Guid(fafa9b3b469c88947bae5cb5b4705276) Importer(2089858483,192608db42251d675da83286b1cce702)
Start importing Assets/Samples/XR Interaction Toolkit/3.0.8/Legacy XR Input Readers/Right_SecondaryTouch.asset using Guid(fafa9b3b469c88947bae5cb5b4705276) Importer(2089858483,192608db42251d675da83286b1cce702) (ScriptedImporter) -> (artifact id: '098a6c153a9f37245666ef9e03f288f1') in 0.0076309 seconds
Number of updated asset objects reloaded before import = 0Number of asset objects unloaded after import = 1

========================================================================
Received Import Request.
  Time since last request: 0.000021 seconds.
  path: Assets/Samples/XR Interaction Toolkit/3.0.8/AR Starter Assets/Prefabs/AR Feathered Plane.prefab
  artifactKey: Guid(a6b7ca1d53c75490595d1f0d5f43be38) Importer(2089858483,192608db42251d675da83286b1cce702)
Start importing Assets/Samples/XR Interaction Toolkit/3.0.8/AR Starter Assets/Prefabs/AR Feathered Plane.prefab using Guid(a6b7ca1d53c75490595d1f0d5f43be38) Importer(2089858483,192608db42251d675da83286b1cce702) (ScriptedImporter) -> (artifact id: '0f3a757c0f3e67d180c753ffc1a5d9f5') in 0.0303754 seconds
Number of updated asset objects reloaded before import = 0Number of asset objects unloaded after import = 11

========================================================================
Received Prepare
Begin MonoManager ReloadAssembly
- Loaded All Assemblies, in  1.319 seconds
Script 'CharacterController' has the same name as built-in Unity component.
AddComponent and GetComponent will not work with this script.
'Packages/com.unity.xr.openxr/Runtime/OpenXRLoader.cs' contains partial class of Unity.Object, exactly 1 of the partial classes needs to be in a file with the same filename. This is to know the one that can be referenced from ie. GameObjects
'Packages/com.meta.xr.sdk.core/Editor/BuildingBlocks/BlocksWindow.cs' contains partial class of Unity.Object, exactly 1 of the partial classes needs to be in a file with the same filename. This is to know the one that can be referenced from ie. GameObjects
'Packages/com.unity.xr.openxr/Runtime/OpenXRLoaderInternal.cs' contains partial class of Unity.Object, exactly 1 of the partial classes needs to be in a file with the same filename. This is to know the one that can be referenced from ie. GameObjects
'Packages/com.meta.xr.sdk.core/Editor/BuildingBlocks/BlocksWindowDetailsExtension.cs' contains partial class of Unity.Object, exactly 1 of the partial classes needs to be in a file with the same filename. This is to know the one that can be referenced from ie. GameObjects
'Packages/com.meta.xr.sdk.core/Editor/BuildingBlocks/BlocksWindowCollectionsPageExtension.cs' contains partial class of Unity.Object, exactly 1 of the partial classes needs to be in a file with the same filename. This is to know the one that can be referenced from ie. GameObjects
Refreshing native plugins compatible for Editor in 22.53 ms, found 14 plugins.
Assertion failed on expression: 'pred(*previous, *i)'
Assertion failed on expression: 'pred(*previous, *i)'
Assertion failed on expression: 'pred(*previous, *i)'
Assertion failed on expression: 'pred(*previous, *i)'
Assertion failed on expression: 'pred(*previous, *i)'
Assertion failed on expression: 'pred(*previous, *i)'
Assertion failed on expression: 'pred(*previous, *i)'
Native extension for Android target not found
Native extension for UWP target not found
Native extension for WindowsStandalone target not found
[Package Manager] Failed to launch server process. Reason: Unity was launched with the -noUpm command-line argument
[Package Manager] Unable to send message (not connected to server process).
[Package Manager] Cannot connect to Unity Package Manager local server
[Package Manager] Failed to launch server process. Reason: Unity was launched with the -noUpm command-line argument
[Package Manager] Unable to send message (not connected to server process).
[Package Manager] Cannot connect to Unity Package Manager local server
Refreshing native plugins compatible for Editor in 21.78 ms, found 14 plugins.
[Package Manager] Failed to launch server process. Reason: Unity was launched with the -noUpm command-line argument
[Package Manager] Unable to send message (not connected to server process).
[Package Manager] Cannot connect to Unity Package Manager local server
System.Reflection.TargetInvocationException: Exception has been thrown by the target of an invocation. ---> System.TypeInitializationException: The type initializer for 'UnityEditor.XR.Interaction.Toolkit.Samples.SpatialKeyboard.Editor.SpatialKeyboardSampleProjectValidation' threw an exception. ---> System.NullReferenceException: Object reference not set to an instance of an object
  at Unity.XR.CoreUtils.Editor.PackageVersionUtility.UpdatePackageVersions () [0x00034] in .\Library\PackageCache\com.unity.xr.core-utils@c0df0dd5bced\Editor\ProjectValidation\PackageVersionUtility.cs:46 
  at Unity.XR.CoreUtils.Editor.PackageVersionUtility.GetPackageVersion (System.String packageName) [0x00011] in .\Library\PackageCache\com.unity.xr.core-utils@c0df0dd5bced\Editor\ProjectValidation\PackageVersionUtility.cs:67 
  at UnityEditor.XR.Interaction.Toolkit.Samples.SpatialKeyboard.Editor.SpatialKeyboardSampleProjectValidation..cctor () [0x00023] in D:\Carpetas del sistema NO BORRAR\GITHUB DESKTOP REPO\RealidadMixta_Iot_pruebas\Industria_IOT_MR_unity6\Assets\Samples\XR Interaction Toolkit\3.0.8\Spatial Keyboard\Editor\Scripts\SpatialKeyboardSampleProjectValidation.cs:39 
   --- End of inner exception stack trace ---
  at (wrapper managed-to-native) System.Object.__icall_wrapper_mono_gc_wbarrier_generic_nostore_internal(intptr)
  at (wrapper write-barrier) System.Object.wbarrier_conc(intptr)
  at (wrapper managed-to-native) System.Reflection.RuntimeMethodInfo.InternalInvoke(System.Reflection.RuntimeMethodInfo,object,object[],System.Exception&)
  at System.Reflection.RuntimeMethodInfo.Invoke (System.Object obj, System.Reflection.BindingFlags invokeAttr, System.Reflection.Binder binder, System.Object[] parameters, System.Globalization.CultureInfo culture) [0x0006a] in <191a1970a53948f9819ac1d2e4f5c72e>:0 
   --- End of inner exception stack trace ---
  at System.Reflection.RuntimeMethodInfo.Invoke (System.Object obj, System.Reflection.BindingFlags invokeAttr, System.Reflection.Binder binder, System.Object[] parameters, System.Globalization.CultureInfo culture) [0x00083] in <191a1970a53948f9819ac1d2e4f5c72e>:0 
  at System.Reflection.MethodBase.Invoke (System.Object obj, System.Object[] parameters) [0x00000] in <191a1970a53948f9819ac1d2e4f5c72e>:0 
  at UnityEditor.EditorAssemblies.ProcessInitializeOnLoadMethodAttributes () [0x00056] in <2f9d421960d84dffaa88793de0f4b5f3>:0 
UnityEngine.Debug:ExtractStackTraceNoAlloc (byte*,int,string)
UnityEngine.StackTraceUtility:ExtractStackTrace ()
UnityEngine.DebugLogHandler:Internal_Log (UnityEngine.LogType,UnityEngine.LogOption,string,UnityEngine.Object)
UnityEngine.DebugLogHandler:LogFormat (UnityEngine.LogType,UnityEngine.Object,string,object[])
UnityEngine.Logger:Log (UnityEngine.LogType,object)
UnityEngine.Debug:LogError (object)
UnityEditor.EditorAssemblies:ProcessInitializeOnLoadMethodAttributes ()

Mono: successfully reloaded assembly
[Package Manager] Failed to launch server process. Reason: Unity was launched with the -noUpm command-line argument
[Package Manager] Unable to send message (not connected to server process).
[Package Manager] Cannot connect to Unity Package Manager local server
- Finished resetting the current domain, in  1.457 seconds
Domain Reload Profiling: 2759ms
	BeginReloadAssembly (381ms)
		ExecutionOrderSort (0ms)
		DisableScriptedObjects (26ms)
		BackupInstance (0ms)
		ReleaseScriptingObjects (0ms)
		CreateAndSetChildDomain (136ms)
	RebuildCommonClasses (43ms)
	RebuildNativeTypeToScriptingClass (15ms)
	initialDomainReloadingComplete (46ms)
	LoadAllAssembliesAndSetupDomain (817ms)
		LoadAssemblies (653ms)
		RebuildTransferFunctionScriptingTraits (0ms)
		AnalyzeDomain (309ms)
			TypeCache.Refresh (8ms)
				TypeCache.ScanAssembly (0ms)
			BuildScriptInfoCaches (270ms)
			ResolveRequiredComponents (25ms)
	FinalizeReload (1458ms)
		ReleaseScriptCaches (0ms)
		RebuildScriptCaches (0ms)
		SetupLoadedEditorAssemblies (1187ms)
			LogAssemblyErrors (0ms)
			InitializePlatformSupportModulesInManaged (14ms)
			SetLoadedEditorAssemblies (6ms)
			BeforeProcessingInitializeOnLoad (250ms)
			ProcessInitializeOnLoadAttributes (682ms)
			ProcessInitializeOnLoadMethodAttributes (220ms)
			AfterProcessingInitializeOnLoad (15ms)
			EditorAssembliesLoaded (1ms)
		ExecutionOrderSort2 (0ms)
		AwakeInstancesAfterBackupRestoration (17ms)
Shader 'Oculus/OVRMRCameraFrameLit': fallback shader 'Alpha-Diffuse' not found
Refreshing native plugins compatible for Editor in 36.08 ms, found 14 plugins.
Preloading 0 native plugins for Editor in 0.00 ms.
Unloading 53 Unused Serialized files (Serialized files now loaded: 0)
Unloading 8978 unused Assets / (10.7 MB). Loaded Objects now: 10018.
Memory consumption went from 264.5 MB to 253.8 MB.
Total: 34.137400 ms (FindLiveObjects: 1.771900 ms CreateObjectMapping: 2.647900 ms MarkObjects: 17.222400 ms  DeleteObjects: 12.493200 ms)

Prepare: number of updated asset objects reloaded= 0
========================================================================
Received Prepare
Begin MonoManager ReloadAssembly
- Loaded All Assemblies, in  1.215 seconds
Script 'CharacterController' has the same name as built-in Unity component.
AddComponent and GetComponent will not work with this script.
'Packages/com.unity.xr.openxr/Runtime/OpenXRLoader.cs' contains partial class of Unity.Object, exactly 1 of the partial classes needs to be in a file with the same filename. This is to know the one that can be referenced from ie. GameObjects
'Packages/com.meta.xr.sdk.core/Editor/BuildingBlocks/BlocksWindow.cs' contains partial class of Unity.Object, exactly 1 of the partial classes needs to be in a file with the same filename. This is to know the one that can be referenced from ie. GameObjects
'Packages/com.unity.xr.openxr/Runtime/OpenXRLoaderInternal.cs' contains partial class of Unity.Object, exactly 1 of the partial classes needs to be in a file with the same filename. This is to know the one that can be referenced from ie. GameObjects
'Packages/com.meta.xr.sdk.core/Editor/BuildingBlocks/BlocksWindowDetailsExtension.cs' contains partial class of Unity.Object, exactly 1 of the partial classes needs to be in a file with the same filename. This is to know the one that can be referenced from ie. GameObjects
'Packages/com.meta.xr.sdk.core/Editor/BuildingBlocks/BlocksWindowCollectionsPageExtension.cs' contains partial class of Unity.Object, exactly 1 of the partial classes needs to be in a file with the same filename. This is to know the one that can be referenced from ie. GameObjects
Refreshing native plugins compatible for Editor in 21.40 ms, found 14 plugins.
Assertion failed on expression: 'pred(*previous, *i)'
Assertion failed on expression: 'pred(*previous, *i)'
Assertion failed on expression: 'pred(*previous, *i)'
Assertion failed on expression: 'pred(*previous, *i)'
Assertion failed on expression: 'pred(*previous, *i)'
Assertion failed on expression: 'pred(*previous, *i)'
Assertion failed on expression: 'pred(*previous, *i)'
Native extension for Android target not found
Native extension for UWP target not found
Native extension for WindowsStandalone target not found
[Package Manager] Failed to launch server process. Reason: Unity was launched with the -noUpm command-line argument
[Package Manager] Unable to send message (not connected to server process).
[Package Manager] Cannot connect to Unity Package Manager local server
[Package Manager] Failed to launch server process. Reason: Unity was launched with the -noUpm command-line argument
[Package Manager] Unable to send message (not connected to server process).
[Package Manager] Cannot connect to Unity Package Manager local server
Refreshing native plugins compatible for Editor in 24.59 ms, found 14 plugins.
[Package Manager] Failed to launch server process. Reason: Unity was launched with the -noUpm command-line argument
[Package Manager] Unable to send message (not connected to server process).
[Package Manager] Cannot connect to Unity Package Manager local server
System.Reflection.TargetInvocationException: Exception has been thrown by the target of an invocation. ---> System.TypeInitializationException: The type initializer for 'UnityEditor.XR.Interaction.Toolkit.Samples.SpatialKeyboard.Editor.SpatialKeyboardSampleProjectValidation' threw an exception. ---> System.NullReferenceException: Object reference not set to an instance of an object
  at Unity.XR.CoreUtils.Editor.PackageVersionUtility.UpdatePackageVersions () [0x00034] in .\Library\PackageCache\com.unity.xr.core-utils@c0df0dd5bced\Editor\ProjectValidation\PackageVersionUtility.cs:46 
  at Unity.XR.CoreUtils.Editor.PackageVersionUtility.GetPackageVersion (System.String packageName) [0x00011] in .\Library\PackageCache\com.unity.xr.core-utils@c0df0dd5bced\Editor\ProjectValidation\PackageVersionUtility.cs:67 
  at UnityEditor.XR.Interaction.Toolkit.Samples.SpatialKeyboard.Editor.SpatialKeyboardSampleProjectValidation..cctor () [0x00023] in D:\Carpetas del sistema NO BORRAR\GITHUB DESKTOP REPO\RealidadMixta_Iot_pruebas\Industria_IOT_MR_unity6\Assets\Samples\XR Interaction Toolkit\3.0.8\Spatial Keyboard\Editor\Scripts\SpatialKeyboardSampleProjectValidation.cs:39 
   --- End of inner exception stack trace ---
  at (wrapper managed-to-native) System.Object.__icall_wrapper_mono_gc_wbarrier_generic_nostore_internal(intptr)
  at (wrapper write-barrier) System.Object.wbarrier_conc(intptr)
  at (wrapper managed-to-native) System.Reflection.RuntimeMethodInfo.InternalInvoke(System.Reflection.RuntimeMethodInfo,object,object[],System.Exception&)
  at System.Reflection.RuntimeMethodInfo.Invoke (System.Object obj, System.Reflection.BindingFlags invokeAttr, System.Reflection.Binder binder, System.Object[] parameters, System.Globalization.CultureInfo culture) [0x0006a] in <191a1970a53948f9819ac1d2e4f5c72e>:0 
   --- End of inner exception stack trace ---
  at System.Reflection.RuntimeMethodInfo.Invoke (System.Object obj, System.Reflection.BindingFlags invokeAttr, System.Reflection.Binder binder, System.Object[] parameters, System.Globalization.CultureInfo culture) [0x00083] in <191a1970a53948f9819ac1d2e4f5c72e>:0 
  at System.Reflection.MethodBase.Invoke (System.Object obj, System.Object[] parameters) [0x00000] in <191a1970a53948f9819ac1d2e4f5c72e>:0 
  at UnityEditor.EditorAssemblies.ProcessInitializeOnLoadMethodAttributes () [0x00056] in <2f9d421960d84dffaa88793de0f4b5f3>:0 
UnityEngine.Debug:ExtractStackTraceNoAlloc (byte*,int,string)
UnityEngine.StackTraceUtility:ExtractStackTrace ()
UnityEngine.DebugLogHandler:Internal_Log (UnityEngine.LogType,UnityEngine.LogOption,string,UnityEngine.Object)
UnityEngine.DebugLogHandler:LogFormat (UnityEngine.LogType,UnityEngine.Object,string,object[])
UnityEngine.Logger:Log (UnityEngine.LogType,object)
UnityEngine.Debug:LogError (object)
UnityEditor.EditorAssemblies:ProcessInitializeOnLoadMethodAttributes ()

Mono: successfully reloaded assembly
[Package Manager] Failed to launch server process. Reason: Unity was launched with the -noUpm command-line argument
[Package Manager] Unable to send message (not connected to server process).
[Package Manager] Cannot connect to Unity Package Manager local server
- Finished resetting the current domain, in  1.463 seconds
Domain Reload Profiling: 2655ms
	BeginReloadAssembly (278ms)
		ExecutionOrderSort (0ms)
		DisableScriptedObjects (6ms)
		BackupInstance (0ms)
		ReleaseScriptingObjects (0ms)
		CreateAndSetChildDomain (70ms)
	RebuildCommonClasses (40ms)
	RebuildNativeTypeToScriptingClass (13ms)
	initialDomainReloadingComplete (45ms)
	LoadAllAssembliesAndSetupDomain (815ms)
		LoadAssemblies (646ms)
		RebuildTransferFunctionScriptingTraits (0ms)
		AnalyzeDomain (300ms)
			TypeCache.Refresh (7ms)
				TypeCache.ScanAssembly (0ms)
			BuildScriptInfoCaches (266ms)
			ResolveRequiredComponents (22ms)
	FinalizeReload (1464ms)
		ReleaseScriptCaches (0ms)
		RebuildScriptCaches (0ms)
		SetupLoadedEditorAssemblies (1183ms)
			LogAssemblyErrors (0ms)
			InitializePlatformSupportModulesInManaged (15ms)
			SetLoadedEditorAssemblies (7ms)
			BeforeProcessingInitializeOnLoad (256ms)
			ProcessInitializeOnLoadAttributes (685ms)
			ProcessInitializeOnLoadMethodAttributes (205ms)
			AfterProcessingInitializeOnLoad (15ms)
			EditorAssembliesLoaded (1ms)
		ExecutionOrderSort2 (0ms)
		AwakeInstancesAfterBackupRestoration (17ms)
Shader 'Oculus/OVRMRCameraFrameLit': fallback shader 'Alpha-Diffuse' not found
Refreshing native plugins compatible for Editor in 36.73 ms, found 14 plugins.
Preloading 0 native plugins for Editor in 0.00 ms.
Unloading 53 Unused Serialized files (Serialized files now loaded: 0)
Unloading 8973 unused Assets / (9.6 MB). Loaded Objects now: 10021.
Memory consumption went from 264.3 MB to 254.7 MB.
Total: 31.063000 ms (FindLiveObjects: 2.022300 ms CreateObjectMapping: 2.345700 ms MarkObjects: 16.035300 ms  DeleteObjects: 10.657900 ms)

Prepare: number of updated asset objects reloaded= 0
========================================================================
Received Prepare
Begin MonoManager ReloadAssembly
- Loaded All Assemblies, in  1.231 seconds
Script 'CharacterController' has the same name as built-in Unity component.
AddComponent and GetComponent will not work with this script.
'Packages/com.unity.xr.openxr/Runtime/OpenXRLoader.cs' contains partial class of Unity.Object, exactly 1 of the partial classes needs to be in a file with the same filename. This is to know the one that can be referenced from ie. GameObjects
'Packages/com.meta.xr.sdk.core/Editor/BuildingBlocks/BlocksWindow.cs' contains partial class of Unity.Object, exactly 1 of the partial classes needs to be in a file with the same filename. This is to know the one that can be referenced from ie. GameObjects
'Packages/com.unity.xr.openxr/Runtime/OpenXRLoaderInternal.cs' contains partial class of Unity.Object, exactly 1 of the partial classes needs to be in a file with the same filename. This is to know the one that can be referenced from ie. GameObjects
'Packages/com.meta.xr.sdk.core/Editor/BuildingBlocks/BlocksWindowDetailsExtension.cs' contains partial class of Unity.Object, exactly 1 of the partial classes needs to be in a file with the same filename. This is to know the one that can be referenced from ie. GameObjects
'Packages/com.meta.xr.sdk.core/Editor/BuildingBlocks/BlocksWindowCollectionsPageExtension.cs' contains partial class of Unity.Object, exactly 1 of the partial classes needs to be in a file with the same filename. This is to know the one that can be referenced from ie. GameObjects
Refreshing native plugins compatible for Editor in 21.51 ms, found 14 plugins.
Assertion failed on expression: 'pred(*previous, *i)'
Assertion failed on expression: 'pred(*previous, *i)'
Assertion failed on expression: 'pred(*previous, *i)'
Assertion failed on expression: 'pred(*previous, *i)'
Assertion failed on expression: 'pred(*previous, *i)'
Assertion failed on expression: 'pred(*previous, *i)'
Assertion failed on expression: 'pred(*previous, *i)'
Native extension for Android target not found
Native extension for UWP target not found
Native extension for WindowsStandalone target not found
[Package Manager] Failed to launch server process. Reason: Unity was launched with the -noUpm command-line argument
[Package Manager] Unable to send message (not connected to server process).
[Package Manager] Cannot connect to Unity Package Manager local server
[Package Manager] Failed to launch server process. Reason: Unity was launched with the -noUpm command-line argument
[Package Manager] Unable to send message (not connected to server process).
[Package Manager] Cannot connect to Unity Package Manager local server
Refreshing native plugins compatible for Editor in 23.25 ms, found 14 plugins.
[Package Manager] Failed to launch server process. Reason: Unity was launched with the -noUpm command-line argument
[Package Manager] Unable to send message (not connected to server process).
[Package Manager] Cannot connect to Unity Package Manager local server
System.Reflection.TargetInvocationException: Exception has been thrown by the target of an invocation. ---> System.TypeInitializationException: The type initializer for 'UnityEditor.XR.Interaction.Toolkit.Samples.SpatialKeyboard.Editor.SpatialKeyboardSampleProjectValidation' threw an exception. ---> System.NullReferenceException: Object reference not set to an instance of an object
  at Unity.XR.CoreUtils.Editor.PackageVersionUtility.UpdatePackageVersions () [0x00034] in .\Library\PackageCache\com.unity.xr.core-utils@c0df0dd5bced\Editor\ProjectValidation\PackageVersionUtility.cs:46 
  at Unity.XR.CoreUtils.Editor.PackageVersionUtility.GetPackageVersion (System.String packageName) [0x00011] in .\Library\PackageCache\com.unity.xr.core-utils@c0df0dd5bced\Editor\ProjectValidation\PackageVersionUtility.cs:67 
  at UnityEditor.XR.Interaction.Toolkit.Samples.SpatialKeyboard.Editor.SpatialKeyboardSampleProjectValidation..cctor () [0x00023] in D:\Carpetas del sistema NO BORRAR\GITHUB DESKTOP REPO\RealidadMixta_Iot_pruebas\Industria_IOT_MR_unity6\Assets\Samples\XR Interaction Toolkit\3.0.8\Spatial Keyboard\Editor\Scripts\SpatialKeyboardSampleProjectValidation.cs:39 
   --- End of inner exception stack trace ---
  at (wrapper managed-to-native) System.Object.__icall_wrapper_mono_gc_wbarrier_generic_nostore_internal(intptr)
  at (wrapper write-barrier) System.Object.wbarrier_conc(intptr)
  at (wrapper managed-to-native) System.Reflection.RuntimeMethodInfo.InternalInvoke(System.Reflection.RuntimeMethodInfo,object,object[],System.Exception&)
  at System.Reflection.RuntimeMethodInfo.Invoke (System.Object obj, System.Reflection.BindingFlags invokeAttr, System.Reflection.Binder binder, System.Object[] parameters, System.Globalization.CultureInfo culture) [0x0006a] in <191a1970a53948f9819ac1d2e4f5c72e>:0 
   --- End of inner exception stack trace ---
  at System.Reflection.RuntimeMethodInfo.Invoke (System.Object obj, System.Reflection.BindingFlags invokeAttr, System.Reflection.Binder binder, System.Object[] parameters, System.Globalization.CultureInfo culture) [0x00083] in <191a1970a53948f9819ac1d2e4f5c72e>:0 
  at System.Reflection.MethodBase.Invoke (System.Object obj, System.Object[] parameters) [0x00000] in <191a1970a53948f9819ac1d2e4f5c72e>:0 
  at UnityEditor.EditorAssemblies.ProcessInitializeOnLoadMethodAttributes () [0x00056] in <2f9d421960d84dffaa88793de0f4b5f3>:0 
UnityEngine.Debug:ExtractStackTraceNoAlloc (byte*,int,string)
UnityEngine.StackTraceUtility:ExtractStackTrace ()
UnityEngine.DebugLogHandler:Internal_Log (UnityEngine.LogType,UnityEngine.LogOption,string,UnityEngine.Object)
UnityEngine.DebugLogHandler:LogFormat (UnityEngine.LogType,UnityEngine.Object,string,object[])
UnityEngine.Logger:Log (UnityEngine.LogType,object)
UnityEngine.Debug:LogError (object)
UnityEditor.EditorAssemblies:ProcessInitializeOnLoadMethodAttributes ()

Mono: successfully reloaded assembly
[Package Manager] Failed to launch server process. Reason: Unity was launched with the -noUpm command-line argument
[Package Manager] Unable to send message (not connected to server process).
[Package Manager] Cannot connect to Unity Package Manager local server
- Finished resetting the current domain, in  1.420 seconds
Domain Reload Profiling: 2632ms
	BeginReloadAssembly (294ms)
		ExecutionOrderSort (0ms)
		DisableScriptedObjects (7ms)
		BackupInstance (0ms)
		ReleaseScriptingObjects (0ms)
		CreateAndSetChildDomain (77ms)
	RebuildCommonClasses (47ms)
	RebuildNativeTypeToScriptingClass (14ms)
	initialDomainReloadingComplete (42ms)
	LoadAllAssembliesAndSetupDomain (816ms)
		LoadAssemblies (653ms)
		RebuildTransferFunctionScriptingTraits (0ms)
		AnalyzeDomain (299ms)
			TypeCache.Refresh (8ms)
				TypeCache.ScanAssembly (0ms)
			BuildScriptInfoCaches (263ms)
			ResolveRequiredComponents (23ms)
	FinalizeReload (1420ms)
		ReleaseScriptCaches (0ms)
		RebuildScriptCaches (0ms)
		SetupLoadedEditorAssemblies (1157ms)
			LogAssemblyErrors (0ms)
			InitializePlatformSupportModulesInManaged (16ms)
			SetLoadedEditorAssemblies (7ms)
			BeforeProcessingInitializeOnLoad (261ms)
			ProcessInitializeOnLoadAttributes (652ms)
			ProcessInitializeOnLoadMethodAttributes (204ms)
			AfterProcessingInitializeOnLoad (17ms)
			EditorAssembliesLoaded (1ms)
		ExecutionOrderSort2 (0ms)
		AwakeInstancesAfterBackupRestoration (20ms)
Shader 'Oculus/OVRMRCameraFrameLit': fallback shader 'Alpha-Diffuse' not found
Refreshing native plugins compatible for Editor in 37.11 ms, found 14 plugins.
Preloading 0 native plugins for Editor in 0.00 ms.
Unloading 53 Unused Serialized files (Serialized files now loaded: 0)
Unloading 8973 unused Assets / (10.6 MB). Loaded Objects now: 10024.
Memory consumption went from 264.3 MB to 253.7 MB.
Total: 34.675100 ms (FindLiveObjects: 2.297000 ms CreateObjectMapping: 2.259200 ms MarkObjects: 16.896300 ms  DeleteObjects: 13.221000 ms)

Prepare: number of updated asset objects reloaded= 0
========================================================================
Received Prepare
Begin MonoManager ReloadAssembly
- Loaded All Assemblies, in  1.216 seconds
Script 'CharacterController' has the same name as built-in Unity component.
AddComponent and GetComponent will not work with this script.
'Packages/com.unity.xr.openxr/Runtime/OpenXRLoader.cs' contains partial class of Unity.Object, exactly 1 of the partial classes needs to be in a file with the same filename. This is to know the one that can be referenced from ie. GameObjects
'Packages/com.meta.xr.sdk.core/Editor/BuildingBlocks/BlocksWindow.cs' contains partial class of Unity.Object, exactly 1 of the partial classes needs to be in a file with the same filename. This is to know the one that can be referenced from ie. GameObjects
'Packages/com.unity.xr.openxr/Runtime/OpenXRLoaderInternal.cs' contains partial class of Unity.Object, exactly 1 of the partial classes needs to be in a file with the same filename. This is to know the one that can be referenced from ie. GameObjects
'Packages/com.meta.xr.sdk.core/Editor/BuildingBlocks/BlocksWindowDetailsExtension.cs' contains partial class of Unity.Object, exactly 1 of the partial classes needs to be in a file with the same filename. This is to know the one that can be referenced from ie. GameObjects
'Packages/com.meta.xr.sdk.core/Editor/BuildingBlocks/BlocksWindowCollectionsPageExtension.cs' contains partial class of Unity.Object, exactly 1 of the partial classes needs to be in a file with the same filename. This is to know the one that can be referenced from ie. GameObjects
Refreshing native plugins compatible for Editor in 23.15 ms, found 14 plugins.
Assertion failed on expression: 'pred(*previous, *i)'
Assertion failed on expression: 'pred(*previous, *i)'
Assertion failed on expression: 'pred(*previous, *i)'
Assertion failed on expression: 'pred(*previous, *i)'
Assertion failed on expression: 'pred(*previous, *i)'
Assertion failed on expression: 'pred(*previous, *i)'
Assertion failed on expression: 'pred(*previous, *i)'
Native extension for Android target not found
Native extension for UWP target not found
Native extension for WindowsStandalone target not found
[Package Manager] Failed to launch server process. Reason: Unity was launched with the -noUpm command-line argument
[Package Manager] Unable to send message (not connected to server process).
[Package Manager] Cannot connect to Unity Package Manager local server
[Package Manager] Failed to launch server process. Reason: Unity was launched with the -noUpm command-line argument
[Package Manager] Unable to send message (not connected to server process).
[Package Manager] Cannot connect to Unity Package Manager local server
Refreshing native plugins compatible for Editor in 26.40 ms, found 14 plugins.
[Package Manager] Failed to launch server process. Reason: Unity was launched with the -noUpm command-line argument
[Package Manager] Unable to send message (not connected to server process).
[Package Manager] Cannot connect to Unity Package Manager local server
System.Reflection.TargetInvocationException: Exception has been thrown by the target of an invocation. ---> System.TypeInitializationException: The type initializer for 'UnityEditor.XR.Interaction.Toolkit.Samples.SpatialKeyboard.Editor.SpatialKeyboardSampleProjectValidation' threw an exception. ---> System.NullReferenceException: Object reference not set to an instance of an object
  at Unity.XR.CoreUtils.Editor.PackageVersionUtility.UpdatePackageVersions () [0x00034] in .\Library\PackageCache\com.unity.xr.core-utils@c0df0dd5bced\Editor\ProjectValidation\PackageVersionUtility.cs:46 
  at Unity.XR.CoreUtils.Editor.PackageVersionUtility.GetPackageVersion (System.String packageName) [0x00011] in .\Library\PackageCache\com.unity.xr.core-utils@c0df0dd5bced\Editor\ProjectValidation\PackageVersionUtility.cs:67 
  at UnityEditor.XR.Interaction.Toolkit.Samples.SpatialKeyboard.Editor.SpatialKeyboardSampleProjectValidation..cctor () [0x00023] in D:\Carpetas del sistema NO BORRAR\GITHUB DESKTOP REPO\RealidadMixta_Iot_pruebas\Industria_IOT_MR_unity6\Assets\Samples\XR Interaction Toolkit\3.0.8\Spatial Keyboard\Editor\Scripts\SpatialKeyboardSampleProjectValidation.cs:39 
   --- End of inner exception stack trace ---
  at (wrapper managed-to-native) System.Object.__icall_wrapper_mono_gc_wbarrier_generic_nostore_internal(intptr)
  at (wrapper write-barrier) System.Object.wbarrier_conc(intptr)
  at (wrapper managed-to-native) System.Reflection.RuntimeMethodInfo.InternalInvoke(System.Reflection.RuntimeMethodInfo,object,object[],System.Exception&)
  at System.Reflection.RuntimeMethodInfo.Invoke (System.Object obj, System.Reflection.BindingFlags invokeAttr, System.Reflection.Binder binder, System.Object[] parameters, System.Globalization.CultureInfo culture) [0x0006a] in <191a1970a53948f9819ac1d2e4f5c72e>:0 
   --- End of inner exception stack trace ---
  at System.Reflection.RuntimeMethodInfo.Invoke (System.Object obj, System.Reflection.BindingFlags invokeAttr, System.Reflection.Binder binder, System.Object[] parameters, System.Globalization.CultureInfo culture) [0x00083] in <191a1970a53948f9819ac1d2e4f5c72e>:0 
  at System.Reflection.MethodBase.Invoke (System.Object obj, System.Object[] parameters) [0x00000] in <191a1970a53948f9819ac1d2e4f5c72e>:0 
  at UnityEditor.EditorAssemblies.ProcessInitializeOnLoadMethodAttributes () [0x00056] in <2f9d421960d84dffaa88793de0f4b5f3>:0 
UnityEngine.Debug:ExtractStackTraceNoAlloc (byte*,int,string)
UnityEngine.StackTraceUtility:ExtractStackTrace ()
UnityEngine.DebugLogHandler:Internal_Log (UnityEngine.LogType,UnityEngine.LogOption,string,UnityEngine.Object)
UnityEngine.DebugLogHandler:LogFormat (UnityEngine.LogType,UnityEngine.Object,string,object[])
UnityEngine.Logger:Log (UnityEngine.LogType,object)
UnityEngine.Debug:LogError (object)
UnityEditor.EditorAssemblies:ProcessInitializeOnLoadMethodAttributes ()

Mono: successfully reloaded assembly
[Package Manager] Failed to launch server process. Reason: Unity was launched with the -noUpm command-line argument
[Package Manager] Unable to send message (not connected to server process).
[Package Manager] Cannot connect to Unity Package Manager local server
- Finished resetting the current domain, in  1.462 seconds
Domain Reload Profiling: 2659ms
	BeginReloadAssembly (279ms)
		ExecutionOrderSort (0ms)
		DisableScriptedObjects (7ms)
		BackupInstance (0ms)
		ReleaseScriptingObjects (0ms)
		CreateAndSetChildDomain (70ms)
	RebuildCommonClasses (42ms)
	RebuildNativeTypeToScriptingClass (15ms)
	initialDomainReloadingComplete (41ms)
	LoadAllAssembliesAndSetupDomain (819ms)
		LoadAssemblies (657ms)
		RebuildTransferFunctionScriptingTraits (0ms)
		AnalyzeDomain (294ms)
			TypeCache.Refresh (8ms)
				TypeCache.ScanAssembly (0ms)
			BuildScriptInfoCaches (259ms)
			ResolveRequiredComponents (22ms)
	FinalizeReload (1463ms)
		ReleaseScriptCaches (0ms)
		RebuildScriptCaches (0ms)
		SetupLoadedEditorAssemblies (1191ms)
			LogAssemblyErrors (0ms)
			InitializePlatformSupportModulesInManaged (15ms)
			SetLoadedEditorAssemblies (7ms)
			BeforeProcessingInitializeOnLoad (264ms)
			ProcessInitializeOnLoadAttributes (688ms)
			ProcessInitializeOnLoadMethodAttributes (200ms)
			AfterProcessingInitializeOnLoad (15ms)
			EditorAssembliesLoaded (1ms)
		ExecutionOrderSort2 (0ms)
		AwakeInstancesAfterBackupRestoration (19ms)
Shader 'Oculus/OVRMRCameraFrameLit': fallback shader 'Alpha-Diffuse' not found
Refreshing native plugins compatible for Editor in 37.90 ms, found 14 plugins.
Preloading 0 native plugins for Editor in 0.00 ms.
Unloading 53 Unused Serialized files (Serialized files now loaded: 0)
Unloading 8973 unused Assets / (10.5 MB). Loaded Objects now: 10027.
Memory consumption went from 264.3 MB to 253.8 MB.
Total: 32.632000 ms (FindLiveObjects: 1.943500 ms CreateObjectMapping: 2.908200 ms MarkObjects: 16.440200 ms  DeleteObjects: 11.338000 ms)

Prepare: number of updated asset objects reloaded= 0
========================================================================
Received Import Request.
  Time since last request: 1396.134020 seconds.
  path: Assets/Samples/Meta XR Core SDK/74.0.0/Mixed Reality Sample/Scripts/CustomSceneManager/PrefabSceneManager.cs
  artifactKey: Guid(f5d0a6eb3cf408a4dbab4ae40f82517c) Importer(815301076,1909f56bfc062723c751e8b465ee728b)
Start importing Assets/Samples/Meta XR Core SDK/74.0.0/Mixed Reality Sample/Scripts/CustomSceneManager/PrefabSceneManager.cs using Guid(f5d0a6eb3cf408a4dbab4ae40f82517c) Importer(815301076,1909f56bfc062723c751e8b465ee728b) (PreviewImporter) -> (artifact id: 'e7fcb9125c3e30be3f67bf710f0c0213') in 0.0245439 seconds
Number of updated asset objects reloaded before import = 0Number of asset objects unloaded after import = 0

========================================================================
Received Prepare
Begin MonoManager ReloadAssembly
- Loaded All Assemblies, in  1.317 seconds
Script 'CharacterController' has the same name as built-in Unity component.
AddComponent and GetComponent will not work with this script.
'Packages/com.unity.xr.openxr/Runtime/OpenXRLoader.cs' contains partial class of Unity.Object, exactly 1 of the partial classes needs to be in a file with the same filename. This is to know the one that can be referenced from ie. GameObjects
'Packages/com.meta.xr.sdk.core/Editor/BuildingBlocks/BlocksWindow.cs' contains partial class of Unity.Object, exactly 1 of the partial classes needs to be in a file with the same filename. This is to know the one that can be referenced from ie. GameObjects
'Packages/com.unity.xr.openxr/Runtime/OpenXRLoaderInternal.cs' contains partial class of Unity.Object, exactly 1 of the partial classes needs to be in a file with the same filename. This is to know the one that can be referenced from ie. GameObjects
'Packages/com.meta.xr.sdk.core/Editor/BuildingBlocks/BlocksWindowDetailsExtension.cs' contains partial class of Unity.Object, exactly 1 of the partial classes needs to be in a file with the same filename. This is to know the one that can be referenced from ie. GameObjects
'Packages/com.meta.xr.sdk.core/Editor/BuildingBlocks/BlocksWindowCollectionsPageExtension.cs' contains partial class of Unity.Object, exactly 1 of the partial classes needs to be in a file with the same filename. This is to know the one that can be referenced from ie. GameObjects
Refreshing native plugins compatible for Editor in 22.13 ms, found 14 plugins.
Assertion failed on expression: 'pred(*previous, *i)'
Assertion failed on expression: 'pred(*previous, *i)'
Assertion failed on expression: 'pred(*previous, *i)'
Assertion failed on expression: 'pred(*previous, *i)'
Assertion failed on expression: 'pred(*previous, *i)'
Assertion failed on expression: 'pred(*previous, *i)'
Assertion failed on expression: 'pred(*previous, *i)'
Native extension for Android target not found
Native extension for UWP target not found
Native extension for WindowsStandalone target not found
[Package Manager] Failed to launch server process. Reason: Unity was launched with the -noUpm command-line argument
[Package Manager] Unable to send message (not connected to server process).
[Package Manager] Cannot connect to Unity Package Manager local server
[Package Manager] Failed to launch server process. Reason: Unity was launched with the -noUpm command-line argument
[Package Manager] Unable to send message (not connected to server process).
[Package Manager] Cannot connect to Unity Package Manager local server
Refreshing native plugins compatible for Editor in 26.38 ms, found 14 plugins.
[Package Manager] Failed to launch server process. Reason: Unity was launched with the -noUpm command-line argument
[Package Manager] Unable to send message (not connected to server process).
[Package Manager] Cannot connect to Unity Package Manager local server
System.Reflection.TargetInvocationException: Exception has been thrown by the target of an invocation. ---> System.TypeInitializationException: The type initializer for 'UnityEditor.XR.Interaction.Toolkit.Samples.SpatialKeyboard.Editor.SpatialKeyboardSampleProjectValidation' threw an exception. ---> System.NullReferenceException: Object reference not set to an instance of an object
  at Unity.XR.CoreUtils.Editor.PackageVersionUtility.UpdatePackageVersions () [0x00034] in .\Library\PackageCache\com.unity.xr.core-utils@c0df0dd5bced\Editor\ProjectValidation\PackageVersionUtility.cs:46 
  at Unity.XR.CoreUtils.Editor.PackageVersionUtility.GetPackageVersion (System.String packageName) [0x00011] in .\Library\PackageCache\com.unity.xr.core-utils@c0df0dd5bced\Editor\ProjectValidation\PackageVersionUtility.cs:67 
  at UnityEditor.XR.Interaction.Toolkit.Samples.SpatialKeyboard.Editor.SpatialKeyboardSampleProjectValidation..cctor () [0x00023] in D:\Carpetas del sistema NO BORRAR\GITHUB DESKTOP REPO\RealidadMixta_Iot_pruebas\Industria_IOT_MR_unity6\Assets\Samples\XR Interaction Toolkit\3.0.8\Spatial Keyboard\Editor\Scripts\SpatialKeyboardSampleProjectValidation.cs:39 
   --- End of inner exception stack trace ---
  at (wrapper managed-to-native) System.Object.__icall_wrapper_mono_gc_wbarrier_generic_nostore_internal(intptr)
  at (wrapper write-barrier) System.Object.wbarrier_conc(intptr)
  at (wrapper managed-to-native) System.Reflection.RuntimeMethodInfo.InternalInvoke(System.Reflection.RuntimeMethodInfo,object,object[],System.Exception&)
  at System.Reflection.RuntimeMethodInfo.Invoke (System.Object obj, System.Reflection.BindingFlags invokeAttr, System.Reflection.Binder binder, System.Object[] parameters, System.Globalization.CultureInfo culture) [0x0006a] in <191a1970a53948f9819ac1d2e4f5c72e>:0 
   --- End of inner exception stack trace ---
  at System.Reflection.RuntimeMethodInfo.Invoke (System.Object obj, System.Reflection.BindingFlags invokeAttr, System.Reflection.Binder binder, System.Object[] parameters, System.Globalization.CultureInfo culture) [0x00083] in <191a1970a53948f9819ac1d2e4f5c72e>:0 
  at System.Reflection.MethodBase.Invoke (System.Object obj, System.Object[] parameters) [0x00000] in <191a1970a53948f9819ac1d2e4f5c72e>:0 
  at UnityEditor.EditorAssemblies.ProcessInitializeOnLoadMethodAttributes () [0x00056] in <2f9d421960d84dffaa88793de0f4b5f3>:0 
UnityEngine.Debug:ExtractStackTraceNoAlloc (byte*,int,string)
UnityEngine.StackTraceUtility:ExtractStackTrace ()
UnityEngine.DebugLogHandler:Internal_Log (UnityEngine.LogType,UnityEngine.LogOption,string,UnityEngine.Object)
UnityEngine.DebugLogHandler:LogFormat (UnityEngine.LogType,UnityEngine.Object,string,object[])
UnityEngine.Logger:Log (UnityEngine.LogType,object)
UnityEngine.Debug:LogError (object)
UnityEditor.EditorAssemblies:ProcessInitializeOnLoadMethodAttributes ()

Mono: successfully reloaded assembly
[Package Manager] Failed to launch server process. Reason: Unity was launched with the -noUpm command-line argument
[Package Manager] Unable to send message (not connected to server process).
[Package Manager] Cannot connect to Unity Package Manager local server
- Finished resetting the current domain, in  1.561 seconds
Domain Reload Profiling: 2861ms
	BeginReloadAssembly (344ms)
		ExecutionOrderSort (0ms)
		DisableScriptedObjects (9ms)
		BackupInstance (0ms)
		ReleaseScriptingObjects (0ms)
		CreateAndSetChildDomain (121ms)
	RebuildCommonClasses (40ms)
	RebuildNativeTypeToScriptingClass (13ms)
	initialDomainReloadingComplete (44ms)
	LoadAllAssembliesAndSetupDomain (858ms)
		LoadAssemblies (652ms)
		RebuildTransferFunctionScriptingTraits (0ms)
		AnalyzeDomain (340ms)
			TypeCache.Refresh (10ms)
				TypeCache.ScanAssembly (0ms)
			BuildScriptInfoCaches (287ms)
			ResolveRequiredComponents (36ms)
	FinalizeReload (1561ms)
		ReleaseScriptCaches (0ms)
		RebuildScriptCaches (0ms)
		SetupLoadedEditorAssemblies (1239ms)
			LogAssemblyErrors (0ms)
			InitializePlatformSupportModulesInManaged (18ms)
			SetLoadedEditorAssemblies (8ms)
			BeforeProcessingInitializeOnLoad (283ms)
			ProcessInitializeOnLoadAttributes (715ms)
			ProcessInitializeOnLoadMethodAttributes (197ms)
			AfterProcessingInitializeOnLoad (18ms)
			EditorAssembliesLoaded (1ms)
		ExecutionOrderSort2 (0ms)
		AwakeInstancesAfterBackupRestoration (20ms)
Shader 'Oculus/OVRMRCameraFrameLit': fallback shader 'Alpha-Diffuse' not found
Refreshing native plugins compatible for Editor in 38.08 ms, found 14 plugins.
Preloading 0 native plugins for Editor in 0.00 ms.
Unloading 53 Unused Serialized files (Serialized files now loaded: 0)
Unloading 8973 unused Assets / (8.8 MB). Loaded Objects now: 10030.
Memory consumption went from 264.4 MB to 255.5 MB.
Total: 32.716000 ms (FindLiveObjects: 2.141700 ms CreateObjectMapping: 2.218800 ms MarkObjects: 18.505000 ms  DeleteObjects: 9.848700 ms)

Prepare: number of updated asset objects reloaded= 0
========================================================================
Received Import Request.
  Time since last request: 1989.363683 seconds.
  path: Assets/Samples/XR Interaction Toolkit/3.0.8/XR Device Simulator/UI/General/btn_bgbottom.png
  artifactKey: Guid(89cb99e3e22696848a1cbce7b320f520) Importer(815301076,1909f56bfc062723c751e8b465ee728b)
Start importing Assets/Samples/XR Interaction Toolkit/3.0.8/XR Device Simulator/UI/General/btn_bgbottom.png using Guid(89cb99e3e22696848a1cbce7b320f520) Importer(815301076,1909f56bfc062723c751e8b465ee728b) (PreviewImporter) -> (artifact id: '308e5360dfe103d4a2ad744c07ce7056') in 0.1111472 seconds
Number of updated asset objects reloaded before import = 0Number of asset objects unloaded after import = 3

========================================================================
Received Import Request.
  Time since last request: 0.000028 seconds.
  path: Assets/Samples/XR Interaction Toolkit/3.0.8/XR Device Simulator/UI/ControllerDevice/ControllerRight.png
  artifactKey: Guid(17c263f6077f14b218b13656aacd9551) Importer(815301076,1909f56bfc062723c751e8b465ee728b)
Start importing Assets/Samples/XR Interaction Toolkit/3.0.8/XR Device Simulator/UI/ControllerDevice/ControllerRight.png using Guid(17c263f6077f14b218b13656aacd9551) Importer(815301076,1909f56bfc062723c751e8b465ee728b) (PreviewImporter) -> (artifact id: '3f617711522e80aac84dc3e155161b7d') in 0.0188975 seconds
Number of updated asset objects reloaded before import = 0Number of asset objects unloaded after import = 3

========================================================================
Received Import Request.
  Time since last request: 0.000030 seconds.
  path: Assets/Samples/XR Interaction Toolkit/3.0.8/XR Device Simulator/UI/Mouse/Cursor.png
  artifactKey: Guid(9e4e923f2e0534a56b6a0c2321388194) Importer(815301076,1909f56bfc062723c751e8b465ee728b)
Start importing Assets/Samples/XR Interaction Toolkit/3.0.8/XR Device Simulator/UI/Mouse/Cursor.png using Guid(9e4e923f2e0534a56b6a0c2321388194) Importer(815301076,1909f56bfc062723c751e8b465ee728b) (PreviewImporter) -> (artifact id: 'e58654fb4c989eb359d5e1aea1377c1c') in 0.0175597 seconds
Number of updated asset objects reloaded before import = 0Number of asset objects unloaded after import = 3

========================================================================
Received Import Request.
  Time since last request: 0.000020 seconds.
  path: Assets/Samples/XR Interaction Toolkit/3.0.8/XR Device Simulator/UI/General/KeyboardIcon.png
  artifactKey: Guid(76dc0abb2ebb44c9a9bd39266f0b3c91) Importer(815301076,1909f56bfc062723c751e8b465ee728b)
Start importing Assets/Samples/XR Interaction Toolkit/3.0.8/XR Device Simulator/UI/General/KeyboardIcon.png using Guid(76dc0abb2ebb44c9a9bd39266f0b3c91) Importer(815301076,1909f56bfc062723c751e8b465ee728b) (PreviewImporter) -> (artifact id: '6813c1d50a17cf958d2b812e5a6f9852') in 0.0163116 seconds
Number of updated asset objects reloaded before import = 0Number of asset objects unloaded after import = 3

========================================================================
Received Import Request.
  Time since last request: 0.000023 seconds.
  path: Assets/Samples/XR Interaction Toolkit/3.0.8/Spatial Keyboard/Sprites/Circle 64x64 Outline Horizontal.png
  artifactKey: Guid(b5ef5a94299045b4988c14406eb10d19) Importer(815301076,1909f56bfc062723c751e8b465ee728b)
Start importing Assets/Samples/XR Interaction Toolkit/3.0.8/Spatial Keyboard/Sprites/Circle 64x64 Outline Horizontal.png using Guid(b5ef5a94299045b4988c14406eb10d19) Importer(815301076,1909f56bfc062723c751e8b465ee728b) (PreviewImporter) -> (artifact id: 'ef7369722b3cba1b891f046a4795bb67') in 0.0156626 seconds
Number of updated asset objects reloaded before import = 0Number of asset objects unloaded after import = 3

========================================================================
Received Import Request.
  Time since last request: 0.000022 seconds.
  path: Assets/Samples/XR Interaction Toolkit/3.0.8/XR Device Simulator/UI/Mouse/MouseR_d.png
  artifactKey: Guid(308cc8b73722e43eab64c228a76560a6) Importer(815301076,1909f56bfc062723c751e8b465ee728b)
Start importing Assets/Samples/XR Interaction Toolkit/3.0.8/XR Device Simulator/UI/Mouse/MouseR_d.png using Guid(308cc8b73722e43eab64c228a76560a6) Importer(815301076,1909f56bfc062723c751e8b465ee728b) (PreviewImporter) -> (artifact id: 'f337b9df07e3c0efe1a4e9d3c14edfd3') in 0.0139001 seconds
Number of updated asset objects reloaded before import = 0Number of asset objects unloaded after import = 3

========================================================================
Received Import Request.
  Time since last request: 0.000036 seconds.
  path: Assets/Samples/XR Interaction Toolkit/3.0.8/XR Device Simulator/UI/HeadDevice/MoveRotateTool.png
  artifactKey: Guid(139237a044d8e4255b40bb472c842087) Importer(815301076,1909f56bfc062723c751e8b465ee728b)
Start importing Assets/Samples/XR Interaction Toolkit/3.0.8/XR Device Simulator/UI/HeadDevice/MoveRotateTool.png using Guid(139237a044d8e4255b40bb472c842087) Importer(815301076,1909f56bfc062723c751e8b465ee728b) (PreviewImporter) -> (artifact id: 'eea64e5e991bf28f27d4ab8009155994') in 0.0174328 seconds
Number of updated asset objects reloaded before import = 0Number of asset objects unloaded after import = 3

========================================================================
Received Import Request.
  Time since last request: 0.000021 seconds.
  path: Assets/Samples/XR Interaction Toolkit/3.0.8/AR Starter Assets/ARDemoSceneAssets/Sprites/Icon - Object - Pyramid.png
  artifactKey: Guid(d80cabb7f46004842b09173491e74cc6) Importer(815301076,1909f56bfc062723c751e8b465ee728b)
Start importing Assets/Samples/XR Interaction Toolkit/3.0.8/AR Starter Assets/ARDemoSceneAssets/Sprites/Icon - Object - Pyramid.png using Guid(d80cabb7f46004842b09173491e74cc6) Importer(815301076,1909f56bfc062723c751e8b465ee728b) (PreviewImporter) -> (artifact id: 'f64dc19861889291307384a797a61905') in 0.0142635 seconds
Number of updated asset objects reloaded before import = 0Number of asset objects unloaded after import = 3

========================================================================
Received Import Request.
  Time since last request: 0.000016 seconds.
  path: Assets/Samples/XR Interaction Toolkit/3.0.8/Starter Assets/DemoSceneAssets/Sprites/Round Radius 4 Outline.png
  artifactKey: Guid(b7bad1260586fa746a0b67e930892936) Importer(815301076,1909f56bfc062723c751e8b465ee728b)
Start importing Assets/Samples/XR Interaction Toolkit/3.0.8/Starter Assets/DemoSceneAssets/Sprites/Round Radius 4 Outline.png using Guid(b7bad1260586fa746a0b67e930892936) Importer(815301076,1909f56bfc062723c751e8b465ee728b) (PreviewImporter) -> (artifact id: '78359dd3ba0254fbb0b89ea77d5e1b27') in 0.0129151 seconds
Number of updated asset objects reloaded before import = 0Number of asset objects unloaded after import = 3

========================================================================
Received Import Request.
  Time since last request: 0.000063 seconds.
  path: Assets/Samples/XR Interaction Toolkit/3.0.8/XR Device Simulator/UI/HeadDevice/Movement.png
  artifactKey: Guid(1d56a2d39cfbb49149abbf0076259327) Importer(815301076,1909f56bfc062723c751e8b465ee728b)
Start importing Assets/Samples/XR Interaction Toolkit/3.0.8/XR Device Simulator/UI/HeadDevice/Movement.png using Guid(1d56a2d39cfbb49149abbf0076259327) Importer(815301076,1909f56bfc062723c751e8b465ee728b) (PreviewImporter) -> (artifact id: 'cc317834b2d245e907965512832c1446') in 0.016069 seconds
Number of updated asset objects reloaded before import = 0Number of asset objects unloaded after import = 3

========================================================================
Received Import Request.
  Time since last request: 0.000031 seconds.
  path: Assets/Samples/XR Interaction Toolkit/3.0.8/XR Device Simulator/UI/General/Locked.png
  artifactKey: Guid(3aad042fcb57b4bed9d9a46b932df060) Importer(815301076,1909f56bfc062723c751e8b465ee728b)
Start importing Assets/Samples/XR Interaction Toolkit/3.0.8/XR Device Simulator/UI/General/Locked.png using Guid(3aad042fcb57b4bed9d9a46b932df060) Importer(815301076,1909f56bfc062723c751e8b465ee728b) (PreviewImporter) -> (artifact id: '69cd60a3dd53f4fc49fc0263bdeaa585') in 0.0178979 seconds
Number of updated asset objects reloaded before import = 0Number of asset objects unloaded after import = 3

========================================================================
Received Import Request.
  Time since last request: 0.000027 seconds.
  path: Assets/Samples/XR Interaction Toolkit/3.0.8/XR Device Simulator/UI/General/DeviceSimUI_bg.png
  artifactKey: Guid(d7348fb3f11ba4f6f933462328963785) Importer(815301076,1909f56bfc062723c751e8b465ee728b)
Start importing Assets/Samples/XR Interaction Toolkit/3.0.8/XR Device Simulator/UI/General/DeviceSimUI_bg.png using Guid(d7348fb3f11ba4f6f933462328963785) Importer(815301076,1909f56bfc062723c751e8b465ee728b) (PreviewImporter) -> (artifact id: '6987332bfa92ad986d016fee0ca8c8da') in 0.0140006 seconds
Number of updated asset objects reloaded before import = 0Number of asset objects unloaded after import = 3

========================================================================
Received Import Request.
  Time since last request: 0.000024 seconds.
  path: Assets/Samples/XR Interaction Toolkit/3.0.8/AR Starter Assets/ARDemoSceneAssets/Sprites/Icon - Object - Cylinder.png
  artifactKey: Guid(1c72e2211b1ba47d7baf8d6ee5a5daf5) Importer(815301076,1909f56bfc062723c751e8b465ee728b)
Start importing Assets/Samples/XR Interaction Toolkit/3.0.8/AR Starter Assets/ARDemoSceneAssets/Sprites/Icon - Object - Cylinder.png using Guid(1c72e2211b1ba47d7baf8d6ee5a5daf5) Importer(815301076,1909f56bfc062723c751e8b465ee728b) (PreviewImporter) -> (artifact id: '09e15e08a2081c7344827a0a7836a276') in 0.0186078 seconds
Number of updated asset objects reloaded before import = 0Number of asset objects unloaded after import = 3

========================================================================
Received Import Request.
  Time since last request: 0.000022 seconds.
  path: Assets/Samples/XR Interaction Toolkit/3.0.8/AR Starter Assets/ARDemoSceneAssets/Sprites/Icon - Create.png
  artifactKey: Guid(7ec65d81ee53b4a76babde6fa254b6e1) Importer(815301076,1909f56bfc062723c751e8b465ee728b)
Start importing Assets/Samples/XR Interaction Toolkit/3.0.8/AR Starter Assets/ARDemoSceneAssets/Sprites/Icon - Create.png using Guid(7ec65d81ee53b4a76babde6fa254b6e1) Importer(815301076,1909f56bfc062723c751e8b465ee728b) (PreviewImporter) -> (artifact id: '062d6a3fb91485433e3f1d2e796ec238') in 0.0127742 seconds
Number of updated asset objects reloaded before import = 0Number of asset objects unloaded after import = 3

========================================================================
Received Import Request.
  Time since last request: 0.000029 seconds.
  path: Assets/Samples/XR Interaction Toolkit/3.0.8/XR Device Simulator/UI/ControllerDevice/ControllerOverlayLinesLeft.png
  artifactKey: Guid(cd4fe4c19a40743a6896069a50a394ec) Importer(815301076,1909f56bfc062723c751e8b465ee728b)
Start importing Assets/Samples/XR Interaction Toolkit/3.0.8/XR Device Simulator/UI/ControllerDevice/ControllerOverlayLinesLeft.png using Guid(cd4fe4c19a40743a6896069a50a394ec) Importer(815301076,1909f56bfc062723c751e8b465ee728b) (PreviewImporter) -> (artifact id: '053c6f3cc8823af675570f07be428b5f') in 0.0166597 seconds
Number of updated asset objects reloaded before import = 0Number of asset objects unloaded after import = 3

========================================================================
Received Import Request.
  Time since last request: 0.000017 seconds.
  path: Assets/Samples/XR Interaction Toolkit/3.0.8/XR Device Simulator/UI/HeadDevice/HMD_d.png
  artifactKey: Guid(177f60e6b21ff774093004ca330b2241) Importer(815301076,1909f56bfc062723c751e8b465ee728b)
Start importing Assets/Samples/XR Interaction Toolkit/3.0.8/XR Device Simulator/UI/HeadDevice/HMD_d.png using Guid(177f60e6b21ff774093004ca330b2241) Importer(815301076,1909f56bfc062723c751e8b465ee728b) (PreviewImporter) -> (artifact id: 'cfd9c2d46f0a54c8512969ebf4fe440f') in 0.0164565 seconds
Number of updated asset objects reloaded before import = 0Number of asset objects unloaded after import = 3

========================================================================
Received Import Request.
  Time since last request: 0.000021 seconds.
  path: Assets/Samples/XR Interaction Toolkit/3.0.8/XR Device Simulator/UI/HeadDevice/HMD.png
  artifactKey: Guid(4eb43321e418951499417cda6141b31a) Importer(815301076,1909f56bfc062723c751e8b465ee728b)
Start importing Assets/Samples/XR Interaction Toolkit/3.0.8/XR Device Simulator/UI/HeadDevice/HMD.png using Guid(4eb43321e418951499417cda6141b31a) Importer(815301076,1909f56bfc062723c751e8b465ee728b) (PreviewImporter) -> (artifact id: 'c498f25c686c43b1da744410e9c54ebd') in 0.0150533 seconds
Number of updated asset objects reloaded before import = 0Number of asset objects unloaded after import = 3

========================================================================
Received Import Request.
  Time since last request: 0.000023 seconds.
  path: Assets/Samples/XR Interaction Toolkit/3.0.8/XR Device Simulator/UI/General/Unlocked.png
  artifactKey: Guid(f01f3bb228b3b4251a04e2036212d115) Importer(815301076,1909f56bfc062723c751e8b465ee728b)
Start importing Assets/Samples/XR Interaction Toolkit/3.0.8/XR Device Simulator/UI/General/Unlocked.png using Guid(f01f3bb228b3b4251a04e2036212d115) Importer(815301076,1909f56bfc062723c751e8b465ee728b) (PreviewImporter) -> (artifact id: '653b032e71f69d7322843ccca81ef9cd') in 0.0185637 seconds
Number of updated asset objects reloaded before import = 0Number of asset objects unloaded after import = 3

========================================================================
Received Import Request.
  Time since last request: 0.000031 seconds.
  path: Assets/Samples/XR Interaction Toolkit/3.0.8/AR Starter Assets/ARDemoSceneAssets/Sprites/Icon - Object - Wedge.png
  artifactKey: Guid(27d12ab07620b42e1b6f840310624d58) Importer(815301076,1909f56bfc062723c751e8b465ee728b)
Start importing Assets/Samples/XR Interaction Toolkit/3.0.8/AR Starter Assets/ARDemoSceneAssets/Sprites/Icon - Object - Wedge.png using Guid(27d12ab07620b42e1b6f840310624d58) Importer(815301076,1909f56bfc062723c751e8b465ee728b) (PreviewImporter) -> (artifact id: '7f9a87e8e6439126c3800341d8520258') in 0.0170228 seconds
Number of updated asset objects reloaded before import = 0Number of asset objects unloaded after import = 3

========================================================================
Received Import Request.
  Time since last request: 0.000072 seconds.
  path: Assets/Samples/XR Interaction Toolkit/3.0.8/XR Device Simulator/UI/Hands/Hand_Thumb.png
  artifactKey: Guid(3b2e62babc5249f42921c2cd027852cd) Importer(815301076,1909f56bfc062723c751e8b465ee728b)
Start importing Assets/Samples/XR Interaction Toolkit/3.0.8/XR Device Simulator/UI/Hands/Hand_Thumb.png using Guid(3b2e62babc5249f42921c2cd027852cd) Importer(815301076,1909f56bfc062723c751e8b465ee728b) (PreviewImporter) -> (artifact id: '94601263ef8e507b8e7f94384a8d2d4f') in 0.0206617 seconds
Number of updated asset objects reloaded before import = 0Number of asset objects unloaded after import = 3

========================================================================
Received Import Request.
  Time since last request: 0.000015 seconds.
  path: Assets/Samples/XR Interaction Toolkit/3.0.8/XR Device Simulator/UI/Hands/Hand_Grab.png
  artifactKey: Guid(bd6b9153aa3b96f49b238bbf6ae68b80) Importer(815301076,1909f56bfc062723c751e8b465ee728b)
Start importing Assets/Samples/XR Interaction Toolkit/3.0.8/XR Device Simulator/UI/Hands/Hand_Grab.png using Guid(bd6b9153aa3b96f49b238bbf6ae68b80) Importer(815301076,1909f56bfc062723c751e8b465ee728b) (PreviewImporter) -> (artifact id: '225697ea55adcc3b7da4b47c8044ebd6') in 0.0155554 seconds
Number of updated asset objects reloaded before import = 0Number of asset objects unloaded after import = 3

========================================================================
Received Import Request.
  Time since last request: 0.000019 seconds.
  path: Assets/Samples/XR Interaction Toolkit/3.0.8/XR Device Simulator/UI/General/Look.png
  artifactKey: Guid(5410adf0b914f49438506b7dd0022773) Importer(815301076,1909f56bfc062723c751e8b465ee728b)
Start importing Assets/Samples/XR Interaction Toolkit/3.0.8/XR Device Simulator/UI/General/Look.png using Guid(5410adf0b914f49438506b7dd0022773) Importer(815301076,1909f56bfc062723c751e8b465ee728b) (PreviewImporter) -> (artifact id: '9075a477d0f3c24c137f1ef2294e5fd8') in 0.0180388 seconds
Number of updated asset objects reloaded before import = 0Number of asset objects unloaded after import = 3

========================================================================
Received Import Request.
  Time since last request: 0.000030 seconds.
  path: Assets/Samples/XR Interaction Toolkit/3.0.8/AR Starter Assets/ARDemoSceneAssets/Sprites/Button - Rounded Square BG.png
  artifactKey: Guid(46da8634de2114354be217373280f00a) Importer(815301076,1909f56bfc062723c751e8b465ee728b)
Start importing Assets/Samples/XR Interaction Toolkit/3.0.8/AR Starter Assets/ARDemoSceneAssets/Sprites/Button - Rounded Square BG.png using Guid(46da8634de2114354be217373280f00a) Importer(815301076,1909f56bfc062723c751e8b465ee728b) (PreviewImporter) -> (artifact id: '6cbd7d7453fac4340914dd8bff26f7db') in 0.0144525 seconds
Number of updated asset objects reloaded before import = 0Number of asset objects unloaded after import = 3

========================================================================
Received Import Request.
  Time since last request: 0.000022 seconds.
  path: Assets/Samples/XR Interaction Toolkit/3.0.8/Spatial Keyboard/Sprites/Round Radius Outline 42.png
  artifactKey: Guid(f1c36b648369dc54cb1559836278a461) Importer(815301076,1909f56bfc062723c751e8b465ee728b)
Start importing Assets/Samples/XR Interaction Toolkit/3.0.8/Spatial Keyboard/Sprites/Round Radius Outline 42.png using Guid(f1c36b648369dc54cb1559836278a461) Importer(815301076,1909f56bfc062723c751e8b465ee728b) (PreviewImporter) -> (artifact id: 'b62a5580650e8d3f40db7191baffe134') in 0.0161242 seconds
Number of updated asset objects reloaded before import = 0Number of asset objects unloaded after import = 3

========================================================================
Received Import Request.
  Time since last request: 0.000022 seconds.
  path: Assets/Samples/XR Interaction Toolkit/3.0.8/Starter Assets/DemoSceneAssets/Sprites/LegibilityMask.png
  artifactKey: Guid(a85d80c1edb5d2f458d42e79f78055b9) Importer(815301076,1909f56bfc062723c751e8b465ee728b)
Start importing Assets/Samples/XR Interaction Toolkit/3.0.8/Starter Assets/DemoSceneAssets/Sprites/LegibilityMask.png using Guid(a85d80c1edb5d2f458d42e79f78055b9) Importer(815301076,1909f56bfc062723c751e8b465ee728b) (PreviewImporter) -> (artifact id: '5cb799041f2da42788d51fa8a6cd0696') in 0.0381268 seconds
Number of updated asset objects reloaded before import = 0Number of asset objects unloaded after import = 3

========================================================================
Received Import Request.
  Time since last request: 0.000023 seconds.
  path: Assets/Samples/XR Interaction Toolkit/3.0.8/XR Device Simulator/UI/Hands/Hand_Open.png
  artifactKey: Guid(ceccab26080354140af21950c6d338d5) Importer(815301076,1909f56bfc062723c751e8b465ee728b)
Start importing Assets/Samples/XR Interaction Toolkit/3.0.8/XR Device Simulator/UI/Hands/Hand_Open.png using Guid(ceccab26080354140af21950c6d338d5) Importer(815301076,1909f56bfc062723c751e8b465ee728b) (PreviewImporter) -> (artifact id: 'a08fb1751aa54abcf32ed06e2400f389') in 0.0147351 seconds
Number of updated asset objects reloaded before import = 0Number of asset objects unloaded after import = 3

========================================================================
Received Import Request.
  Time since last request: 0.000042 seconds.
  path: Assets/Samples/XR Interaction Toolkit/3.0.8/XR Device Simulator/UI/ControllerDevice/xr_ctlr.png
  artifactKey: Guid(7d7a2f6c5e996e24388af5a8227afdcf) Importer(815301076,1909f56bfc062723c751e8b465ee728b)
Start importing Assets/Samples/XR Interaction Toolkit/3.0.8/XR Device Simulator/UI/ControllerDevice/xr_ctlr.png using Guid(7d7a2f6c5e996e24388af5a8227afdcf) Importer(815301076,1909f56bfc062723c751e8b465ee728b) (PreviewImporter) -> (artifact id: '67c338cafe8bb5d83e1f35f254a0caea') in 0.01653 seconds
Number of updated asset objects reloaded before import = 0Number of asset objects unloaded after import = 3

========================================================================
Received Import Request.
  Time since last request: 0.000024 seconds.
  path: Assets/Samples/XR Interaction Toolkit/3.0.8/XR Device Simulator/UI/Mouse/MouseR.png
  artifactKey: Guid(14e910c1fb9c7514a8106ffd25f1d892) Importer(815301076,1909f56bfc062723c751e8b465ee728b)
Start importing Assets/Samples/XR Interaction Toolkit/3.0.8/XR Device Simulator/UI/Mouse/MouseR.png using Guid(14e910c1fb9c7514a8106ffd25f1d892) Importer(815301076,1909f56bfc062723c751e8b465ee728b) (PreviewImporter) -> (artifact id: '8e5a9ab2ee09264dc5cd5fb0e7ec6177') in 0.0156146 seconds
Number of updated asset objects reloaded before import = 0Number of asset objects unloaded after import = 3

========================================================================
Received Prepare
Begin MonoManager ReloadAssembly
- Loaded All Assemblies, in  1.437 seconds
Script 'CharacterController' has the same name as built-in Unity component.
AddComponent and GetComponent will not work with this script.
'Packages/com.unity.xr.openxr/Runtime/OpenXRLoader.cs' contains partial class of Unity.Object, exactly 1 of the partial classes needs to be in a file with the same filename. This is to know the one that can be referenced from ie. GameObjects
'Packages/com.meta.xr.sdk.core/Editor/BuildingBlocks/BlocksWindow.cs' contains partial class of Unity.Object, exactly 1 of the partial classes needs to be in a file with the same filename. This is to know the one that can be referenced from ie. GameObjects
'Packages/com.unity.xr.openxr/Runtime/OpenXRLoaderInternal.cs' contains partial class of Unity.Object, exactly 1 of the partial classes needs to be in a file with the same filename. This is to know the one that can be referenced from ie. GameObjects
'Packages/com.meta.xr.sdk.core/Editor/BuildingBlocks/BlocksWindowDetailsExtension.cs' contains partial class of Unity.Object, exactly 1 of the partial classes needs to be in a file with the same filename. This is to know the one that can be referenced from ie. GameObjects
'Packages/com.meta.xr.sdk.core/Editor/BuildingBlocks/BlocksWindowCollectionsPageExtension.cs' contains partial class of Unity.Object, exactly 1 of the partial classes needs to be in a file with the same filename. This is to know the one that can be referenced from ie. GameObjects
Refreshing native plugins compatible for Editor in 26.91 ms, found 14 plugins.
Assertion failed on expression: 'pred(*previous, *i)'
Assertion failed on expression: 'pred(*previous, *i)'
Assertion failed on expression: 'pred(*previous, *i)'
Assertion failed on expression: 'pred(*previous, *i)'
Assertion failed on expression: 'pred(*previous, *i)'
Assertion failed on expression: 'pred(*previous, *i)'
Assertion failed on expression: 'pred(*previous, *i)'
Native extension for Android target not found
Native extension for UWP target not found
Native extension for WindowsStandalone target not found
[Package Manager] Failed to launch server process. Reason: Unity was launched with the -noUpm command-line argument
[Package Manager] Unable to send message (not connected to server process).
[Package Manager] Cannot connect to Unity Package Manager local server
[Package Manager] Failed to launch server process. Reason: Unity was launched with the -noUpm command-line argument
[Package Manager] Unable to send message (not connected to server process).
[Package Manager] Cannot connect to Unity Package Manager local server
Refreshing native plugins compatible for Editor in 28.25 ms, found 14 plugins.
[Package Manager] Failed to launch server process. Reason: Unity was launched with the -noUpm command-line argument
[Package Manager] Unable to send message (not connected to server process).
[Package Manager] Cannot connect to Unity Package Manager local server
System.Reflection.TargetInvocationException: Exception has been thrown by the target of an invocation. ---> System.TypeInitializationException: The type initializer for 'UnityEditor.XR.Interaction.Toolkit.Samples.SpatialKeyboard.Editor.SpatialKeyboardSampleProjectValidation' threw an exception. ---> System.NullReferenceException: Object reference not set to an instance of an object
  at Unity.XR.CoreUtils.Editor.PackageVersionUtility.UpdatePackageVersions () [0x00034] in .\Library\PackageCache\com.unity.xr.core-utils@c0df0dd5bced\Editor\ProjectValidation\PackageVersionUtility.cs:46 
  at Unity.XR.CoreUtils.Editor.PackageVersionUtility.GetPackageVersion (System.String packageName) [0x00011] in .\Library\PackageCache\com.unity.xr.core-utils@c0df0dd5bced\Editor\ProjectValidation\PackageVersionUtility.cs:67 
  at UnityEditor.XR.Interaction.Toolkit.Samples.SpatialKeyboard.Editor.SpatialKeyboardSampleProjectValidation..cctor () [0x00023] in D:\Carpetas del sistema NO BORRAR\GITHUB DESKTOP REPO\RealidadMixta_Iot_pruebas\Industria_IOT_MR_unity6\Assets\Samples\XR Interaction Toolkit\3.0.8\Spatial Keyboard\Editor\Scripts\SpatialKeyboardSampleProjectValidation.cs:39 
   --- End of inner exception stack trace ---
  at (wrapper managed-to-native) System.Object.__icall_wrapper_mono_gc_wbarrier_generic_nostore_internal(intptr)
  at (wrapper write-barrier) System.Object.wbarrier_conc(intptr)
  at (wrapper managed-to-native) System.Reflection.RuntimeMethodInfo.InternalInvoke(System.Reflection.RuntimeMethodInfo,object,object[],System.Exception&)
  at System.Reflection.RuntimeMethodInfo.Invoke (System.Object obj, System.Reflection.BindingFlags invokeAttr, System.Reflection.Binder binder, System.Object[] parameters, System.Globalization.CultureInfo culture) [0x0006a] in <191a1970a53948f9819ac1d2e4f5c72e>:0 
   --- End of inner exception stack trace ---
  at System.Reflection.RuntimeMethodInfo.Invoke (System.Object obj, System.Reflection.BindingFlags invokeAttr, System.Reflection.Binder binder, System.Object[] parameters, System.Globalization.CultureInfo culture) [0x00083] in <191a1970a53948f9819ac1d2e4f5c72e>:0 
  at System.Reflection.MethodBase.Invoke (System.Object obj, System.Object[] parameters) [0x00000] in <191a1970a53948f9819ac1d2e4f5c72e>:0 
  at UnityEditor.EditorAssemblies.ProcessInitializeOnLoadMethodAttributes () [0x00056] in <2f9d421960d84dffaa88793de0f4b5f3>:0 
UnityEngine.Debug:ExtractStackTraceNoAlloc (byte*,int,string)
UnityEngine.StackTraceUtility:ExtractStackTrace ()
UnityEngine.DebugLogHandler:Internal_Log (UnityEngine.LogType,UnityEngine.LogOption,string,UnityEngine.Object)
UnityEngine.DebugLogHandler:LogFormat (UnityEngine.LogType,UnityEngine.Object,string,object[])
UnityEngine.Logger:Log (UnityEngine.LogType,object)
UnityEngine.Debug:LogError (object)
UnityEditor.EditorAssemblies:ProcessInitializeOnLoadMethodAttributes ()

Mono: successfully reloaded assembly
[Package Manager] Failed to launch server process. Reason: Unity was launched with the -noUpm command-line argument
[Package Manager] Unable to send message (not connected to server process).
[Package Manager] Cannot connect to Unity Package Manager local server
- Finished resetting the current domain, in  1.678 seconds
Domain Reload Profiling: 3087ms
	BeginReloadAssembly (339ms)
		ExecutionOrderSort (0ms)
		DisableScriptedObjects (7ms)
		BackupInstance (0ms)
		ReleaseScriptingObjects (0ms)
		CreateAndSetChildDomain (86ms)
	RebuildCommonClasses (43ms)
	RebuildNativeTypeToScriptingClass (16ms)
	initialDomainReloadingComplete (49ms)
	LoadAllAssembliesAndSetupDomain (961ms)
		LoadAssemblies (729ms)
		RebuildTransferFunctionScriptingTraits (0ms)
		AnalyzeDomain (396ms)
			TypeCache.Refresh (8ms)
				TypeCache.ScanAssembly (0ms)
			BuildScriptInfoCaches (355ms)
			ResolveRequiredComponents (26ms)
	FinalizeReload (1679ms)
		ReleaseScriptCaches (0ms)
		RebuildScriptCaches (0ms)
		SetupLoadedEditorAssemblies (1374ms)
			LogAssemblyErrors (0ms)
			InitializePlatformSupportModulesInManaged (16ms)
			SetLoadedEditorAssemblies (9ms)
			BeforeProcessingInitializeOnLoad (316ms)
			ProcessInitializeOnLoadAttributes (798ms)
			ProcessInitializeOnLoadMethodAttributes (216ms)
			AfterProcessingInitializeOnLoad (18ms)
			EditorAssembliesLoaded (1ms)
		ExecutionOrderSort2 (0ms)
		AwakeInstancesAfterBackupRestoration (21ms)
Shader 'Oculus/OVRMRCameraFrameLit': fallback shader 'Alpha-Diffuse' not found
Refreshing native plugins compatible for Editor in 47.00 ms, found 14 plugins.
Preloading 0 native plugins for Editor in 0.00 ms.
Unloading 53 Unused Serialized files (Serialized files now loaded: 0)
Unloading 8973 unused Assets / (10.3 MB). Loaded Objects now: 10047.
Memory consumption went from 287.4 MB to 277.1 MB.
Total: 35.246900 ms (FindLiveObjects: 2.006000 ms CreateObjectMapping: 2.969700 ms MarkObjects: 18.431600 ms  DeleteObjects: 11.837700 ms)

Prepare: number of updated asset objects reloaded= 0
========================================================================
Received Prepare
Begin MonoManager ReloadAssembly
- Loaded All Assemblies, in  1.146 seconds
Script 'CharacterController' has the same name as built-in Unity component.
AddComponent and GetComponent will not work with this script.
'Packages/com.unity.xr.openxr/Runtime/OpenXRLoader.cs' contains partial class of Unity.Object, exactly 1 of the partial classes needs to be in a file with the same filename. This is to know the one that can be referenced from ie. GameObjects
'Packages/com.meta.xr.sdk.core/Editor/BuildingBlocks/BlocksWindow.cs' contains partial class of Unity.Object, exactly 1 of the partial classes needs to be in a file with the same filename. This is to know the one that can be referenced from ie. GameObjects
'Packages/com.unity.xr.openxr/Runtime/OpenXRLoaderInternal.cs' contains partial class of Unity.Object, exactly 1 of the partial classes needs to be in a file with the same filename. This is to know the one that can be referenced from ie. GameObjects
'Packages/com.meta.xr.sdk.core/Editor/BuildingBlocks/BlocksWindowDetailsExtension.cs' contains partial class of Unity.Object, exactly 1 of the partial classes needs to be in a file with the same filename. This is to know the one that can be referenced from ie. GameObjects
'Packages/com.meta.xr.sdk.core/Editor/BuildingBlocks/BlocksWindowCollectionsPageExtension.cs' contains partial class of Unity.Object, exactly 1 of the partial classes needs to be in a file with the same filename. This is to know the one that can be referenced from ie. GameObjects
Refreshing native plugins compatible for Editor in 21.45 ms, found 14 plugins.
Assertion failed on expression: 'pred(*previous, *i)'
Assertion failed on expression: 'pred(*previous, *i)'
Assertion failed on expression: 'pred(*previous, *i)'
Assertion failed on expression: 'pred(*previous, *i)'
Assertion failed on expression: 'pred(*previous, *i)'
Assertion failed on expression: 'pred(*previous, *i)'
Assertion failed on expression: 'pred(*previous, *i)'
Native extension for Android target not found
Native extension for UWP target not found
Native extension for WindowsStandalone target not found
[Package Manager] Failed to launch server process. Reason: Unity was launched with the -noUpm command-line argument
[Package Manager] Unable to send message (not connected to server process).
[Package Manager] Cannot connect to Unity Package Manager local server
[Package Manager] Failed to launch server process. Reason: Unity was launched with the -noUpm command-line argument
[Package Manager] Unable to send message (not connected to server process).
[Package Manager] Cannot connect to Unity Package Manager local server
Refreshing native plugins compatible for Editor in 22.01 ms, found 14 plugins.
[Package Manager] Failed to launch server process. Reason: Unity was launched with the -noUpm command-line argument
[Package Manager] Unable to send message (not connected to server process).
[Package Manager] Cannot connect to Unity Package Manager local server
System.Reflection.TargetInvocationException: Exception has been thrown by the target of an invocation. ---> System.TypeInitializationException: The type initializer for 'UnityEditor.XR.Interaction.Toolkit.Samples.SpatialKeyboard.Editor.SpatialKeyboardSampleProjectValidation' threw an exception. ---> System.NullReferenceException: Object reference not set to an instance of an object
  at Unity.XR.CoreUtils.Editor.PackageVersionUtility.UpdatePackageVersions () [0x00034] in .\Library\PackageCache\com.unity.xr.core-utils@c0df0dd5bced\Editor\ProjectValidation\PackageVersionUtility.cs:46 
  at Unity.XR.CoreUtils.Editor.PackageVersionUtility.GetPackageVersion (System.String packageName) [0x00011] in .\Library\PackageCache\com.unity.xr.core-utils@c0df0dd5bced\Editor\ProjectValidation\PackageVersionUtility.cs:67 
  at UnityEditor.XR.Interaction.Toolkit.Samples.SpatialKeyboard.Editor.SpatialKeyboardSampleProjectValidation..cctor () [0x00023] in D:\Carpetas del sistema NO BORRAR\GITHUB DESKTOP REPO\RealidadMixta_Iot_pruebas\Industria_IOT_MR_unity6\Assets\Samples\XR Interaction Toolkit\3.0.8\Spatial Keyboard\Editor\Scripts\SpatialKeyboardSampleProjectValidation.cs:39 
   --- End of inner exception stack trace ---
  at (wrapper managed-to-native) System.Object.__icall_wrapper_mono_gc_wbarrier_generic_nostore_internal(intptr)
  at (wrapper write-barrier) System.Object.wbarrier_conc(intptr)
  at (wrapper managed-to-native) System.Reflection.RuntimeMethodInfo.InternalInvoke(System.Reflection.RuntimeMethodInfo,object,object[],System.Exception&)
  at System.Reflection.RuntimeMethodInfo.Invoke (System.Object obj, System.Reflection.BindingFlags invokeAttr, System.Reflection.Binder binder, System.Object[] parameters, System.Globalization.CultureInfo culture) [0x0006a] in <191a1970a53948f9819ac1d2e4f5c72e>:0 
   --- End of inner exception stack trace ---
  at System.Reflection.RuntimeMethodInfo.Invoke (System.Object obj, System.Reflection.BindingFlags invokeAttr, System.Reflection.Binder binder, System.Object[] parameters, System.Globalization.CultureInfo culture) [0x00083] in <191a1970a53948f9819ac1d2e4f5c72e>:0 
  at System.Reflection.MethodBase.Invoke (System.Object obj, System.Object[] parameters) [0x00000] in <191a1970a53948f9819ac1d2e4f5c72e>:0 
  at UnityEditor.EditorAssemblies.ProcessInitializeOnLoadMethodAttributes () [0x00056] in <2f9d421960d84dffaa88793de0f4b5f3>:0 
UnityEngine.Debug:ExtractStackTraceNoAlloc (byte*,int,string)
UnityEngine.StackTraceUtility:ExtractStackTrace ()
UnityEngine.DebugLogHandler:Internal_Log (UnityEngine.LogType,UnityEngine.LogOption,string,UnityEngine.Object)
UnityEngine.DebugLogHandler:LogFormat (UnityEngine.LogType,UnityEngine.Object,string,object[])
UnityEngine.Logger:Log (UnityEngine.LogType,object)
UnityEngine.Debug:LogError (object)
UnityEditor.EditorAssemblies:ProcessInitializeOnLoadMethodAttributes ()

Mono: successfully reloaded assembly
[Package Manager] Failed to launch server process. Reason: Unity was launched with the -noUpm command-line argument
[Package Manager] Unable to send message (not connected to server process).
[Package Manager] Cannot connect to Unity Package Manager local server
- Finished resetting the current domain, in  1.339 seconds
Domain Reload Profiling: 2469ms
	BeginReloadAssembly (282ms)
		ExecutionOrderSort (0ms)
		DisableScriptedObjects (6ms)
		BackupInstance (0ms)
		ReleaseScriptingObjects (0ms)
		CreateAndSetChildDomain (78ms)
	RebuildCommonClasses (40ms)
	RebuildNativeTypeToScriptingClass (12ms)
	initialDomainReloadingComplete (38ms)
	LoadAllAssembliesAndSetupDomain (758ms)
		LoadAssemblies (609ms)
		RebuildTransferFunctionScriptingTraits (0ms)
		AnalyzeDomain (273ms)
			TypeCache.Refresh (8ms)
				TypeCache.ScanAssembly (0ms)
			BuildScriptInfoCaches (235ms)
			ResolveRequiredComponents (25ms)
	FinalizeReload (1339ms)
		ReleaseScriptCaches (0ms)
		RebuildScriptCaches (0ms)
		SetupLoadedEditorAssemblies (1085ms)
			LogAssemblyErrors (0ms)
			InitializePlatformSupportModulesInManaged (18ms)
			SetLoadedEditorAssemblies (8ms)
			BeforeProcessingInitializeOnLoad (234ms)
			ProcessInitializeOnLoadAttributes (626ms)
			ProcessInitializeOnLoadMethodAttributes (183ms)
			AfterProcessingInitializeOnLoad (16ms)
			EditorAssembliesLoaded (1ms)
		ExecutionOrderSort2 (0ms)
		AwakeInstancesAfterBackupRestoration (14ms)
Shader 'Oculus/OVRMRCameraFrameLit': fallback shader 'Alpha-Diffuse' not found
Refreshing native plugins compatible for Editor in 39.18 ms, found 14 plugins.
Preloading 0 native plugins for Editor in 0.00 ms.
Unloading 53 Unused Serialized files (Serialized files now loaded: 0)
Unloading 8973 unused Assets / (10.9 MB). Loaded Objects now: 10050.
Memory consumption went from 264.4 MB to 253.5 MB.
Total: 32.300400 ms (FindLiveObjects: 2.299100 ms CreateObjectMapping: 2.903700 ms MarkObjects: 16.079400 ms  DeleteObjects: 11.015600 ms)

Prepare: number of updated asset objects reloaded= 0
========================================================================
Received Prepare
Begin MonoManager ReloadAssembly
- Loaded All Assemblies, in  1.286 seconds
Script 'CharacterController' has the same name as built-in Unity component.
AddComponent and GetComponent will not work with this script.
'Packages/com.unity.xr.openxr/Runtime/OpenXRLoader.cs' contains partial class of Unity.Object, exactly 1 of the partial classes needs to be in a file with the same filename. This is to know the one that can be referenced from ie. GameObjects
'Packages/com.meta.xr.sdk.core/Editor/BuildingBlocks/BlocksWindow.cs' contains partial class of Unity.Object, exactly 1 of the partial classes needs to be in a file with the same filename. This is to know the one that can be referenced from ie. GameObjects
'Packages/com.unity.xr.openxr/Runtime/OpenXRLoaderInternal.cs' contains partial class of Unity.Object, exactly 1 of the partial classes needs to be in a file with the same filename. This is to know the one that can be referenced from ie. GameObjects
'Packages/com.meta.xr.sdk.core/Editor/BuildingBlocks/BlocksWindowDetailsExtension.cs' contains partial class of Unity.Object, exactly 1 of the partial classes needs to be in a file with the same filename. This is to know the one that can be referenced from ie. GameObjects
'Packages/com.meta.xr.sdk.core/Editor/BuildingBlocks/BlocksWindowCollectionsPageExtension.cs' contains partial class of Unity.Object, exactly 1 of the partial classes needs to be in a file with the same filename. This is to know the one that can be referenced from ie. GameObjects
Refreshing native plugins compatible for Editor in 20.45 ms, found 14 plugins.
Assertion failed on expression: 'pred(*previous, *i)'
Assertion failed on expression: 'pred(*previous, *i)'
Assertion failed on expression: 'pred(*previous, *i)'
Assertion failed on expression: 'pred(*previous, *i)'
Assertion failed on expression: 'pred(*previous, *i)'
Assertion failed on expression: 'pred(*previous, *i)'
Assertion failed on expression: 'pred(*previous, *i)'
Native extension for Android target not found
Native extension for UWP target not found
Native extension for WindowsStandalone target not found
[Package Manager] Failed to launch server process. Reason: Unity was launched with the -noUpm command-line argument
[Package Manager] Unable to send message (not connected to server process).
[Package Manager] Cannot connect to Unity Package Manager local server
[Package Manager] Failed to launch server process. Reason: Unity was launched with the -noUpm command-line argument
[Package Manager] Unable to send message (not connected to server process).
[Package Manager] Cannot connect to Unity Package Manager local server
Refreshing native plugins compatible for Editor in 26.11 ms, found 14 plugins.
[Package Manager] Failed to launch server process. Reason: Unity was launched with the -noUpm command-line argument
[Package Manager] Unable to send message (not connected to server process).
[Package Manager] Cannot connect to Unity Package Manager local server
System.Reflection.TargetInvocationException: Exception has been thrown by the target of an invocation. ---> System.TypeInitializationException: The type initializer for 'UnityEditor.XR.Interaction.Toolkit.Samples.SpatialKeyboard.Editor.SpatialKeyboardSampleProjectValidation' threw an exception. ---> System.NullReferenceException: Object reference not set to an instance of an object
  at Unity.XR.CoreUtils.Editor.PackageVersionUtility.UpdatePackageVersions () [0x00034] in .\Library\PackageCache\com.unity.xr.core-utils@c0df0dd5bced\Editor\ProjectValidation\PackageVersionUtility.cs:46 
  at Unity.XR.CoreUtils.Editor.PackageVersionUtility.GetPackageVersion (System.String packageName) [0x00011] in .\Library\PackageCache\com.unity.xr.core-utils@c0df0dd5bced\Editor\ProjectValidation\PackageVersionUtility.cs:67 
  at UnityEditor.XR.Interaction.Toolkit.Samples.SpatialKeyboard.Editor.SpatialKeyboardSampleProjectValidation..cctor () [0x00023] in D:\Carpetas del sistema NO BORRAR\GITHUB DESKTOP REPO\RealidadMixta_Iot_pruebas\Industria_IOT_MR_unity6\Assets\Samples\XR Interaction Toolkit\3.0.8\Spatial Keyboard\Editor\Scripts\SpatialKeyboardSampleProjectValidation.cs:39 
   --- End of inner exception stack trace ---
  at (wrapper managed-to-native) System.Object.__icall_wrapper_mono_gc_wbarrier_generic_nostore_internal(intptr)
  at (wrapper write-barrier) System.Object.wbarrier_conc(intptr)
  at (wrapper managed-to-native) System.Reflection.RuntimeMethodInfo.InternalInvoke(System.Reflection.RuntimeMethodInfo,object,object[],System.Exception&)
  at System.Reflection.RuntimeMethodInfo.Invoke (System.Object obj, System.Reflection.BindingFlags invokeAttr, System.Reflection.Binder binder, System.Object[] parameters, System.Globalization.CultureInfo culture) [0x0006a] in <191a1970a53948f9819ac1d2e4f5c72e>:0 
   --- End of inner exception stack trace ---
  at System.Reflection.RuntimeMethodInfo.Invoke (System.Object obj, System.Reflection.BindingFlags invokeAttr, System.Reflection.Binder binder, System.Object[] parameters, System.Globalization.CultureInfo culture) [0x00083] in <191a1970a53948f9819ac1d2e4f5c72e>:0 
  at System.Reflection.MethodBase.Invoke (System.Object obj, System.Object[] parameters) [0x00000] in <191a1970a53948f9819ac1d2e4f5c72e>:0 
  at UnityEditor.EditorAssemblies.ProcessInitializeOnLoadMethodAttributes () [0x00056] in <2f9d421960d84dffaa88793de0f4b5f3>:0 
UnityEngine.Debug:ExtractStackTraceNoAlloc (byte*,int,string)
UnityEngine.StackTraceUtility:ExtractStackTrace ()
UnityEngine.DebugLogHandler:Internal_Log (UnityEngine.LogType,UnityEngine.LogOption,string,UnityEngine.Object)
UnityEngine.DebugLogHandler:LogFormat (UnityEngine.LogType,UnityEngine.Object,string,object[])
UnityEngine.Logger:Log (UnityEngine.LogType,object)
UnityEngine.Debug:LogError (object)
UnityEditor.EditorAssemblies:ProcessInitializeOnLoadMethodAttributes ()

Mono: successfully reloaded assembly
[Package Manager] Failed to launch server process. Reason: Unity was launched with the -noUpm command-line argument
[Package Manager] Unable to send message (not connected to server process).
[Package Manager] Cannot connect to Unity Package Manager local server
- Finished resetting the current domain, in  1.398 seconds
Domain Reload Profiling: 2666ms
	BeginReloadAssembly (348ms)
		ExecutionOrderSort (0ms)
		DisableScriptedObjects (10ms)
		BackupInstance (0ms)
		ReleaseScriptingObjects (0ms)
		CreateAndSetChildDomain (102ms)
	RebuildCommonClasses (41ms)
	RebuildNativeTypeToScriptingClass (13ms)
	initialDomainReloadingComplete (44ms)
	LoadAllAssembliesAndSetupDomain (822ms)
		LoadAssemblies (680ms)
		RebuildTransferFunctionScriptingTraits (0ms)
		AnalyzeDomain (292ms)
			TypeCache.Refresh (8ms)
				TypeCache.ScanAssembly (0ms)
			BuildScriptInfoCaches (257ms)
			ResolveRequiredComponents (21ms)
	FinalizeReload (1399ms)
		ReleaseScriptCaches (0ms)
		RebuildScriptCaches (0ms)
		SetupLoadedEditorAssemblies (1140ms)
			LogAssemblyErrors (0ms)
			InitializePlatformSupportModulesInManaged (16ms)
			SetLoadedEditorAssemblies (7ms)
			BeforeProcessingInitializeOnLoad (251ms)
			ProcessInitializeOnLoadAttributes (667ms)
			ProcessInitializeOnLoadMethodAttributes (184ms)
			AfterProcessingInitializeOnLoad (14ms)
			EditorAssembliesLoaded (1ms)
		ExecutionOrderSort2 (0ms)
		AwakeInstancesAfterBackupRestoration (16ms)
Shader 'Oculus/OVRMRCameraFrameLit': fallback shader 'Alpha-Diffuse' not found
Refreshing native plugins compatible for Editor in 31.25 ms, found 14 plugins.
Preloading 0 native plugins for Editor in 0.00 ms.
Unloading 53 Unused Serialized files (Serialized files now loaded: 0)
Unloading 8973 unused Assets / (10.4 MB). Loaded Objects now: 10053.
Memory consumption went from 264.4 MB to 254.0 MB.
Total: 28.067200 ms (FindLiveObjects: 1.753100 ms CreateObjectMapping: 2.130100 ms MarkObjects: 14.397200 ms  DeleteObjects: 9.784500 ms)

Prepare: number of updated asset objects reloaded= 0
========================================================================
Received Prepare
Shader 'Oculus/OVRMRCameraFrameLit': fallback shader 'Alpha-Diffuse' not found
Refreshing native plugins compatible for Editor in 36.99 ms, found 14 plugins.
Preloading 0 native plugins for Editor in 0.00 ms.
Unloading 28 Unused Serialized files (Serialized files now loaded: 0)
Unloading 28 unused Assets / (3.9 MB). Loaded Objects now: 10053.
Memory consumption went from 215.5 MB to 211.5 MB.
Total: 20.783300 ms (FindLiveObjects: 1.239200 ms CreateObjectMapping: 1.070200 ms MarkObjects: 14.272300 ms  DeleteObjects: 4.199800 ms)

Prepare: number of updated asset objects reloaded= 259
AssetImportParameters requested are different than current active one (requested -> active):
  buildTarget: platform 19, subtarget 2, extendedPlatform 0 -> platform 13, subtarget 6, extendedPlatform 0
  graphicsApiMask: 4 -> 2099200
========================================================================
Received Prepare
Shader 'Oculus/OVRMRCameraFrameLit': fallback shader 'Alpha-Diffuse' not found
Refreshing native plugins compatible for Editor in 73.21 ms, found 14 plugins.
Preloading 0 native plugins for Editor in 0.00 ms.
Unloading 28 Unused Serialized files (Serialized files now loaded: 0)
Unloading 28 unused Assets / (3.9 MB). Loaded Objects now: 10053.
Memory consumption went from 215.4 MB to 211.5 MB.
Total: 39.795400 ms (FindLiveObjects: 1.547800 ms CreateObjectMapping: 1.877500 ms MarkObjects: 26.878300 ms  DeleteObjects: 9.489000 ms)

Prepare: number of updated asset objects reloaded= 0
AssetImportParameters requested are different than current active one (requested -> active):
  buildTarget: platform 19, subtarget 2, extendedPlatform 0 -> platform 13, subtarget 6, extendedPlatform 0
  graphicsApiMask: 4 -> 2099200
========================================================================
Received Prepare
Shader 'Oculus/OVRMRCameraFrameLit': fallback shader 'Alpha-Diffuse' not found
Refreshing native plugins compatible for Editor in 34.07 ms, found 14 plugins.
Preloading 0 native plugins for Editor in 0.00 ms.
Unloading 28 Unused Serialized files (Serialized files now loaded: 0)
Unloading 28 unused Assets / (4.3 MB). Loaded Objects now: 10053.
Memory consumption went from 215.9 MB to 211.6 MB.
Total: 13.809600 ms (FindLiveObjects: 0.953200 ms CreateObjectMapping: 0.931900 ms MarkObjects: 9.843600 ms  DeleteObjects: 2.079500 ms)

Prepare: number of updated asset objects reloaded= 163
========================================================================
Received Prepare
Shader 'Oculus/OVRMRCameraFrameLit': fallback shader 'Alpha-Diffuse' not found
Refreshing native plugins compatible for Editor in 48.60 ms, found 14 plugins.
Preloading 0 native plugins for Editor in 0.00 ms.
Unloading 28 Unused Serialized files (Serialized files now loaded: 0)
Unloading 28 unused Assets / (4.4 MB). Loaded Objects now: 10053.
Memory consumption went from 216.2 MB to 211.8 MB.
Total: 20.629400 ms (FindLiveObjects: 1.113500 ms CreateObjectMapping: 1.199900 ms MarkObjects: 15.502200 ms  DeleteObjects: 2.812300 ms)

Prepare: number of updated asset objects reloaded= 0
========================================================================
Received Prepare
Begin MonoManager ReloadAssembly
- Loaded All Assemblies, in  1.166 seconds
Script 'CharacterController' has the same name as built-in Unity component.
AddComponent and GetComponent will not work with this script.
'Packages/com.unity.xr.openxr/Runtime/OpenXRLoader.cs' contains partial class of Unity.Object, exactly 1 of the partial classes needs to be in a file with the same filename. This is to know the one that can be referenced from ie. GameObjects
'Packages/com.meta.xr.sdk.core/Editor/BuildingBlocks/BlocksWindow.cs' contains partial class of Unity.Object, exactly 1 of the partial classes needs to be in a file with the same filename. This is to know the one that can be referenced from ie. GameObjects
'Packages/com.unity.xr.openxr/Runtime/OpenXRLoaderInternal.cs' contains partial class of Unity.Object, exactly 1 of the partial classes needs to be in a file with the same filename. This is to know the one that can be referenced from ie. GameObjects
'Packages/com.meta.xr.sdk.core/Editor/BuildingBlocks/BlocksWindowDetailsExtension.cs' contains partial class of Unity.Object, exactly 1 of the partial classes needs to be in a file with the same filename. This is to know the one that can be referenced from ie. GameObjects
'Packages/com.meta.xr.sdk.core/Editor/BuildingBlocks/BlocksWindowCollectionsPageExtension.cs' contains partial class of Unity.Object, exactly 1 of the partial classes needs to be in a file with the same filename. This is to know the one that can be referenced from ie. GameObjects
Refreshing native plugins compatible for Editor in 21.71 ms, found 14 plugins.
Assertion failed on expression: 'pred(*previous, *i)'
Assertion failed on expression: 'pred(*previous, *i)'
Assertion failed on expression: 'pred(*previous, *i)'
Assertion failed on expression: 'pred(*previous, *i)'
Assertion failed on expression: 'pred(*previous, *i)'
Assertion failed on expression: 'pred(*previous, *i)'
Assertion failed on expression: 'pred(*previous, *i)'
Native extension for Android target not found
Native extension for UWP target not found
Native extension for WindowsStandalone target not found
[Package Manager] Failed to launch server process. Reason: Unity was launched with the -noUpm command-line argument
[Package Manager] Unable to send message (not connected to server process).
[Package Manager] Cannot connect to Unity Package Manager local server
[Package Manager] Failed to launch server process. Reason: Unity was launched with the -noUpm command-line argument
[Package Manager] Unable to send message (not connected to server process).
[Package Manager] Cannot connect to Unity Package Manager local server
Refreshing native plugins compatible for Editor in 25.15 ms, found 14 plugins.
[Package Manager] Failed to launch server process. Reason: Unity was launched with the -noUpm command-line argument
[Package Manager] Unable to send message (not connected to server process).
[Package Manager] Cannot connect to Unity Package Manager local server
System.Reflection.TargetInvocationException: Exception has been thrown by the target of an invocation. ---> System.TypeInitializationException: The type initializer for 'UnityEditor.XR.Interaction.Toolkit.Samples.SpatialKeyboard.Editor.SpatialKeyboardSampleProjectValidation' threw an exception. ---> System.NullReferenceException: Object reference not set to an instance of an object
  at Unity.XR.CoreUtils.Editor.PackageVersionUtility.UpdatePackageVersions () [0x00034] in .\Library\PackageCache\com.unity.xr.core-utils@c0df0dd5bced\Editor\ProjectValidation\PackageVersionUtility.cs:46 
  at Unity.XR.CoreUtils.Editor.PackageVersionUtility.GetPackageVersion (System.String packageName) [0x00011] in .\Library\PackageCache\com.unity.xr.core-utils@c0df0dd5bced\Editor\ProjectValidation\PackageVersionUtility.cs:67 
  at UnityEditor.XR.Interaction.Toolkit.Samples.SpatialKeyboard.Editor.SpatialKeyboardSampleProjectValidation..cctor () [0x00023] in D:\Carpetas del sistema NO BORRAR\GITHUB DESKTOP REPO\RealidadMixta_Iot_pruebas\Industria_IOT_MR_unity6\Assets\Samples\XR Interaction Toolkit\3.0.8\Spatial Keyboard\Editor\Scripts\SpatialKeyboardSampleProjectValidation.cs:39 
   --- End of inner exception stack trace ---
  at (wrapper managed-to-native) System.Object.__icall_wrapper_mono_gc_wbarrier_generic_nostore_internal(intptr)
  at (wrapper write-barrier) System.Object.wbarrier_conc(intptr)
  at (wrapper managed-to-native) System.Reflection.RuntimeMethodInfo.InternalInvoke(System.Reflection.RuntimeMethodInfo,object,object[],System.Exception&)
  at System.Reflection.RuntimeMethodInfo.Invoke (System.Object obj, System.Reflection.BindingFlags invokeAttr, System.Reflection.Binder binder, System.Object[] parameters, System.Globalization.CultureInfo culture) [0x0006a] in <191a1970a53948f9819ac1d2e4f5c72e>:0 
   --- End of inner exception stack trace ---
  at System.Reflection.RuntimeMethodInfo.Invoke (System.Object obj, System.Reflection.BindingFlags invokeAttr, System.Reflection.Binder binder, System.Object[] parameters, System.Globalization.CultureInfo culture) [0x00083] in <191a1970a53948f9819ac1d2e4f5c72e>:0 
  at System.Reflection.MethodBase.Invoke (System.Object obj, System.Object[] parameters) [0x00000] in <191a1970a53948f9819ac1d2e4f5c72e>:0 
  at UnityEditor.EditorAssemblies.ProcessInitializeOnLoadMethodAttributes () [0x00056] in <2f9d421960d84dffaa88793de0f4b5f3>:0 
UnityEngine.Debug:ExtractStackTraceNoAlloc (byte*,int,string)
UnityEngine.StackTraceUtility:ExtractStackTrace ()
UnityEngine.DebugLogHandler:Internal_Log (UnityEngine.LogType,UnityEngine.LogOption,string,UnityEngine.Object)
UnityEngine.DebugLogHandler:LogFormat (UnityEngine.LogType,UnityEngine.Object,string,object[])
UnityEngine.Logger:Log (UnityEngine.LogType,object)
UnityEngine.Debug:LogError (object)
UnityEditor.EditorAssemblies:ProcessInitializeOnLoadMethodAttributes ()

Mono: successfully reloaded assembly
[Package Manager] Failed to launch server process. Reason: Unity was launched with the -noUpm command-line argument
[Package Manager] Unable to send message (not connected to server process).
[Package Manager] Cannot connect to Unity Package Manager local server
- Finished resetting the current domain, in  1.527 seconds
Domain Reload Profiling: 2673ms
	BeginReloadAssembly (264ms)
		ExecutionOrderSort (0ms)
		DisableScriptedObjects (6ms)
		BackupInstance (0ms)
		ReleaseScriptingObjects (0ms)
		CreateAndSetChildDomain (66ms)
	RebuildCommonClasses (37ms)
	RebuildNativeTypeToScriptingClass (12ms)
	initialDomainReloadingComplete (40ms)
	LoadAllAssembliesAndSetupDomain (792ms)
		LoadAssemblies (645ms)
		RebuildTransferFunctionScriptingTraits (0ms)
		AnalyzeDomain (273ms)
			TypeCache.Refresh (8ms)
				TypeCache.ScanAssembly (0ms)
			BuildScriptInfoCaches (241ms)
			ResolveRequiredComponents (21ms)
	FinalizeReload (1528ms)
		ReleaseScriptCaches (0ms)
		RebuildScriptCaches (0ms)
		SetupLoadedEditorAssemblies (1253ms)
			LogAssemblyErrors (0ms)
			InitializePlatformSupportModulesInManaged (15ms)
			SetLoadedEditorAssemblies (8ms)
			BeforeProcessingInitializeOnLoad (302ms)
			ProcessInitializeOnLoadAttributes (728ms)
			ProcessInitializeOnLoadMethodAttributes (185ms)
			AfterProcessingInitializeOnLoad (16ms)
			EditorAssembliesLoaded (1ms)
		ExecutionOrderSort2 (0ms)
		AwakeInstancesAfterBackupRestoration (16ms)
Shader 'Oculus/OVRMRCameraFrameLit': fallback shader 'Alpha-Diffuse' not found
Refreshing native plugins compatible for Editor in 29.69 ms, found 14 plugins.
Preloading 0 native plugins for Editor in 0.00 ms.
Unloading 53 Unused Serialized files (Serialized files now loaded: 0)
Unloading 8973 unused Assets / (10.6 MB). Loaded Objects now: 10056.
Memory consumption went from 264.0 MB to 253.4 MB.
Total: 18.686300 ms (FindLiveObjects: 1.236800 ms CreateObjectMapping: 1.546800 ms MarkObjects: 9.209400 ms  DeleteObjects: 6.692200 ms)

Prepare: number of updated asset objects reloaded= 0
