Using pre-set license
Built from '6000.0/release' branch; Version is '6000.0.35f1 (9a3bc604008a) revision 10107846'; Using compiler version '193933523'; Build Type 'Release'
OS: 'Windows 11  (10.0.26100) 64bit Core' Language: 'es' Physical Memory: 31941 MB
BatchMode: 1, IsHumanControllingUs: 0, StartBugReporterOnCrash: 0, Is64bit: 1, IsPro: 1

COMMAND LINE ARGUMENTS:
D:\Unity\Motores de edicion\Editores versiones\6000.0.35f1\Editor\Unity.exe
-adb2
-batchMode
-noUpm
-name
AssetImportWorker2
-projectPath
D:/Carpetas del sistema NO BORRAR/GITHUB DESKTOP REPO/RealidadMixta_Iot_pruebas/Industria_IOT_MR_unity6
-logFile
Logs/AssetImportWorker2.log
-srvPort
22832
-job-worker-count
5
-background-job-worker-count
8
-gc-helper-count
1
Successfully changed project path to: D:/Carpetas del sistema NO BORRAR/GITHUB DESKTOP REPO/RealidadMixta_Iot_pruebas/Industria_IOT_MR_unity6
D:/Carpetas del sistema NO BORRAR/GITHUB DESKTOP REPO/RealidadMixta_Iot_pruebas/Industria_IOT_MR_unity6
[UnityMemory] Configuration Parameters - Can be set up in boot.config
    "memorysetup-bucket-allocator-granularity=16"
    "memorysetup-bucket-allocator-bucket-count=8"
    "memorysetup-bucket-allocator-block-size=33554432"
    "memorysetup-bucket-allocator-block-count=8"
    "memorysetup-main-allocator-block-size=16777216"
    "memorysetup-thread-allocator-block-size=16777216"
    "memorysetup-gfx-main-allocator-block-size=16777216"
    "memorysetup-gfx-thread-allocator-block-size=16777216"
    "memorysetup-cache-allocator-block-size=4194304"
    "memorysetup-typetree-allocator-block-size=2097152"
    "memorysetup-profiler-bucket-allocator-granularity=16"
    "memorysetup-profiler-bucket-allocator-bucket-count=8"
    "memorysetup-profiler-bucket-allocator-block-size=33554432"
    "memorysetup-profiler-bucket-allocator-block-count=8"
    "memorysetup-profiler-allocator-block-size=16777216"
    "memorysetup-profiler-editor-allocator-block-size=1048576"
    "memorysetup-temp-allocator-size-main=16777216"
    "memorysetup-job-temp-allocator-block-size=2097152"
    "memorysetup-job-temp-allocator-block-size-background=1048576"
    "memorysetup-job-temp-allocator-reduction-small-platforms=262144"
    "memorysetup-allocator-temp-initial-block-size-main=262144"
    "memorysetup-allocator-temp-initial-block-size-worker=262144"
    "memorysetup-temp-allocator-size-background-worker=32768"
    "memorysetup-temp-allocator-size-job-worker=262144"
    "memorysetup-temp-allocator-size-preload-manager=33554432"
    "memorysetup-temp-allocator-size-nav-mesh-worker=65536"
    "memorysetup-temp-allocator-size-audio-worker=65536"
    "memorysetup-temp-allocator-size-cloud-worker=32768"
    "memorysetup-temp-allocator-size-gi-baking-worker=262144"
    "memorysetup-temp-allocator-size-gi-baking-worker=262144"
    "memorysetup-temp-allocator-size-gi-baking-worker=262144"
    "memorysetup-temp-allocator-size-gi-baking-worker=262144"
    "memorysetup-temp-allocator-size-gi-baking-worker=262144"
    "memorysetup-temp-allocator-size-gfx=262144"
Player connection [20068]  Target information:

Player connection [20068]  * "[IP] 172.16.195.47 [Port] 0 [Flags] 2 [Guid] 2193105850 [EditorId] 2193105850 [Version] 1048832 [Id] WindowsEditor(7,GAMING03) [Debug] 1 [PackageName] WindowsEditor [ProjectName] Editor" 

Player connection [20068] Host joined multi-casting on [225.0.0.222:54997]...
Player connection [20068] Host joined alternative multi-casting on [225.0.0.222:34997]...
JobSystem: Creating JobQueue using job-worker-count value 5
Input System module state changed to: Initialized.
[Physics::Module] Initialized fallback backend.
[Physics::Module] Id: 0xdecafbad
Library Redirect Path: Library/
[Physics::Module] Selected backend.
[Physics::Module] Name: PhysX
[Physics::Module] Id: 0xf2b8ea05
[Physics::Module] SDK Version: 4.1.2
[Physics::Module] Integration Version: 1.0.0
[Physics::Module] Threading Mode: Multi-Threaded
Refreshing native plugins compatible for Editor in 41.61 ms, found 14 plugins.
Preloading 0 native plugins for Editor in 0.00 ms.
Initialize engine version: 6000.0.35f1 (9a3bc604008a)
[Subsystems] Discovering subsystems at path D:/Unity/Motores de edicion/Editores versiones/6000.0.35f1/Editor/Data/Resources/UnitySubsystems
[Subsystems] Discovering subsystems at path D:/Carpetas del sistema NO BORRAR/GITHUB DESKTOP REPO/RealidadMixta_Iot_pruebas/Industria_IOT_MR_unity6/Assets
GfxDevice: creating device client; kGfxThreadingModeNonThreaded
Direct3D:
    Version:  Direct3D 11.0 [level 11.1]
    Renderer: NVIDIA GeForce RTX 3050 Laptop GPU (ID=0x25a2)
    Vendor:   NVIDIA
    VRAM:     3964 MB
    Driver:   32.0.15.7270
Shader 'Oculus/OVRMRCameraFrameLit': fallback shader 'Alpha-Diffuse' not found
Initialize mono
Mono path[0] = 'D:/Unity/Motores de edicion/Editores versiones/6000.0.35f1/Editor/Data/Managed'
Mono path[1] = 'D:/Unity/Motores de edicion/Editores versiones/6000.0.35f1/Editor/Data/MonoBleedingEdge/lib/mono/unityjit-win32'
Mono config path = 'D:/Unity/Motores de edicion/Editores versiones/6000.0.35f1/Editor/Data/MonoBleedingEdge/etc'
Using monoOptions --debugger-agent=transport=dt_socket,embedding=1,server=y,suspend=n,address=127.0.0.1:56248
Begin MonoManager ReloadAssembly
Registering precompiled unity dll's ...
Register platform support module: D:/Unity/Motores de edicion/Editores versiones/6000.0.35f1/Editor/Data/PlaybackEngines/WindowsStandaloneSupport/UnityEditor.WindowsStandalone.Extensions.dll
Register platform support module: D:/Unity/Motores de edicion/Editores versiones/6000.0.35f1/Editor/Data/PlaybackEngines/MetroSupport/UnityEditor.UWP.Extensions.dll
Register platform support module: D:/Unity/Motores de edicion/Editores versiones/6000.0.35f1/Editor/Data/PlaybackEngines/AndroidPlayer/UnityEditor.Android.Extensions.dll
Registered in 0.013545 seconds.
- Loaded All Assemblies, in  0.738 seconds
Native extension for Android target not found
Android Extension - Scanning For ADB Devices 649 ms
Native extension for UWP target not found
Native extension for WindowsStandalone target not found
Mono: successfully reloaded assembly
- Finished resetting the current domain, in  1.174 seconds
Domain Reload Profiling: 1902ms
	BeginReloadAssembly (238ms)
		ExecutionOrderSort (0ms)
		DisableScriptedObjects (0ms)
		BackupInstance (0ms)
		ReleaseScriptingObjects (0ms)
		CreateAndSetChildDomain (1ms)
	RebuildCommonClasses (60ms)
	RebuildNativeTypeToScriptingClass (15ms)
	initialDomainReloadingComplete (94ms)
	LoadAllAssembliesAndSetupDomain (320ms)
		LoadAssemblies (229ms)
		RebuildTransferFunctionScriptingTraits (0ms)
		AnalyzeDomain (314ms)
			TypeCache.Refresh (311ms)
				TypeCache.ScanAssembly (290ms)
			BuildScriptInfoCaches (0ms)
			ResolveRequiredComponents (1ms)
	FinalizeReload (1175ms)
		ReleaseScriptCaches (0ms)
		RebuildScriptCaches (0ms)
		SetupLoadedEditorAssemblies (1089ms)
			LogAssemblyErrors (0ms)
			InitializePlatformSupportModulesInManaged (773ms)
			SetLoadedEditorAssemblies (6ms)
			BeforeProcessingInitializeOnLoad (69ms)
			ProcessInitializeOnLoadAttributes (160ms)
			ProcessInitializeOnLoadMethodAttributes (81ms)
			AfterProcessingInitializeOnLoad (0ms)
			EditorAssembliesLoaded (0ms)
		ExecutionOrderSort2 (0ms)
		AwakeInstancesAfterBackupRestoration (0ms)
========================================================================
Worker process is ready to serve import requests
Import Worker Mode flag is 0x00
Begin MonoManager ReloadAssembly
- Loaded All Assemblies, in  1.755 seconds
Script 'CharacterController' has the same name as built-in Unity component.
AddComponent and GetComponent will not work with this script.
'Packages/com.meta.xr.sdk.core/Editor/BuildingBlocks/BlocksWindow.cs' contains partial class of Unity.Object, exactly 1 of the partial classes needs to be in a file with the same filename. This is to know the one that can be referenced from ie. GameObjects
'Packages/com.meta.xr.sdk.core/Editor/BuildingBlocks/BlocksWindowDetailsExtension.cs' contains partial class of Unity.Object, exactly 1 of the partial classes needs to be in a file with the same filename. This is to know the one that can be referenced from ie. GameObjects
'Packages/com.meta.xr.sdk.core/Editor/BuildingBlocks/BlocksWindowCollectionsPageExtension.cs' contains partial class of Unity.Object, exactly 1 of the partial classes needs to be in a file with the same filename. This is to know the one that can be referenced from ie. GameObjects
Refreshing native plugins compatible for Editor in 30.30 ms, found 14 plugins.
Native extension for Android target not found
Native extension for UWP target not found
Native extension for WindowsStandalone target not found
Package Manager log level set to [2]
[Package Manager] Failed to launch server process. Reason: Unity was launched with the -noUpm command-line argument
[Package Manager] Unable to send message (not connected to server process).
[Package Manager] Cannot connect to Unity Package Manager local server
[Package Manager] Failed to launch server process. Reason: Unity was launched with the -noUpm command-line argument
[Package Manager] Unable to send message (not connected to server process).
[Package Manager] Cannot connect to Unity Package Manager local server
Refreshing native plugins compatible for Editor in 32.71 ms, found 14 plugins.
[Package Manager] Failed to launch server process. Reason: Unity was launched with the -noUpm command-line argument
[Package Manager] Unable to send message (not connected to server process).
[Package Manager] Cannot connect to Unity Package Manager local server
System.Reflection.TargetInvocationException: Exception has been thrown by the target of an invocation. ---> System.TypeInitializationException: The type initializer for 'UnityEditor.XR.Interaction.Toolkit.Samples.SpatialKeyboard.Editor.SpatialKeyboardSampleProjectValidation' threw an exception. ---> System.NullReferenceException: Object reference not set to an instance of an object
  at Unity.XR.CoreUtils.Editor.PackageVersionUtility.UpdatePackageVersions () [0x00034] in .\Library\PackageCache\com.unity.xr.core-utils@c0df0dd5bced\Editor\ProjectValidation\PackageVersionUtility.cs:46 
  at Unity.XR.CoreUtils.Editor.PackageVersionUtility.GetPackageVersion (System.String packageName) [0x00011] in .\Library\PackageCache\com.unity.xr.core-utils@c0df0dd5bced\Editor\ProjectValidation\PackageVersionUtility.cs:67 
  at UnityEditor.XR.Interaction.Toolkit.Samples.SpatialKeyboard.Editor.SpatialKeyboardSampleProjectValidation..cctor () [0x00023] in D:\Carpetas del sistema NO BORRAR\GITHUB DESKTOP REPO\RealidadMixta_Iot_pruebas\Industria_IOT_MR_unity6\Assets\Samples\XR Interaction Toolkit\3.0.8\Spatial Keyboard\Editor\Scripts\SpatialKeyboardSampleProjectValidation.cs:39 
   --- End of inner exception stack trace ---
  at (wrapper managed-to-native) System.Object.__icall_wrapper_mono_gc_wbarrier_generic_nostore_internal(intptr)
  at (wrapper write-barrier) System.Object.wbarrier_conc(intptr)
  at (wrapper managed-to-native) System.Reflection.RuntimeMethodInfo.InternalInvoke(System.Reflection.RuntimeMethodInfo,object,object[],System.Exception&)
  at System.Reflection.RuntimeMethodInfo.Invoke (System.Object obj, System.Reflection.BindingFlags invokeAttr, System.Reflection.Binder binder, System.Object[] parameters, System.Globalization.CultureInfo culture) [0x0006a] in <191a1970a53948f9819ac1d2e4f5c72e>:0 
   --- End of inner exception stack trace ---
  at System.Reflection.RuntimeMethodInfo.Invoke (System.Object obj, System.Reflection.BindingFlags invokeAttr, System.Reflection.Binder binder, System.Object[] parameters, System.Globalization.CultureInfo culture) [0x00083] in <191a1970a53948f9819ac1d2e4f5c72e>:0 
  at System.Reflection.MethodBase.Invoke (System.Object obj, System.Object[] parameters) [0x00000] in <191a1970a53948f9819ac1d2e4f5c72e>:0 
  at UnityEditor.EditorAssemblies.ProcessInitializeOnLoadMethodAttributes () [0x00056] in <2f9d421960d84dffaa88793de0f4b5f3>:0 
UnityEngine.Debug:ExtractStackTraceNoAlloc (byte*,int,string)
UnityEngine.StackTraceUtility:ExtractStackTrace ()
UnityEngine.DebugLogHandler:Internal_Log (UnityEngine.LogType,UnityEngine.LogOption,string,UnityEngine.Object)
UnityEngine.DebugLogHandler:LogFormat (UnityEngine.LogType,UnityEngine.Object,string,object[])
UnityEngine.Logger:Log (UnityEngine.LogType,object)
UnityEngine.Debug:LogError (object)
UnityEditor.EditorAssemblies:ProcessInitializeOnLoadMethodAttributes ()

Mono: successfully reloaded assembly
[Package Manager] Failed to launch server process. Reason: Unity was launched with the -noUpm command-line argument
[Package Manager] Unable to send message (not connected to server process).
[Package Manager] Cannot connect to Unity Package Manager local server
[Package Manager] Failed to launch server process. Reason: Unity was launched with the -noUpm command-line argument
[Package Manager] Unable to send message (not connected to server process).
[Package Manager] Cannot connect to Unity Package Manager local server
- Finished resetting the current domain, in  1.894 seconds
Domain Reload Profiling: 3616ms
	BeginReloadAssembly (277ms)
		ExecutionOrderSort (0ms)
		DisableScriptedObjects (8ms)
		BackupInstance (0ms)
		ReleaseScriptingObjects (0ms)
		CreateAndSetChildDomain (46ms)
	RebuildCommonClasses (55ms)
	RebuildNativeTypeToScriptingClass (18ms)
	initialDomainReloadingComplete (74ms)
	LoadAllAssembliesAndSetupDomain (1298ms)
		LoadAssemblies (868ms)
		RebuildTransferFunctionScriptingTraits (0ms)
		AnalyzeDomain (600ms)
			TypeCache.Refresh (432ms)
				TypeCache.ScanAssembly (398ms)
			BuildScriptInfoCaches (133ms)
			ResolveRequiredComponents (30ms)
	FinalizeReload (1895ms)
		ReleaseScriptCaches (0ms)
		RebuildScriptCaches (0ms)
		SetupLoadedEditorAssemblies (1652ms)
			LogAssemblyErrors (0ms)
			InitializePlatformSupportModulesInManaged (18ms)
			SetLoadedEditorAssemblies (9ms)
			BeforeProcessingInitializeOnLoad (313ms)
			ProcessInitializeOnLoadAttributes (1000ms)
			ProcessInitializeOnLoadMethodAttributes (292ms)
			AfterProcessingInitializeOnLoad (20ms)
			EditorAssembliesLoaded (1ms)
		ExecutionOrderSort2 (0ms)
		AwakeInstancesAfterBackupRestoration (7ms)
Shader 'Oculus/OVRMRCameraFrameLit': fallback shader 'Alpha-Diffuse' not found
Launched and connected shader compiler UnityShaderCompiler.exe after 0.02 seconds
Refreshing native plugins compatible for Editor in 56.88 ms, found 14 plugins.
Preloading 0 native plugins for Editor in 0.00 ms.
Unloading 301 Unused Serialized files (Serialized files now loaded: 0)
Unloading 9224 unused Assets / (6.0 MB). Loaded Objects now: 10037.
Memory consumption went from 236.7 MB to 230.7 MB.
Total: 79.359900 ms (FindLiveObjects: 3.692200 ms CreateObjectMapping: 3.821100 ms MarkObjects: 52.363100 ms  DeleteObjects: 19.481700 ms)

========================================================================
Received Import Request.
  Time since last request: 419827.607238 seconds.
  path: Assets/Samples/XR Interaction Toolkit/3.0.8/Spatial Keyboard/Scripts/GlobalNonNativeKeyboard.cs
  artifactKey: Guid(015b50343a7cf174ebb7703245f6ba72) Importer(2089858483,192608db42251d675da83286b1cce702)
Start importing Assets/Samples/XR Interaction Toolkit/3.0.8/Spatial Keyboard/Scripts/GlobalNonNativeKeyboard.cs using Guid(015b50343a7cf174ebb7703245f6ba72) Importer(2089858483,192608db42251d675da83286b1cce702) (ScriptedImporter)
=================================================================
	Native Crash Reporting
=================================================================
Got a UNKNOWN while executing native code. This usually indicates
a fatal error in the mono runtime or one of the native libraries 
used by your application.
=================================================================

=================================================================
	Managed Stacktrace:
=================================================================
	  at <unknown> <0xffffffff>
	  at System.Reflection.RuntimePropertyInfo:get_property_info <0x0007c>
	  at System.Reflection.RuntimePropertyInfo:CachePropertyInfo <0x00042>
	  at System.Reflection.RuntimePropertyInfo:get_PropertyType <0x00022>
	  at UnityEditor.Rendering.Universal.MaterialReferenceBuilder:HasMaterialProperty <0x00017>
	  at System.Linq.Enumerable:Any <0x00096>
	  at <>c:<GetMaterialReferenceLookup>b__2_0 <0x0009a>
	  at WhereEnumerableIterator`1:MoveNext <0x000ea>
	  at UnityEditor.Rendering.Universal.MaterialReferenceBuilder:GetMaterialReferenceLookup <0x00478>
	  at UnityEditor.Rendering.Universal.MaterialReferenceBuilder:.cctor <0x00032>
	  at System.Object:runtime_invoke_void <0x00084>
	  at <unknown> <0xffffffff>
	  at System.Object:__icall_wrapper_mono_generic_class_init <0x0006a>
	  at UnityEditor.Rendering.Universal.ConversionIndexers:ConversionIndexer <0x0006a>
	  at <Module>:invoke_void_CustomObjectIndexerTarget_ObjectIndexer <0x00113>
	  at UnityEditor.Search.ObjectIndexer:CallCustomIndexers <0x004c9>
	  at UnityEditor.Search.ObjectIndexer:IndexCustomProperties <0x00132>
	  at UnityEditor.Search.AssetIndexer:IndexProperties <0x0041a>
	  at UnityEditor.Search.AssetIndexer:IndexDocument <0x00e22>
	  at UnityEditor.Search.SearchIndexEntryImporter:OnImportAsset <0x00163>
	  at UnityEditor.AssetImporters.ScriptedImporter:GenerateAssetData <0x00018>
	  at <Module>:runtime_invoke_void__this___object <0x00092>
=================================================================
 -> (artifact id: 'cde6db0d9cd2571013b7a80c6653206f') in 0.3780629 seconds
Number of updated asset objects reloaded before import = 0Number of asset objects unloaded after import = 0

========================================================================
Received Import Request.
  Time since last request: 0.000029 seconds.
  path: Assets/Samples/XR Interaction Toolkit/3.0.8/Legacy XR Input Readers/Right_MenuButton.asset
  artifactKey: Guid(27c5398b46b708047a5b8b7fa8345cc1) Importer(2089858483,192608db42251d675da83286b1cce702)
Start importing Assets/Samples/XR Interaction Toolkit/3.0.8/Legacy XR Input Readers/Right_MenuButton.asset using Guid(27c5398b46b708047a5b8b7fa8345cc1) Importer(2089858483,192608db42251d675da83286b1cce702) (ScriptedImporter) -> (artifact id: 'fcf9d355665e1b22df839eac65742193') in 0.0199891 seconds
Number of updated asset objects reloaded before import = 0Number of asset objects unloaded after import = 1

========================================================================
Received Import Request.
  Time since last request: 0.000038 seconds.
  path: Assets/TextMesh Pro/Examples & Extras/Scripts/TMP_PhoneNumberValidator.cs
  artifactKey: Guid(83680ab1a69f4102ac67d1459fe76e1f) Importer(2089858483,192608db42251d675da83286b1cce702)
Start importing Assets/TextMesh Pro/Examples & Extras/Scripts/TMP_PhoneNumberValidator.cs using Guid(83680ab1a69f4102ac67d1459fe76e1f) Importer(2089858483,192608db42251d675da83286b1cce702) (ScriptedImporter) -> (artifact id: '1973fbcf2c998ebf7b32cb27d4c5d77f') in 0.0053767 seconds
Number of updated asset objects reloaded before import = 0Number of asset objects unloaded after import = 0

========================================================================
Received Import Request.
  Time since last request: 0.000032 seconds.
  path: Assets/PROYECTO/0_Scenes/UnityXRComprehensiveRigExample.unity
  artifactKey: Guid(22424cbd9a8b7da4992e8b44e7228380) Importer(2089858483,192608db42251d675da83286b1cce702)
Start importing Assets/PROYECTO/0_Scenes/UnityXRComprehensiveRigExample.unity using Guid(22424cbd9a8b7da4992e8b44e7228380) Importer(2089858483,192608db42251d675da83286b1cce702) (ScriptedImporter) -> (artifact id: 'd6e6c409ae6b2ea70cba5b53a20ff548') in 0.0631704 seconds
Number of updated asset objects reloaded before import = 0Number of asset objects unloaded after import = 1

========================================================================
Received Import Request.
  Time since last request: 0.000031 seconds.
  path: Assets/Samples/XR Interaction Toolkit/3.0.8/Starter Assets/AffordanceThemes/PokeSphereInteraction.asset
  artifactKey: Guid(c2712227db89c5142adad58b143bf039) Importer(2089858483,192608db42251d675da83286b1cce702)
Start importing Assets/Samples/XR Interaction Toolkit/3.0.8/Starter Assets/AffordanceThemes/PokeSphereInteraction.asset using Guid(c2712227db89c5142adad58b143bf039) Importer(2089858483,192608db42251d675da83286b1cce702) (ScriptedImporter) -> (artifact id: 'e82f5be435a1a0a4afd17f865b769898') in 0.02276 seconds
Number of updated asset objects reloaded before import = 0Number of asset objects unloaded after import = 1

========================================================================
Received Import Request.
  Time since last request: 0.000027 seconds.
  path: Assets/Samples/XR Interaction Toolkit/3.0.8/Starter Assets/Editor/StarterAssets.Editor.asmdef
  artifactKey: Guid(9233538b711383d449a485633568d17c) Importer(2089858483,192608db42251d675da83286b1cce702)
Start importing Assets/Samples/XR Interaction Toolkit/3.0.8/Starter Assets/Editor/StarterAssets.Editor.asmdef using Guid(9233538b711383d449a485633568d17c) Importer(2089858483,192608db42251d675da83286b1cce702) (ScriptedImporter) -> (artifact id: '4f76f59f35cf6cc269916cde259a03c2') in 0.007718 seconds
Number of updated asset objects reloaded before import = 0Number of asset objects unloaded after import = 1

========================================================================
Received Import Request.
  Time since last request: 0.000040 seconds.
  path: Assets/Samples/XR Interaction Toolkit/3.0.8/Starter Assets/AffordanceThemes/HighlightStrengthInteraction.asset
  artifactKey: Guid(795305341a8dbbd46ae54e9a01d6ea95) Importer(2089858483,192608db42251d675da83286b1cce702)
Start importing Assets/Samples/XR Interaction Toolkit/3.0.8/Starter Assets/AffordanceThemes/HighlightStrengthInteraction.asset using Guid(795305341a8dbbd46ae54e9a01d6ea95) Importer(2089858483,192608db42251d675da83286b1cce702) (ScriptedImporter) -> (artifact id: '8be1e9598c88a5f806194967c611c967') in 0.0082744 seconds
Number of updated asset objects reloaded before import = 0Number of asset objects unloaded after import = 1

========================================================================
Received Import Request.
  Time since last request: 0.000023 seconds.
  path: Assets/Samples/XR Interaction Toolkit/3.0.8/Starter Assets/Filters/AnyGazedAtTeleportAnchorFilter.asset
  artifactKey: Guid(0f906c94e2aa0c3488832acc1db04295) Importer(2089858483,192608db42251d675da83286b1cce702)
Start importing Assets/Samples/XR Interaction Toolkit/3.0.8/Starter Assets/Filters/AnyGazedAtTeleportAnchorFilter.asset using Guid(0f906c94e2aa0c3488832acc1db04295) Importer(2089858483,192608db42251d675da83286b1cce702) (ScriptedImporter) -> (artifact id: 'ba5e33f54dcbd29902d5653996fffd81') in 0.0159757 seconds
Number of updated asset objects reloaded before import = 0Number of asset objects unloaded after import = 1

========================================================================
Received Import Request.
  Time since last request: 0.000021 seconds.
  path: Assets/Samples/XR Interaction Toolkit/3.0.8/Starter Assets/Materials/Controller_White.mat
  artifactKey: Guid(9f12d299d16099343a3c5c0d7285822a) Importer(2089858483,192608db42251d675da83286b1cce702)
Start importing Assets/Samples/XR Interaction Toolkit/3.0.8/Starter Assets/Materials/Controller_White.mat using Guid(9f12d299d16099343a3c5c0d7285822a) Importer(2089858483,192608db42251d675da83286b1cce702) (ScriptedImporter) -> (artifact id: 'c5fc1eda4b658d797ab9d595ba83d6ad') in 0.0964561 seconds
Number of updated asset objects reloaded before import = 0Number of asset objects unloaded after import = 2

========================================================================
Received Import Request.
  Time since last request: 0.000052 seconds.
  path: Assets/TextMesh Pro/Examples & Extras/Resources/Fonts & Materials/Bangers SDF - Drop Shadow.mat
  artifactKey: Guid(f2dcf029949142e28b974630369c8b4e) Importer(2089858483,192608db42251d675da83286b1cce702)
Start importing Assets/TextMesh Pro/Examples & Extras/Resources/Fonts & Materials/Bangers SDF - Drop Shadow.mat using Guid(f2dcf029949142e28b974630369c8b4e) Importer(2089858483,192608db42251d675da83286b1cce702) (ScriptedImporter) -> (artifact id: '0e441dcd1622ea6cb41766e00d96e8c4') in 0.0177751 seconds
Number of updated asset objects reloaded before import = 0Number of asset objects unloaded after import = 2

========================================================================
Received Import Request.
  Time since last request: 0.087858 seconds.
  path: Assets/TextMesh Pro/Resources/Sprite Assets/New Custom Render Texture.asset
  artifactKey: Guid(037a8ce1e4837e34da235b1a20bb98d5) Importer(815301076,1909f56bfc062723c751e8b465ee728b)
Start importing Assets/TextMesh Pro/Resources/Sprite Assets/New Custom Render Texture.asset using Guid(037a8ce1e4837e34da235b1a20bb98d5) Importer(815301076,1909f56bfc062723c751e8b465ee728b) (PreviewImporter) -> (artifact id: 'c5f97e039ec4d3b9efdf16aa276541a3') in 0.1194462 seconds
Number of updated asset objects reloaded before import = 0Number of asset objects unloaded after import = 2

========================================================================
Received Import Request.
  Time since last request: 0.000021 seconds.
  path: Assets/Samples/XR Interaction Toolkit/3.0.8/Starter Assets/Presets/XRI Default Left Grab Move.preset
  artifactKey: Guid(e2e08fffc3edfbb47a429bae0c5a6343) Importer(2089858483,192608db42251d675da83286b1cce702)
Start importing Assets/Samples/XR Interaction Toolkit/3.0.8/Starter Assets/Presets/XRI Default Left Grab Move.preset using Guid(e2e08fffc3edfbb47a429bae0c5a6343) Importer(2089858483,192608db42251d675da83286b1cce702) (ScriptedImporter) -> (artifact id: '89a126eeae49d70fb6aa733e291a7ba9') in 0.0377628 seconds
Number of updated asset objects reloaded before import = 0Number of asset objects unloaded after import = 3

========================================================================
Received Import Request.
  Time since last request: 0.000028 seconds.
  path: Assets/Samples/XR Interaction Toolkit/3.0.8/Starter Assets/Materials/UI-NoZTest.mat
  artifactKey: Guid(6f3d696f7c3365846b6dc2402afb3d3e) Importer(2089858483,192608db42251d675da83286b1cce702)
Start importing Assets/Samples/XR Interaction Toolkit/3.0.8/Starter Assets/Materials/UI-NoZTest.mat using Guid(6f3d696f7c3365846b6dc2402afb3d3e) Importer(2089858483,192608db42251d675da83286b1cce702) (ScriptedImporter) -> (artifact id: 'd9038c0274a835e2e95e65bd1f89c107') in 0.0367311 seconds
Number of updated asset objects reloaded before import = 0Number of asset objects unloaded after import = 1

========================================================================
Received Import Request.
  Time since last request: 0.000023 seconds.
  path: Assets/Samples/XR Interaction Toolkit/3.0.8/Starter Assets/Presets/XRI Default Right Controller InputActionManager.preset
  artifactKey: Guid(55f7614a1d331d14bb631965514937d8) Importer(2089858483,192608db42251d675da83286b1cce702)
Start importing Assets/Samples/XR Interaction Toolkit/3.0.8/Starter Assets/Presets/XRI Default Right Controller InputActionManager.preset using Guid(55f7614a1d331d14bb631965514937d8) Importer(2089858483,192608db42251d675da83286b1cce702) (ScriptedImporter) -> (artifact id: '0ff43dde6ad620a39aaefd608caf883d') in 0.0128261 seconds
Number of updated asset objects reloaded before import = 0Number of asset objects unloaded after import = 8

========================================================================
Received Import Request.
  Time since last request: 0.000037 seconds.
  path: Assets/Samples/XR Interaction Toolkit/3.0.8/Starter Assets/Models/Primitive_Cylinder.fbx
  artifactKey: Guid(9e1dc1c14313460d872de39e35129b39) Importer(2089858483,192608db42251d675da83286b1cce702)
Start importing Assets/Samples/XR Interaction Toolkit/3.0.8/Starter Assets/Models/Primitive_Cylinder.fbx using Guid(9e1dc1c14313460d872de39e35129b39) Importer(2089858483,192608db42251d675da83286b1cce702) (ScriptedImporter) -> (artifact id: '5f5c7b5f8f81175b1207f15e0fbbdbec') in 0.0805895 seconds
Number of updated asset objects reloaded before import = 0Number of asset objects unloaded after import = 8

========================================================================
Received Import Request.
  Time since last request: 0.000034 seconds.
  path: Assets/Samples/XR Interaction Toolkit/3.0.8/Starter Assets/Shaders/Unlit_Fresnel.shadergraph
  artifactKey: Guid(e19b5bb6cb8e91e43b1b5d81a069296f) Importer(2089858483,192608db42251d675da83286b1cce702)
Start importing Assets/Samples/XR Interaction Toolkit/3.0.8/Starter Assets/Shaders/Unlit_Fresnel.shadergraph using Guid(e19b5bb6cb8e91e43b1b5d81a069296f) Importer(2089858483,192608db42251d675da83286b1cce702) (ScriptedImporter) -> (artifact id: '75f2116fce43e3e69fc3d8cfd52e3277') in 0.0201312 seconds
Number of updated asset objects reloaded before import = 0Number of asset objects unloaded after import = 5

========================================================================
Received Import Request.
  Time since last request: 0.000068 seconds.
  path: Assets/Samples/XR Interaction Toolkit/3.0.8/Starter Assets/Shaders/UI-NoZTest.shader
  artifactKey: Guid(a661e7516de55c047905f40ca76fe701) Importer(2089858483,192608db42251d675da83286b1cce702)
Start importing Assets/Samples/XR Interaction Toolkit/3.0.8/Starter Assets/Shaders/UI-NoZTest.shader using Guid(a661e7516de55c047905f40ca76fe701) Importer(2089858483,192608db42251d675da83286b1cce702) (ScriptedImporter) -> (artifact id: 'e1d82a3033cd10c86a7425ca88bf8196') in 0.0077253 seconds
Number of updated asset objects reloaded before import = 0Number of asset objects unloaded after import = 1

========================================================================
Received Import Request.
  Time since last request: 0.000023 seconds.
  path: Assets/Samples/XR Interaction Toolkit/3.0.8/Starter Assets/Scripts/ControllerAnimator.cs
  artifactKey: Guid(4a5f76f9ea8c80547973ab01877f9567) Importer(2089858483,192608db42251d675da83286b1cce702)
Start importing Assets/Samples/XR Interaction Toolkit/3.0.8/Starter Assets/Scripts/ControllerAnimator.cs using Guid(4a5f76f9ea8c80547973ab01877f9567) Importer(2089858483,192608db42251d675da83286b1cce702) (ScriptedImporter) -> (artifact id: '81d9b467a40874d00f2ee75c1f90f75a') in 0.0058359 seconds
Number of updated asset objects reloaded before import = 0Number of asset objects unloaded after import = 0

========================================================================
Received Import Request.
  Time since last request: 0.000020 seconds.
  path: Assets/Samples/XR Interaction Toolkit/3.0.8/Starter Assets/Scripts/DestroySelf.cs
  artifactKey: Guid(717c12e2a4cfe764ab2580b1135e10fd) Importer(2089858483,192608db42251d675da83286b1cce702)
Start importing Assets/Samples/XR Interaction Toolkit/3.0.8/Starter Assets/Scripts/DestroySelf.cs using Guid(717c12e2a4cfe764ab2580b1135e10fd) Importer(2089858483,192608db42251d675da83286b1cce702) (ScriptedImporter) -> (artifact id: 'e7a3acd26e9da89ae1dd4d25851bc323') in 0.0075689 seconds
Number of updated asset objects reloaded before import = 0Number of asset objects unloaded after import = 0

========================================================================
Received Import Request.
  Time since last request: 0.000024 seconds.
  path: Assets/Samples/XR Interaction Toolkit/3.0.8/Starter Assets/Scripts/RotationAxisLockGrabTransformer.cs
  artifactKey: Guid(4dd2e41114c62b44fbd334ca5b314352) Importer(2089858483,192608db42251d675da83286b1cce702)
Start importing Assets/Samples/XR Interaction Toolkit/3.0.8/Starter Assets/Scripts/RotationAxisLockGrabTransformer.cs using Guid(4dd2e41114c62b44fbd334ca5b314352) Importer(2089858483,192608db42251d675da83286b1cce702) (ScriptedImporter) -> (artifact id: '0572278a4d9a7c3da2a62070b5d36512') in 0.0057949 seconds
Number of updated asset objects reloaded before import = 0Number of asset objects unloaded after import = 0

========================================================================
Received Import Request.
  Time since last request: 0.000047 seconds.
  path: Assets/Samples/XR Interaction Toolkit/3.0.8/Starter Assets/Scripts/ObjectSpawner.cs
  artifactKey: Guid(956dd6cf70eaca449a45b6a95b96c8c1) Importer(2089858483,192608db42251d675da83286b1cce702)
Start importing Assets/Samples/XR Interaction Toolkit/3.0.8/Starter Assets/Scripts/ObjectSpawner.cs using Guid(956dd6cf70eaca449a45b6a95b96c8c1) Importer(2089858483,192608db42251d675da83286b1cce702) (ScriptedImporter) -> (artifact id: '1519f6f0d31cb8076852db109f4fa558') in 0.0074725 seconds
Number of updated asset objects reloaded before import = 0Number of asset objects unloaded after import = 0

========================================================================
Received Import Request.
  Time since last request: 0.000019 seconds.
  path: Assets/Samples/XR Interaction Toolkit/3.0.8/Starter Assets/Models/BlinkVisual.fbx
  artifactKey: Guid(27b7629e54b332449bfa3a4065ffe17a) Importer(2089858483,192608db42251d675da83286b1cce702)
Start importing Assets/Samples/XR Interaction Toolkit/3.0.8/Starter Assets/Models/BlinkVisual.fbx using Guid(27b7629e54b332449bfa3a4065ffe17a) Importer(2089858483,192608db42251d675da83286b1cce702) (ScriptedImporter) -> (artifact id: '53bc5daab357551182f8e477c82f5af5') in 0.014726 seconds
Number of updated asset objects reloaded before import = 0Number of asset objects unloaded after import = 8

========================================================================
Received Import Request.
  Time since last request: 0.000023 seconds.
  path: Assets/Samples/XR Interaction Toolkit/3.0.8/Starter Assets/TunnelingVignette/TunnelingVignette.shader
  artifactKey: Guid(e51b4af1e50be764e8de46e07d4e3f3f) Importer(2089858483,192608db42251d675da83286b1cce702)
Start importing Assets/Samples/XR Interaction Toolkit/3.0.8/Starter Assets/TunnelingVignette/TunnelingVignette.shader using Guid(e51b4af1e50be764e8de46e07d4e3f3f) Importer(2089858483,192608db42251d675da83286b1cce702) (ScriptedImporter) -> (artifact id: '24daa60e7bcf0a3156e5b1db41116b80') in 0.0058397 seconds
Number of updated asset objects reloaded before import = 0Number of asset objects unloaded after import = 1

========================================================================
Received Import Request.
  Time since last request: 0.000023 seconds.
  path: Assets/Samples/XR Interaction Toolkit/3.0.8/XR Device Simulator/Hand Expression Captures/Open Expression Capture.asset
  artifactKey: Guid(05293ab353dc8a747a36ed129311686d) Importer(2089858483,192608db42251d675da83286b1cce702)
Start importing Assets/Samples/XR Interaction Toolkit/3.0.8/XR Device Simulator/Hand Expression Captures/Open Expression Capture.asset using Guid(05293ab353dc8a747a36ed129311686d) Importer(2089858483,192608db42251d675da83286b1cce702) (ScriptedImporter) -> (artifact id: '1f3daf31c7d99b9bbeb691670d397e8a') in 0.0085168 seconds
Number of updated asset objects reloaded before import = 0Number of asset objects unloaded after import = 2

========================================================================
Received Import Request.
  Time since last request: 0.000034 seconds.
  path: Assets/Samples/XR Interaction Toolkit/3.0.8/Starter Assets/TunnelingVignette/TunnelingVignette.mat
  artifactKey: Guid(0a35b7e20f75a8540a2c14b9555078cb) Importer(2089858483,192608db42251d675da83286b1cce702)
Start importing Assets/Samples/XR Interaction Toolkit/3.0.8/Starter Assets/TunnelingVignette/TunnelingVignette.mat using Guid(0a35b7e20f75a8540a2c14b9555078cb) Importer(2089858483,192608db42251d675da83286b1cce702) (ScriptedImporter) -> (artifact id: '90456153a76a4db8ff9b417d6100addd') in 0.0085674 seconds
Number of updated asset objects reloaded before import = 0Number of asset objects unloaded after import = 1

========================================================================
Received Import Request.
  Time since last request: 0.000018 seconds.
  path: Assets/Samples/XR Interaction Toolkit/3.0.8/XR Device Simulator/Scripts/XRDeviceSimulatorHandsUI.cs
  artifactKey: Guid(f35ac646ecbef4ece8c3eac9e74e1828) Importer(2089858483,192608db42251d675da83286b1cce702)
Start importing Assets/Samples/XR Interaction Toolkit/3.0.8/XR Device Simulator/Scripts/XRDeviceSimulatorHandsUI.cs using Guid(f35ac646ecbef4ece8c3eac9e74e1828) Importer(2089858483,192608db42251d675da83286b1cce702) (ScriptedImporter) -> (artifact id: '475b02b3542ff6d53f38014e0ba2cf4a') in 0.0052627 seconds
Number of updated asset objects reloaded before import = 0Number of asset objects unloaded after import = 0

========================================================================
Received Import Request.
  Time since last request: 0.000018 seconds.
  path: Assets/Samples/XR Interaction Toolkit/3.0.8/XR Device Simulator/Scripts/XRDeviceSimulatorUI.cs
  artifactKey: Guid(e8b922481d9264546b97958b2c7cf0a0) Importer(2089858483,192608db42251d675da83286b1cce702)
Start importing Assets/Samples/XR Interaction Toolkit/3.0.8/XR Device Simulator/Scripts/XRDeviceSimulatorUI.cs using Guid(e8b922481d9264546b97958b2c7cf0a0) Importer(2089858483,192608db42251d675da83286b1cce702) (ScriptedImporter) -> (artifact id: '18b45ab0fb6da80fa8d5774440c68987') in 0.0061052 seconds
Number of updated asset objects reloaded before import = 0Number of asset objects unloaded after import = 0

========================================================================
Received Import Request.
  Time since last request: 0.000035 seconds.
  path: Assets/Samples/XR Interaction Toolkit/3.0.8/Starter Assets/Models/UniversalController.fbx
  artifactKey: Guid(147ae308eec018b40a7b312ae58f44c7) Importer(2089858483,192608db42251d675da83286b1cce702)
Start importing Assets/Samples/XR Interaction Toolkit/3.0.8/Starter Assets/Models/UniversalController.fbx using Guid(147ae308eec018b40a7b312ae58f44c7) Importer(2089858483,192608db42251d675da83286b1cce702) (ScriptedImporter) -> (artifact id: '527f512e846ec21141f68474c78c20b0') in 0.0267206 seconds
Number of updated asset objects reloaded before import = 0Number of asset objects unloaded after import = 51

========================================================================
Received Import Request.
  Time since last request: 0.000028 seconds.
  path: Assets/Samples/XR Interaction Toolkit/3.0.8/XR Device Simulator/Unity.XR.Interaction.Toolkit.Samples.DeviceSimulator.asmdef
  artifactKey: Guid(a0c6cb4ff4b70b44e933543a342fb2b1) Importer(2089858483,192608db42251d675da83286b1cce702)
Start importing Assets/Samples/XR Interaction Toolkit/3.0.8/XR Device Simulator/Unity.XR.Interaction.Toolkit.Samples.DeviceSimulator.asmdef using Guid(a0c6cb4ff4b70b44e933543a342fb2b1) Importer(2089858483,192608db42251d675da83286b1cce702) (ScriptedImporter) -> (artifact id: '376d5e8a9ba1254d94dba5d6cb8c13f2') in 0.0066307 seconds
Number of updated asset objects reloaded before import = 0Number of asset objects unloaded after import = 1

========================================================================
Received Import Request.
  Time since last request: 0.000020 seconds.
  path: Assets/Samples/Meta XR Core SDK/74.0.0/Mixed Reality Sample/Scripts/CustomSceneManager/DynamicSceneManagerHelper.cs
  artifactKey: Guid(cc7f55566ebbfa845a8c4e2b83070915) Importer(2089858483,192608db42251d675da83286b1cce702)
Start importing Assets/Samples/Meta XR Core SDK/74.0.0/Mixed Reality Sample/Scripts/CustomSceneManager/DynamicSceneManagerHelper.cs using Guid(cc7f55566ebbfa845a8c4e2b83070915) Importer(2089858483,192608db42251d675da83286b1cce702) (ScriptedImporter) -> (artifact id: 'aee13204ea69f20efe2a549d4947cee9') in 0.0061395 seconds
Number of updated asset objects reloaded before import = 0Number of asset objects unloaded after import = 0

========================================================================
Received Import Request.
  Time since last request: 0.000025 seconds.
  path: Assets/Samples/Meta XR Core SDK/74.0.0/Mixed Reality Sample/Scripts/CustomSceneManager/DynamicSceneManager.cs
  artifactKey: Guid(36623bf873a22fc498789172d2842726) Importer(2089858483,192608db42251d675da83286b1cce702)
Start importing Assets/Samples/Meta XR Core SDK/74.0.0/Mixed Reality Sample/Scripts/CustomSceneManager/DynamicSceneManager.cs using Guid(36623bf873a22fc498789172d2842726) Importer(2089858483,192608db42251d675da83286b1cce702) (ScriptedImporter) -> (artifact id: '63e58cf06036e07766c86793b0ce003c') in 0.0068866 seconds
Number of updated asset objects reloaded before import = 0Number of asset objects unloaded after import = 0

========================================================================
Received Import Request.
  Time since last request: 0.000029 seconds.
  path: Assets/Samples/Meta XR Interaction SDK Essentials/74.0.0/UnityXR Integration/Scripts/Editor/VerifyScenePackageDependencies.cs
  artifactKey: Guid(a9a0fb57bfa6a4c4ca9f9c98c8281429) Importer(2089858483,192608db42251d675da83286b1cce702)
Start importing Assets/Samples/Meta XR Interaction SDK Essentials/74.0.0/UnityXR Integration/Scripts/Editor/VerifyScenePackageDependencies.cs using Guid(a9a0fb57bfa6a4c4ca9f9c98c8281429) Importer(2089858483,192608db42251d675da83286b1cce702) (ScriptedImporter) -> (artifact id: '652f628296ae2fd20ad4d1b4aa71b8da') in 0.0114307 seconds
Number of updated asset objects reloaded before import = 0Number of asset objects unloaded after import = 0

========================================================================
Received Import Request.
  Time since last request: 0.000030 seconds.
  path: Assets/Samples/XR Interaction Toolkit/3.0.8/AR Starter Assets/ARDemoSceneAssets/Animation/ObjectMenu.controller
  artifactKey: Guid(ae6550a74e362409db131b3a4372b4cb) Importer(2089858483,192608db42251d675da83286b1cce702)
Start importing Assets/Samples/XR Interaction Toolkit/3.0.8/AR Starter Assets/ARDemoSceneAssets/Animation/ObjectMenu.controller using Guid(ae6550a74e362409db131b3a4372b4cb) Importer(2089858483,192608db42251d675da83286b1cce702) (ScriptedImporter) -> (artifact id: '3164209b2e52975ad1d1d3e9adcb9d6c') in 0.0104242 seconds
Number of updated asset objects reloaded before import = 0Number of asset objects unloaded after import = 7

========================================================================
Received Import Request.
  Time since last request: 0.000026 seconds.
  path: Assets/Samples/XR Interaction Toolkit/3.0.8/AR Starter Assets/ARDemoSceneAssets/Animation/MenuHide.anim
  artifactKey: Guid(a849d36c09e49445db8756e10ac2dbe7) Importer(2089858483,192608db42251d675da83286b1cce702)
Start importing Assets/Samples/XR Interaction Toolkit/3.0.8/AR Starter Assets/ARDemoSceneAssets/Animation/MenuHide.anim using Guid(a849d36c09e49445db8756e10ac2dbe7) Importer(2089858483,192608db42251d675da83286b1cce702) (ScriptedImporter) -> (artifact id: 'e9477f0677d8e7a714e443122170477b') in 0.0262247 seconds
Number of updated asset objects reloaded before import = 0Number of asset objects unloaded after import = 1

========================================================================
Received Import Request.
  Time since last request: 0.000024 seconds.
  path: Assets/Samples/XR Interaction Toolkit/3.0.8/AR Starter Assets/ARDemoSceneAssets/Models/Primitive_Arch.fbx
  artifactKey: Guid(1b1d3fffb2c30434b903b78194cc0997) Importer(2089858483,192608db42251d675da83286b1cce702)
Start importing Assets/Samples/XR Interaction Toolkit/3.0.8/AR Starter Assets/ARDemoSceneAssets/Models/Primitive_Arch.fbx using Guid(1b1d3fffb2c30434b903b78194cc0997) Importer(2089858483,192608db42251d675da83286b1cce702) (ScriptedImporter) -> (artifact id: '8bde35bb60ac54be97517eeefc42859d') in 0.0189339 seconds
Number of updated asset objects reloaded before import = 0Number of asset objects unloaded after import = 7

========================================================================
Received Import Request.
  Time since last request: 0.000028 seconds.
  path: Assets/TLab/TLabWebViewVR/XRInteractionToolkit/Samples/Scenes/XRInteractionToolkit Sample.unity
  artifactKey: Guid(8bcc0278569dd0442b0b5feeba45e2c4) Importer(2089858483,192608db42251d675da83286b1cce702)
Start importing Assets/TLab/TLabWebViewVR/XRInteractionToolkit/Samples/Scenes/XRInteractionToolkit Sample.unity using Guid(8bcc0278569dd0442b0b5feeba45e2c4) Importer(2089858483,192608db42251d675da83286b1cce702) (ScriptedImporter) -> (artifact id: '18000e6f73c054dfa3777942663d5455') in 0.0123726 seconds
Number of updated asset objects reloaded before import = 0Number of asset objects unloaded after import = 1

========================================================================
Received Import Request.
  Time since last request: 0.000029 seconds.
  path: Assets/Samples/XR Interaction Toolkit/3.0.8/AR Starter Assets/ARDemoSceneAssets/Sprites/Icon - Create.png
  artifactKey: Guid(7ec65d81ee53b4a76babde6fa254b6e1) Importer(2089858483,192608db42251d675da83286b1cce702)
Start importing Assets/Samples/XR Interaction Toolkit/3.0.8/AR Starter Assets/ARDemoSceneAssets/Sprites/Icon - Create.png using Guid(7ec65d81ee53b4a76babde6fa254b6e1) Importer(2089858483,192608db42251d675da83286b1cce702) (ScriptedImporter) -> (artifact id: '8626b0480a7cb17459cd53aa79edf533') in 0.0731538 seconds
Number of updated asset objects reloaded before import = 0Number of asset objects unloaded after import = 3

========================================================================
Received Import Request.
  Time since last request: 0.000025 seconds.
  path: Assets/Samples/XR Interaction Toolkit/3.0.8/AR Starter Assets/ARDemoSceneAssets/Sprites/Button - Rounded Radius - 4px.png
  artifactKey: Guid(df3b17ab68da00343a77bebb0c295407) Importer(2089858483,192608db42251d675da83286b1cce702)
Start importing Assets/Samples/XR Interaction Toolkit/3.0.8/AR Starter Assets/ARDemoSceneAssets/Sprites/Button - Rounded Radius - 4px.png using Guid(df3b17ab68da00343a77bebb0c295407) Importer(2089858483,192608db42251d675da83286b1cce702) (ScriptedImporter) -> (artifact id: 'a5a1745ac9773ec878f9d97c0467abae') in 0.0162506 seconds
Number of updated asset objects reloaded before import = 0Number of asset objects unloaded after import = 3

========================================================================
Received Import Request.
  Time since last request: 0.000025 seconds.
  path: Assets/Samples/XR Interaction Toolkit/3.0.8/AR Starter Assets/ARDemoSceneAssets/Models/Primitive_Torus.fbx
  artifactKey: Guid(a100fee70bb8248c49f00bd953b097c2) Importer(2089858483,192608db42251d675da83286b1cce702)
Start importing Assets/Samples/XR Interaction Toolkit/3.0.8/AR Starter Assets/ARDemoSceneAssets/Models/Primitive_Torus.fbx using Guid(a100fee70bb8248c49f00bd953b097c2) Importer(2089858483,192608db42251d675da83286b1cce702) (ScriptedImporter) -> (artifact id: 'fc136656e76673bcd967b40ad1a017a7') in 0.0183673 seconds
Number of updated asset objects reloaded before import = 0Number of asset objects unloaded after import = 7

========================================================================
Received Import Request.
  Time since last request: 0.000048 seconds.
  path: Assets/Samples/XR Interaction Toolkit/3.0.8/AR Starter Assets/ARDemoSceneAssets/Sprites/Button - Rounded Highlight.png
  artifactKey: Guid(c5adfe294554543868fc7cf60dded650) Importer(2089858483,192608db42251d675da83286b1cce702)
Start importing Assets/Samples/XR Interaction Toolkit/3.0.8/AR Starter Assets/ARDemoSceneAssets/Sprites/Button - Rounded Highlight.png using Guid(c5adfe294554543868fc7cf60dded650) Importer(2089858483,192608db42251d675da83286b1cce702) (ScriptedImporter) -> (artifact id: '744d8e7fccc24cd1c04d1e5d3f6ef417') in 0.0174972 seconds
Number of updated asset objects reloaded before import = 0Number of asset objects unloaded after import = 3

========================================================================
Received Import Request.
  Time since last request: 0.000019 seconds.
  path: Assets/Samples/XR Interaction Toolkit/3.0.8/AR Starter Assets/ARDemoSceneAssets/Models/Primitive_Wedge.fbx
  artifactKey: Guid(504f04868fdec43fea10caa71569c542) Importer(2089858483,192608db42251d675da83286b1cce702)
Start importing Assets/Samples/XR Interaction Toolkit/3.0.8/AR Starter Assets/ARDemoSceneAssets/Models/Primitive_Wedge.fbx using Guid(504f04868fdec43fea10caa71569c542) Importer(2089858483,192608db42251d675da83286b1cce702) (ScriptedImporter) -> (artifact id: '5c2c93d97a3bf97519863fd890ccb15e') in 0.0129757 seconds
Number of updated asset objects reloaded before import = 0Number of asset objects unloaded after import = 7

========================================================================
Received Import Request.
  Time since last request: 0.000024 seconds.
  path: Assets/Samples/XR Interaction Toolkit/3.0.8/AR Starter Assets/ARDemoSceneAssets/Sprites/Button - Circular BG.png
  artifactKey: Guid(7347b6042ec9e40c4a3cbd7077c91e67) Importer(2089858483,192608db42251d675da83286b1cce702)
Start importing Assets/Samples/XR Interaction Toolkit/3.0.8/AR Starter Assets/ARDemoSceneAssets/Sprites/Button - Circular BG.png using Guid(7347b6042ec9e40c4a3cbd7077c91e67) Importer(2089858483,192608db42251d675da83286b1cce702) (ScriptedImporter) -> (artifact id: '6e5cff3f56e771f9d105044875f5d43f') in 0.0148248 seconds
Number of updated asset objects reloaded before import = 0Number of asset objects unloaded after import = 3

========================================================================
Received Import Request.
  Time since last request: 0.000029 seconds.
  path: Assets/Samples/XR Interaction Toolkit/3.0.8/Hands Interaction Demo/HandsDemoSceneAssets/Affordances/Scale.asset
  artifactKey: Guid(6c5f857510aad3f4c8df41fd90e934a5) Importer(2089858483,192608db42251d675da83286b1cce702)
Start importing Assets/Samples/XR Interaction Toolkit/3.0.8/Hands Interaction Demo/HandsDemoSceneAssets/Affordances/Scale.asset using Guid(6c5f857510aad3f4c8df41fd90e934a5) Importer(2089858483,192608db42251d675da83286b1cce702) (ScriptedImporter) -> (artifact id: '6a714ada8f5d101cd5293509e987ab3f') in 0.0111592 seconds
Number of updated asset objects reloaded before import = 0Number of asset objects unloaded after import = 1

========================================================================
Received Import Request.
  Time since last request: 0.000044 seconds.
  path: Assets/Samples/XR Interaction Toolkit/3.0.8/Hands Interaction Demo/HandsDemoSceneAssets/Materials/AccentButton.mat
  artifactKey: Guid(53c16fb5d5c516b40a1f6a8fc34132f3) Importer(2089858483,192608db42251d675da83286b1cce702)
Start importing Assets/Samples/XR Interaction Toolkit/3.0.8/Hands Interaction Demo/HandsDemoSceneAssets/Materials/AccentButton.mat using Guid(53c16fb5d5c516b40a1f6a8fc34132f3) Importer(2089858483,192608db42251d675da83286b1cce702) (ScriptedImporter) -> (artifact id: 'fc94fcb1fc406abfb9302dc14e5e5503') in 0.0106598 seconds
Number of updated asset objects reloaded before import = 0Number of asset objects unloaded after import = 2

========================================================================
Received Import Request.
  Time since last request: 0.000017 seconds.
  path: Assets/Samples/XR Interaction Toolkit/3.0.8/AR Starter Assets/ARDemoSceneAssets/Sprites/Icon - Object - Rounded Cube.png
  artifactKey: Guid(930e939e9def94ef69711892eaa9af81) Importer(2089858483,192608db42251d675da83286b1cce702)
Start importing Assets/Samples/XR Interaction Toolkit/3.0.8/AR Starter Assets/ARDemoSceneAssets/Sprites/Icon - Object - Rounded Cube.png using Guid(930e939e9def94ef69711892eaa9af81) Importer(2089858483,192608db42251d675da83286b1cce702) (ScriptedImporter) -> (artifact id: 'ccb86166bd7bf597ade7469a3d08ecf7') in 0.0166317 seconds
Number of updated asset objects reloaded before import = 0Number of asset objects unloaded after import = 3

========================================================================
Received Import Request.
  Time since last request: 0.000024 seconds.
  path: Assets/Samples/XR Interaction Toolkit/3.0.8/AR Starter Assets/ARDemoSceneAssets/Sprites/Icon - Object - Wedge.png
  artifactKey: Guid(27d12ab07620b42e1b6f840310624d58) Importer(2089858483,192608db42251d675da83286b1cce702)
Start importing Assets/Samples/XR Interaction Toolkit/3.0.8/AR Starter Assets/ARDemoSceneAssets/Sprites/Icon - Object - Wedge.png using Guid(27d12ab07620b42e1b6f840310624d58) Importer(2089858483,192608db42251d675da83286b1cce702) (ScriptedImporter) -> (artifact id: '7de1d5abda81de72c25a0f6bb929bb54') in 0.0253576 seconds
Number of updated asset objects reloaded before import = 0Number of asset objects unloaded after import = 3

========================================================================
Received Import Request.
  Time since last request: 0.000026 seconds.
  path: Assets/Samples/XR Interaction Toolkit/3.0.8/Hands Interaction Demo/HandsDemoSceneAssets/Audio/ButtonHover.wav
  artifactKey: Guid(9a6d738025ed59f4fb946bb59c20e774) Importer(2089858483,192608db42251d675da83286b1cce702)
Start importing Assets/Samples/XR Interaction Toolkit/3.0.8/Hands Interaction Demo/HandsDemoSceneAssets/Audio/ButtonHover.wav using Guid(9a6d738025ed59f4fb946bb59c20e774) Importer(2089858483,192608db42251d675da83286b1cce702) (ScriptedImporter) -> (artifact id: 'e0d05a9dc07a80d07f3e8c87efb88d46') in 0.0374992 seconds
Number of updated asset objects reloaded before import = 0Number of asset objects unloaded after import = 1

========================================================================
Received Import Request.
  Time since last request: 0.000032 seconds.
  path: Assets/Samples/XR Interaction Toolkit/3.0.8/Hands Interaction Demo/HandsDemoSceneAssets/Affordances/ChessPieceColor.asset
  artifactKey: Guid(c39d3614cd6089347a01b0743003ae34) Importer(2089858483,192608db42251d675da83286b1cce702)
Start importing Assets/Samples/XR Interaction Toolkit/3.0.8/Hands Interaction Demo/HandsDemoSceneAssets/Affordances/ChessPieceColor.asset using Guid(c39d3614cd6089347a01b0743003ae34) Importer(2089858483,192608db42251d675da83286b1cce702) (ScriptedImporter) -> (artifact id: '14456d79ae72a88c7813de977a38c7d5') in 0.0118425 seconds
Number of updated asset objects reloaded before import = 0Number of asset objects unloaded after import = 1

========================================================================
Received Import Request.
  Time since last request: 0.000029 seconds.
  path: Assets/Resources/OculusRuntimeSettings.asset
  artifactKey: Guid(1a1a2769f816b8749a7d1bb49019717b) Importer(2089858483,192608db42251d675da83286b1cce702)
Start importing Assets/Resources/OculusRuntimeSettings.asset using Guid(1a1a2769f816b8749a7d1bb49019717b) Importer(2089858483,192608db42251d675da83286b1cce702) (ScriptedImporter) -> (artifact id: 'cd7baf62e5e6ba2351474cefc81b7740') in 0.0113932 seconds
Number of updated asset objects reloaded before import = 0Number of asset objects unloaded after import = 1

========================================================================
Received Import Request.
  Time since last request: 0.000028 seconds.
  path: Assets/Samples/XR Interaction Toolkit/3.0.8/Hands Interaction Demo/HandsDemoSceneAssets/Prefabs/SimpleSocketShape.prefab
  artifactKey: Guid(d81193b4b57486b46b4762e8b26d2de8) Importer(2089858483,192608db42251d675da83286b1cce702)
Start importing Assets/Samples/XR Interaction Toolkit/3.0.8/Hands Interaction Demo/HandsDemoSceneAssets/Prefabs/SimpleSocketShape.prefab using Guid(d81193b4b57486b46b4762e8b26d2de8) Importer(2089858483,192608db42251d675da83286b1cce702) (ScriptedImporter) -> (artifact id: '60c19c22d28365033960c20f3d788a32') in 0.0902554 seconds
Number of updated asset objects reloaded before import = 0Number of asset objects unloaded after import = 29

========================================================================
Received Import Request.
  Time since last request: 0.000022 seconds.
  path: Assets/Samples/XR Interaction Toolkit/3.0.8/Hands Interaction Demo/HandsDemoSceneAssets/Prefabs/AudioAffordance.prefab
  artifactKey: Guid(1c54cdd9a14d96049a8d37d422bd0e17) Importer(2089858483,192608db42251d675da83286b1cce702)
Start importing Assets/Samples/XR Interaction Toolkit/3.0.8/Hands Interaction Demo/HandsDemoSceneAssets/Prefabs/AudioAffordance.prefab using Guid(1c54cdd9a14d96049a8d37d422bd0e17) Importer(2089858483,192608db42251d675da83286b1cce702) (ScriptedImporter) -> (artifact id: '0a5a1ac32dd3a55ca20b212765e86ee5') in 0.0589121 seconds
Number of updated asset objects reloaded before import = 0Number of asset objects unloaded after import = 9

========================================================================
Received Import Request.
  Time since last request: 0.000084 seconds.
  path: Assets/Samples/XR Interaction Toolkit/3.0.8/Hands Interaction Demo/HandsDemoSceneAssets/Materials/FrameOutline.mat
  artifactKey: Guid(54f7c59213ac02b4d9f00104348dbac3) Importer(2089858483,192608db42251d675da83286b1cce702)
Start importing Assets/Samples/XR Interaction Toolkit/3.0.8/Hands Interaction Demo/HandsDemoSceneAssets/Materials/FrameOutline.mat using Guid(54f7c59213ac02b4d9f00104348dbac3) Importer(2089858483,192608db42251d675da83286b1cce702) (ScriptedImporter) -> (artifact id: '92325a62a122e4aed8f430e9f435cbe3') in 0.0080711 seconds
Number of updated asset objects reloaded before import = 0Number of asset objects unloaded after import = 1

========================================================================
Received Import Request.
  Time since last request: 0.000026 seconds.
  path: Assets/Samples/XR Interaction Toolkit/3.0.8/Hands Interaction Demo/HandsDemoSceneAssets/Prefabs/Cylinder.prefab
  artifactKey: Guid(531d9182cdbe93948a57bd87a1e47fdf) Importer(2089858483,192608db42251d675da83286b1cce702)
Start importing Assets/Samples/XR Interaction Toolkit/3.0.8/Hands Interaction Demo/HandsDemoSceneAssets/Prefabs/Cylinder.prefab using Guid(531d9182cdbe93948a57bd87a1e47fdf) Importer(2089858483,192608db42251d675da83286b1cce702) (ScriptedImporter) -> (artifact id: '117b58a426d8111938c25c98e519b894') in 0.0251719 seconds
Number of updated asset objects reloaded before import = 0Number of asset objects unloaded after import = 23

========================================================================
Received Import Request.
  Time since last request: 0.000017 seconds.
  path: Assets/Samples/XR Interaction Toolkit/3.0.8/Hands Interaction Demo/HandsDemoSceneAssets/Prefabs/Cube.prefab
  artifactKey: Guid(f5afcb7f49afad5419049090809f5cc7) Importer(2089858483,192608db42251d675da83286b1cce702)
Start importing Assets/Samples/XR Interaction Toolkit/3.0.8/Hands Interaction Demo/HandsDemoSceneAssets/Prefabs/Cube.prefab using Guid(f5afcb7f49afad5419049090809f5cc7) Importer(2089858483,192608db42251d675da83286b1cce702) (ScriptedImporter) -> (artifact id: 'dcccb1d4fce6709fdbf4d062d89b263d') in 0.0270929 seconds
Number of updated asset objects reloaded before import = 0Number of asset objects unloaded after import = 23

========================================================================
Received Import Request.
  Time since last request: 0.000021 seconds.
  path: Assets/Samples/XR Interaction Toolkit/3.0.8/Hands Interaction Demo/HandsDemoSceneAssets/Scripts/ToggleGraphicToggler.cs
  artifactKey: Guid(d3cd1891521c8e143a04e7fd344a64d5) Importer(2089858483,192608db42251d675da83286b1cce702)
Start importing Assets/Samples/XR Interaction Toolkit/3.0.8/Hands Interaction Demo/HandsDemoSceneAssets/Scripts/ToggleGraphicToggler.cs using Guid(d3cd1891521c8e143a04e7fd344a64d5) Importer(2089858483,192608db42251d675da83286b1cce702) (ScriptedImporter) -> (artifact id: '7ee2e97f52697ad69b7de53a8260567e') in 0.0114606 seconds
Number of updated asset objects reloaded before import = 0Number of asset objects unloaded after import = 0

========================================================================
Received Import Request.
  Time since last request: 0.000048 seconds.
  path: Assets/Samples/XR Interaction Toolkit/3.0.8/Hands Interaction Demo/Shaders/Subgraphs/FadeFromCenter.shadersubgraph
  artifactKey: Guid(42ba907d16ca12e4ea44090883108545) Importer(2089858483,192608db42251d675da83286b1cce702)
Start importing Assets/Samples/XR Interaction Toolkit/3.0.8/Hands Interaction Demo/Shaders/Subgraphs/FadeFromCenter.shadersubgraph using Guid(42ba907d16ca12e4ea44090883108545) Importer(2089858483,192608db42251d675da83286b1cce702) (ScriptedImporter) -> (artifact id: 'ee8ea951c1edcf8384ce428c84dc94cd') in 0.0143079 seconds
Number of updated asset objects reloaded before import = 0Number of asset objects unloaded after import = 1

========================================================================
Received Import Request.
  Time since last request: 0.000014 seconds.
  path: Assets/Samples/XR Interaction Toolkit/3.0.8/Spatial Keyboard/Editor/Scripts/XRKeyboardDisplayEditor.cs
  artifactKey: Guid(933dba84a98d0a94facc4dd555755984) Importer(2089858483,192608db42251d675da83286b1cce702)
Start importing Assets/Samples/XR Interaction Toolkit/3.0.8/Spatial Keyboard/Editor/Scripts/XRKeyboardDisplayEditor.cs using Guid(933dba84a98d0a94facc4dd555755984) Importer(2089858483,192608db42251d675da83286b1cce702) (ScriptedImporter) -> (artifact id: '028a818920511fc10bab48577725718d') in 0.0061353 seconds
Number of updated asset objects reloaded before import = 0Number of asset objects unloaded after import = 0

========================================================================
Received Import Request.
  Time since last request: 0.000019 seconds.
  path: Assets/Samples/XR Interaction Toolkit/3.0.8/Hands Interaction Demo/HandsDemoSceneAssets/Materials/Controls_Black.mat
  artifactKey: Guid(f95c205049f12cc4cb5bd57dbded286c) Importer(2089858483,192608db42251d675da83286b1cce702)
Start importing Assets/Samples/XR Interaction Toolkit/3.0.8/Hands Interaction Demo/HandsDemoSceneAssets/Materials/Controls_Black.mat using Guid(f95c205049f12cc4cb5bd57dbded286c) Importer(2089858483,192608db42251d675da83286b1cce702) (ScriptedImporter) -> (artifact id: 'd54fbca2751784a5979e27c35f6ea85f') in 0.0085461 seconds
Number of updated asset objects reloaded before import = 0Number of asset objects unloaded after import = 1

========================================================================
Received Import Request.
  Time since last request: 0.000024 seconds.
  path: Assets/Samples/XR Interaction Toolkit/3.0.8/Hands Interaction Demo/HandsDemoSceneAssets/Scripts/PokeBlendShapeAnimator.cs
  artifactKey: Guid(78373ff495dc8234887e0cbdc7140022) Importer(2089858483,192608db42251d675da83286b1cce702)
Start importing Assets/Samples/XR Interaction Toolkit/3.0.8/Hands Interaction Demo/HandsDemoSceneAssets/Scripts/PokeBlendShapeAnimator.cs using Guid(78373ff495dc8234887e0cbdc7140022) Importer(2089858483,192608db42251d675da83286b1cce702) (ScriptedImporter) -> (artifact id: '881d41450a1cfa7684b464abe407c4bf') in 0.0070668 seconds
Number of updated asset objects reloaded before import = 0Number of asset objects unloaded after import = 0

========================================================================
Received Import Request.
  Time since last request: 0.000069 seconds.
  path: Assets/Samples/XR Interaction Toolkit/3.0.8/Hands Interaction Demo/HandsDemoSceneAssets/Materials/Table Surface.mat
  artifactKey: Guid(6c72d2d2ead00e54db4b71b27ffb03d4) Importer(2089858483,192608db42251d675da83286b1cce702)
Start importing Assets/Samples/XR Interaction Toolkit/3.0.8/Hands Interaction Demo/HandsDemoSceneAssets/Materials/Table Surface.mat using Guid(6c72d2d2ead00e54db4b71b27ffb03d4) Importer(2089858483,192608db42251d675da83286b1cce702) (ScriptedImporter) -> (artifact id: 'ef1eb9532dc3a815dd08f9c132b9155f') in 0.0089717 seconds
Number of updated asset objects reloaded before import = 0Number of asset objects unloaded after import = 1

========================================================================
Received Import Request.
  Time since last request: 0.000022 seconds.
  path: Assets/Samples/XR Interaction Toolkit/3.0.8/Spatial Keyboard/Editor/Scripts/SpatialKeyboardSampleProjectValidation.cs
  artifactKey: Guid(50fef6c461e4ab04ebeadac7b7e61185) Importer(2089858483,192608db42251d675da83286b1cce702)
Start importing Assets/Samples/XR Interaction Toolkit/3.0.8/Spatial Keyboard/Editor/Scripts/SpatialKeyboardSampleProjectValidation.cs using Guid(50fef6c461e4ab04ebeadac7b7e61185) Importer(2089858483,192608db42251d675da83286b1cce702) (ScriptedImporter) -> (artifact id: 'ee91915bbfeb0035d716a35fe59672c8') in 0.0050138 seconds
Number of updated asset objects reloaded before import = 0Number of asset objects unloaded after import = 0

========================================================================
Received Import Request.
  Time since last request: 0.000018 seconds.
  path: Assets/Samples/XR Interaction Toolkit/3.0.8/Starter Assets/DemoSceneAssets/Models/Primitive_Tapered_Cylinder.fbx
  artifactKey: Guid(e3493855a112e8248a2ea2c9828a51a1) Importer(2089858483,192608db42251d675da83286b1cce702)
Start importing Assets/Samples/XR Interaction Toolkit/3.0.8/Starter Assets/DemoSceneAssets/Models/Primitive_Tapered_Cylinder.fbx using Guid(e3493855a112e8248a2ea2c9828a51a1) Importer(2089858483,192608db42251d675da83286b1cce702) (ScriptedImporter) -> (artifact id: '875937161d3b55e3cd44cce7ef3b658b') in 0.0184335 seconds
Number of updated asset objects reloaded before import = 0Number of asset objects unloaded after import = 8

========================================================================
Received Import Request.
  Time since last request: 0.000026 seconds.
  path: Assets/Samples/XR Interaction Toolkit/3.0.8/Starter Assets/DemoSceneAssets/Models/Primitive_Cylinder.fbx
  artifactKey: Guid(73b694bb0f61cd14e9e1ed7b578ac09a) Importer(2089858483,192608db42251d675da83286b1cce702)
Start importing Assets/Samples/XR Interaction Toolkit/3.0.8/Starter Assets/DemoSceneAssets/Models/Primitive_Cylinder.fbx using Guid(73b694bb0f61cd14e9e1ed7b578ac09a) Importer(2089858483,192608db42251d675da83286b1cce702) (ScriptedImporter) -> (artifact id: '37f29103ed0d14583bf5d24c48c439d0') in 0.0232443 seconds
Number of updated asset objects reloaded before import = 0Number of asset objects unloaded after import = 8

========================================================================
Received Import Request.
  Time since last request: 0.000033 seconds.
  path: Assets/Samples/XR Interaction Toolkit/3.0.8/Spatial Keyboard/Scripts/KeyFunctions/LayoutFunction.cs
  artifactKey: Guid(0f25471b9f361d64ba3aebe064d73092) Importer(2089858483,192608db42251d675da83286b1cce702)
Start importing Assets/Samples/XR Interaction Toolkit/3.0.8/Spatial Keyboard/Scripts/KeyFunctions/LayoutFunction.cs using Guid(0f25471b9f361d64ba3aebe064d73092) Importer(2089858483,192608db42251d675da83286b1cce702) (ScriptedImporter) -> (artifact id: '808a52176d928b4b47ddda4cdf550c96') in 0.0048802 seconds
Number of updated asset objects reloaded before import = 0Number of asset objects unloaded after import = 0

========================================================================
Received Import Request.
  Time since last request: 0.000019 seconds.
  path: Assets/Samples/XR Interaction Toolkit/3.0.8/Starter Assets/DemoSceneAssets/Materials/Lit White.mat
  artifactKey: Guid(fc226930e8fad4c499969204cecfbc05) Importer(2089858483,192608db42251d675da83286b1cce702)
Start importing Assets/Samples/XR Interaction Toolkit/3.0.8/Starter Assets/DemoSceneAssets/Materials/Lit White.mat using Guid(fc226930e8fad4c499969204cecfbc05) Importer(2089858483,192608db42251d675da83286b1cce702) (ScriptedImporter) -> (artifact id: 'f78ebaa59a9bdb9b1ea765ce3ba39619') in 0.0099999 seconds
Number of updated asset objects reloaded before import = 0Number of asset objects unloaded after import = 2

========================================================================
Received Import Request.
  Time since last request: 0.000023 seconds.
  path: Assets/Samples/XR Interaction Toolkit/3.0.8/Spatial Keyboard/Scripts/KeyFunctions/KeyCodeFunction.cs
  artifactKey: Guid(92861f72e977a244cb0be6d8410a8d99) Importer(2089858483,192608db42251d675da83286b1cce702)
Start importing Assets/Samples/XR Interaction Toolkit/3.0.8/Spatial Keyboard/Scripts/KeyFunctions/KeyCodeFunction.cs using Guid(92861f72e977a244cb0be6d8410a8d99) Importer(2089858483,192608db42251d675da83286b1cce702) (ScriptedImporter) -> (artifact id: '1a739c5b1f32c21d60a9b3f75c2c66fe') in 0.0055923 seconds
Number of updated asset objects reloaded before import = 0Number of asset objects unloaded after import = 0

========================================================================
Received Import Request.
  Time since last request: 0.000019 seconds.
  path: Assets/Samples/XR Interaction Toolkit/3.0.8/Spatial Keyboard/Scripts/KeyFunctions/HideFunction.cs
  artifactKey: Guid(58528143acafcd44e93258c8e6a59dc5) Importer(2089858483,192608db42251d675da83286b1cce702)
Start importing Assets/Samples/XR Interaction Toolkit/3.0.8/Spatial Keyboard/Scripts/KeyFunctions/HideFunction.cs using Guid(58528143acafcd44e93258c8e6a59dc5) Importer(2089858483,192608db42251d675da83286b1cce702) (ScriptedImporter) -> (artifact id: '2f51ed7d608e4581575f31a4c48d77c8') in 0.0128349 seconds
Number of updated asset objects reloaded before import = 0Number of asset objects unloaded after import = 0

========================================================================
Received Import Request.
  Time since last request: 0.000027 seconds.
  path: Assets/Samples/XR Interaction Toolkit/3.0.8/Hands Interaction Demo/AffordanceThemes/HandEdgeColor.asset
  artifactKey: Guid(f94337e1a5a93c7438d8f8508b246e6d) Importer(2089858483,192608db42251d675da83286b1cce702)
Start importing Assets/Samples/XR Interaction Toolkit/3.0.8/Hands Interaction Demo/AffordanceThemes/HandEdgeColor.asset using Guid(f94337e1a5a93c7438d8f8508b246e6d) Importer(2089858483,192608db42251d675da83286b1cce702) (ScriptedImporter) -> (artifact id: 'caaff8a009e08c3a4f3e160bad48b807') in 0.0080357 seconds
Number of updated asset objects reloaded before import = 0Number of asset objects unloaded after import = 1

========================================================================
Received Import Request.
  Time since last request: 0.000027 seconds.
  path: Assets/Samples/XR Interaction Toolkit/3.0.8/Starter Assets/DemoSceneAssets/Scripts/MultiAnchorTeleportReticle.cs
  artifactKey: Guid(e001d3dc91354f8f8c590b4e1d1d3da9) Importer(2089858483,192608db42251d675da83286b1cce702)
Start importing Assets/Samples/XR Interaction Toolkit/3.0.8/Starter Assets/DemoSceneAssets/Scripts/MultiAnchorTeleportReticle.cs using Guid(e001d3dc91354f8f8c590b4e1d1d3da9) Importer(2089858483,192608db42251d675da83286b1cce702) (ScriptedImporter) -> (artifact id: '725381bcf8bb4411bfaa1ad9fa2e13ed') in 0.0066412 seconds
Number of updated asset objects reloaded before import = 0Number of asset objects unloaded after import = 0

========================================================================
Received Import Request.
  Time since last request: 0.000018 seconds.
  path: Assets/Samples/XR Interaction Toolkit/3.0.8/Starter Assets/DemoSceneAssets/Sprites/Round Radius 4.png
  artifactKey: Guid(affa059594145a843b81788037b4ee21) Importer(2089858483,192608db42251d675da83286b1cce702)
Start importing Assets/Samples/XR Interaction Toolkit/3.0.8/Starter Assets/DemoSceneAssets/Sprites/Round Radius 4.png using Guid(affa059594145a843b81788037b4ee21) Importer(2089858483,192608db42251d675da83286b1cce702) (ScriptedImporter) -> (artifact id: 'cf8ddb54dbff33c26da3fe66ea724d4d') in 0.0146007 seconds
Number of updated asset objects reloaded before import = 0Number of asset objects unloaded after import = 3

========================================================================
Received Import Request.
  Time since last request: 0.000022 seconds.
  path: Assets/Samples/XR Interaction Toolkit/3.0.8/Starter Assets/DemoSceneAssets/Sprites/Asset.png
  artifactKey: Guid(17d565bb4a7744b41b7e4dc7e3a09e35) Importer(2089858483,192608db42251d675da83286b1cce702)
Start importing Assets/Samples/XR Interaction Toolkit/3.0.8/Starter Assets/DemoSceneAssets/Sprites/Asset.png using Guid(17d565bb4a7744b41b7e4dc7e3a09e35) Importer(2089858483,192608db42251d675da83286b1cce702) (ScriptedImporter) -> (artifact id: 'ff07abf9486dd6c681d6b0ea0565b73a') in 0.0144498 seconds
Number of updated asset objects reloaded before import = 0Number of asset objects unloaded after import = 3

========================================================================
Received Import Request.
  Time since last request: 0.000030 seconds.
  path: Assets/Samples/XR Interaction Toolkit/3.0.8/Starter Assets/DemoSceneAssets/Models/Primitive_Torus_Cut.fbx
  artifactKey: Guid(46c1c422ff6897f49a404b012dc924d3) Importer(2089858483,192608db42251d675da83286b1cce702)
Start importing Assets/Samples/XR Interaction Toolkit/3.0.8/Starter Assets/DemoSceneAssets/Models/Primitive_Torus_Cut.fbx using Guid(46c1c422ff6897f49a404b012dc924d3) Importer(2089858483,192608db42251d675da83286b1cce702) (ScriptedImporter) -> (artifact id: '099c76df9f68e18c6665b5d375e75576') in 0.015466 seconds
Number of updated asset objects reloaded before import = 0Number of asset objects unloaded after import = 8

========================================================================
Received Import Request.
  Time since last request: 0.000023 seconds.
  path: Assets/Samples/XR Interaction Toolkit/3.0.8/Starter Assets/DemoSceneAssets/Prefabs/InteractionAffordance.prefab
  artifactKey: Guid(eb9104ef66b7305468adb3697fdeed5e) Importer(2089858483,192608db42251d675da83286b1cce702)
Start importing Assets/Samples/XR Interaction Toolkit/3.0.8/Starter Assets/DemoSceneAssets/Prefabs/InteractionAffordance.prefab using Guid(eb9104ef66b7305468adb3697fdeed5e) Importer(2089858483,192608db42251d675da83286b1cce702) (ScriptedImporter) -> (artifact id: 'ecf96f7d7be2d5dd33f446a7ce8f2d47') in 0.0347272 seconds
Number of updated asset objects reloaded before import = 0Number of asset objects unloaded after import = 10

========================================================================
Received Import Request.
  Time since last request: 0.000020 seconds.
  path: Assets/Samples/XR Interaction Toolkit/3.0.8/Starter Assets/DemoSceneAssets/Prefabs/Teleportation Environment.prefab
  artifactKey: Guid(3e07eccb5e6f459d886de95044adb1d9) Importer(2089858483,192608db42251d675da83286b1cce702)
Start importing Assets/Samples/XR Interaction Toolkit/3.0.8/Starter Assets/DemoSceneAssets/Prefabs/Teleportation Environment.prefab using Guid(3e07eccb5e6f459d886de95044adb1d9) Importer(2089858483,192608db42251d675da83286b1cce702) (ScriptedImporter) -> (artifact id: '887bd353c6e6516c4e2ea5b0dd34e5df') in 0.024394 seconds
Number of updated asset objects reloaded before import = 0Number of asset objects unloaded after import = 103

========================================================================
Received Import Request.
  Time since last request: 0.000019 seconds.
  path: Assets/TextMesh Pro/Examples & Extras/Scripts/Benchmark01_UGUI.cs
  artifactKey: Guid(8ef7be1c625941f7ba8ed7cc71718c0d) Importer(2089858483,192608db42251d675da83286b1cce702)
Start importing Assets/TextMesh Pro/Examples & Extras/Scripts/Benchmark01_UGUI.cs using Guid(8ef7be1c625941f7ba8ed7cc71718c0d) Importer(2089858483,192608db42251d675da83286b1cce702) (ScriptedImporter) -> (artifact id: 'b3f2553b2882f17983330c7b2d4212fb') in 0.0066971 seconds
Number of updated asset objects reloaded before import = 0Number of asset objects unloaded after import = 0

========================================================================
Received Import Request.
  Time since last request: 0.000033 seconds.
  path: Assets/Samples/XR Interaction Toolkit/3.0.8/Starter Assets/Prefabs/Controllers/XR Controller Left.prefab
  artifactKey: Guid(1392f805216c47742996d4742c80721c) Importer(2089858483,192608db42251d675da83286b1cce702)
Start importing Assets/Samples/XR Interaction Toolkit/3.0.8/Starter Assets/Prefabs/Controllers/XR Controller Left.prefab using Guid(1392f805216c47742996d4742c80721c) Importer(2089858483,192608db42251d675da83286b1cce702) (ScriptedImporter) -> (artifact id: 'e198195ec3e5c3b778ba0d4feda4e101') in 0.1973065 seconds
Number of updated asset objects reloaded before import = 0Number of asset objects unloaded after import = 59

========================================================================
Received Import Request.
  Time since last request: 0.000026 seconds.
  path: Assets/Samples/XR Interaction Toolkit/3.0.8/Starter Assets/Editor/Scripts/StarterAssetsSampleProjectValidation.cs
  artifactKey: Guid(ef67ceb22b2224643a2d5004fc2a678a) Importer(2089858483,192608db42251d675da83286b1cce702)
Start importing Assets/Samples/XR Interaction Toolkit/3.0.8/Starter Assets/Editor/Scripts/StarterAssetsSampleProjectValidation.cs using Guid(ef67ceb22b2224643a2d5004fc2a678a) Importer(2089858483,192608db42251d675da83286b1cce702) (ScriptedImporter) -> (artifact id: '34db0e5370cc3e34bd7a1314a1840617') in 0.00676 seconds
Number of updated asset objects reloaded before import = 0Number of asset objects unloaded after import = 0

========================================================================
Received Import Request.
  Time since last request: 0.000083 seconds.
  path: Assets/Samples/XR Interaction Toolkit/3.0.8/Starter Assets/Prefabs/Interactors/Poke Interactor.prefab
  artifactKey: Guid(27024f5809f4a4347b9cd7f26a1bdf93) Importer(2089858483,192608db42251d675da83286b1cce702)
Start importing Assets/Samples/XR Interaction Toolkit/3.0.8/Starter Assets/Prefabs/Interactors/Poke Interactor.prefab using Guid(27024f5809f4a4347b9cd7f26a1bdf93) Importer(2089858483,192608db42251d675da83286b1cce702) (ScriptedImporter) -> (artifact id: '98d84b02ea161628a8ece4a6487ce8ba') in 0.0617712 seconds
Number of updated asset objects reloaded before import = 0Number of asset objects unloaded after import = 12

========================================================================
Received Import Request.
  Time since last request: 0.000020 seconds.
  path: Assets/Samples/XR Interaction Toolkit/3.0.8/Starter Assets/Prefabs/Teleport/Climb Teleport Arrow.prefab
  artifactKey: Guid(ae1968658b9687b47976fe86c062168f) Importer(2089858483,192608db42251d675da83286b1cce702)
Start importing Assets/Samples/XR Interaction Toolkit/3.0.8/Starter Assets/Prefabs/Teleport/Climb Teleport Arrow.prefab using Guid(ae1968658b9687b47976fe86c062168f) Importer(2089858483,192608db42251d675da83286b1cce702) (ScriptedImporter) -> (artifact id: 'ff5c938eb16b548fe929fc2d24cff040') in 0.0196659 seconds
Number of updated asset objects reloaded before import = 0Number of asset objects unloaded after import = 27

========================================================================
Received Import Request.
  Time since last request: 0.000028 seconds.
  path: Assets/Samples/XR Interaction Toolkit/3.0.8/XR Device Simulator/UI/General/btn_bgbottom.png
  artifactKey: Guid(89cb99e3e22696848a1cbce7b320f520) Importer(2089858483,192608db42251d675da83286b1cce702)
Start importing Assets/Samples/XR Interaction Toolkit/3.0.8/XR Device Simulator/UI/General/btn_bgbottom.png using Guid(89cb99e3e22696848a1cbce7b320f520) Importer(2089858483,192608db42251d675da83286b1cce702) (ScriptedImporter) -> (artifact id: '034eb3713e491cdd1d2a12e337a721ea') in 0.0146537 seconds
Number of updated asset objects reloaded before import = 0Number of asset objects unloaded after import = 3

========================================================================
Received Import Request.
  Time since last request: 0.000028 seconds.
  path: Assets/Samples/XR Interaction Toolkit/3.0.8/XR Device Simulator/UI/General/Gripper.png
  artifactKey: Guid(17689808316e14280ad508a625c4c88f) Importer(2089858483,192608db42251d675da83286b1cce702)
Start importing Assets/Samples/XR Interaction Toolkit/3.0.8/XR Device Simulator/UI/General/Gripper.png using Guid(17689808316e14280ad508a625c4c88f) Importer(2089858483,192608db42251d675da83286b1cce702) (ScriptedImporter) -> (artifact id: '1fd2f1fb1c735592113507e137deb669') in 0.0149754 seconds
Number of updated asset objects reloaded before import = 0Number of asset objects unloaded after import = 3

========================================================================
Received Import Request.
  Time since last request: 0.000022 seconds.
  path: Assets/Samples/XR Interaction Toolkit/3.0.8/XR Device Simulator/UI/ControllerDevice/xr_ctlr.png
  artifactKey: Guid(7d7a2f6c5e996e24388af5a8227afdcf) Importer(2089858483,192608db42251d675da83286b1cce702)
Start importing Assets/Samples/XR Interaction Toolkit/3.0.8/XR Device Simulator/UI/ControllerDevice/xr_ctlr.png using Guid(7d7a2f6c5e996e24388af5a8227afdcf) Importer(2089858483,192608db42251d675da83286b1cce702) (ScriptedImporter) -> (artifact id: 'eb28c776f5b7d6297d92afbfd14735c2') in 0.0153136 seconds
Number of updated asset objects reloaded before import = 0Number of asset objects unloaded after import = 3

========================================================================
Received Import Request.
  Time since last request: 0.000023 seconds.
  path: Assets/Samples/XR Interaction Toolkit/3.0.8/XR Device Simulator/UI/Hands/Hand_Default.png
  artifactKey: Guid(7d3dbc333af046c4193982e1166659dd) Importer(2089858483,192608db42251d675da83286b1cce702)
Start importing Assets/Samples/XR Interaction Toolkit/3.0.8/XR Device Simulator/UI/Hands/Hand_Default.png using Guid(7d3dbc333af046c4193982e1166659dd) Importer(2089858483,192608db42251d675da83286b1cce702) (ScriptedImporter) -> (artifact id: '4f6e6fa58ad7c42af4906726d3ca5234') in 0.0167689 seconds
Number of updated asset objects reloaded before import = 0Number of asset objects unloaded after import = 3

========================================================================
Received Import Request.
  Time since last request: 0.000024 seconds.
  path: Assets/Samples/XR Interaction Toolkit/3.0.8/XR Device Simulator/UI/General/KeyboardIcon.png
  artifactKey: Guid(76dc0abb2ebb44c9a9bd39266f0b3c91) Importer(2089858483,192608db42251d675da83286b1cce702)
Start importing Assets/Samples/XR Interaction Toolkit/3.0.8/XR Device Simulator/UI/General/KeyboardIcon.png using Guid(76dc0abb2ebb44c9a9bd39266f0b3c91) Importer(2089858483,192608db42251d675da83286b1cce702) (ScriptedImporter) -> (artifact id: '9691553cf64fbec8cac972e8e389e06a') in 0.0166769 seconds
Number of updated asset objects reloaded before import = 0Number of asset objects unloaded after import = 3

========================================================================
Received Import Request.
  Time since last request: 0.000027 seconds.
  path: Assets/Samples/XR Interaction Toolkit/3.0.8/Hands Interaction Demo/Prefabs/HandPokeInteractorAffordances.prefab
  artifactKey: Guid(eed9e61964b17194d94ce56bffabb610) Importer(2089858483,192608db42251d675da83286b1cce702)
Start importing Assets/Samples/XR Interaction Toolkit/3.0.8/Hands Interaction Demo/Prefabs/HandPokeInteractorAffordances.prefab using Guid(eed9e61964b17194d94ce56bffabb610) Importer(2089858483,192608db42251d675da83286b1cce702) (ScriptedImporter) -> (artifact id: 'e23a6ac2bb5d0c98014b5454d16e3f3a') in 0.0695461 seconds
Number of updated asset objects reloaded before import = 0Number of asset objects unloaded after import = 10

========================================================================
Received Import Request.
  Time since last request: 0.000032 seconds.
  path: Assets/Samples/XR Interaction Toolkit/3.0.8/XR Device Simulator/UI/HeadDevice/xr_hmd.png
  artifactKey: Guid(08548d5ac6b7bc64da0b332636c5cc91) Importer(2089858483,192608db42251d675da83286b1cce702)
Start importing Assets/Samples/XR Interaction Toolkit/3.0.8/XR Device Simulator/UI/HeadDevice/xr_hmd.png using Guid(08548d5ac6b7bc64da0b332636c5cc91) Importer(2089858483,192608db42251d675da83286b1cce702) (ScriptedImporter) -> (artifact id: 'd35952ff170455c0b251680210745b09') in 0.0257354 seconds
Number of updated asset objects reloaded before import = 0Number of asset objects unloaded after import = 3

========================================================================
Received Import Request.
  Time since last request: 0.000024 seconds.
  path: Assets/Samples/XR Interaction Toolkit/3.0.8/XR Device Simulator/UI/HeadDevice/XR.png
  artifactKey: Guid(0265e2b6afccd49de9c1f0b3a1fb4285) Importer(2089858483,192608db42251d675da83286b1cce702)
Start importing Assets/Samples/XR Interaction Toolkit/3.0.8/XR Device Simulator/UI/HeadDevice/XR.png using Guid(0265e2b6afccd49de9c1f0b3a1fb4285) Importer(2089858483,192608db42251d675da83286b1cce702) (ScriptedImporter) -> (artifact id: 'fd6b3384dcca1bc79d324e7f8d87faf8') in 0.02562 seconds
Number of updated asset objects reloaded before import = 0Number of asset objects unloaded after import = 3

========================================================================
Received Import Request.
  Time since last request: 0.000028 seconds.
  path: Assets/Samples/XR Interaction Toolkit/3.0.8/XR Device Simulator/UI/Mouse/Cursor.png
  artifactKey: Guid(9e4e923f2e0534a56b6a0c2321388194) Importer(2089858483,192608db42251d675da83286b1cce702)
Start importing Assets/Samples/XR Interaction Toolkit/3.0.8/XR Device Simulator/UI/Mouse/Cursor.png using Guid(9e4e923f2e0534a56b6a0c2321388194) Importer(2089858483,192608db42251d675da83286b1cce702) (ScriptedImporter) -> (artifact id: 'e935d13c02318408ceac02742e3a11ee') in 0.0161417 seconds
Number of updated asset objects reloaded before import = 0Number of asset objects unloaded after import = 3

========================================================================
Received Import Request.
  Time since last request: 0.000017 seconds.
  path: Assets/Samples/XR Interaction Toolkit/3.0.8/XR Device Simulator/UI/HeadDevice/MoveRotateTool.png
  artifactKey: Guid(139237a044d8e4255b40bb472c842087) Importer(2089858483,192608db42251d675da83286b1cce702)
Start importing Assets/Samples/XR Interaction Toolkit/3.0.8/XR Device Simulator/UI/HeadDevice/MoveRotateTool.png using Guid(139237a044d8e4255b40bb472c842087) Importer(2089858483,192608db42251d675da83286b1cce702) (ScriptedImporter) -> (artifact id: '3a9a57368f76ccbd0c95564ce6d1b2de') in 0.0176036 seconds
Number of updated asset objects reloaded before import = 0Number of asset objects unloaded after import = 3

========================================================================
Received Import Request.
  Time since last request: 0.000018 seconds.
  path: Assets/TextMesh Pro/Examples & Extras/Textures/Text Overflow - Linked Text Image 1.png
  artifactKey: Guid(4ccf43d26c4748c792174516f4a8fcef) Importer(2089858483,192608db42251d675da83286b1cce702)
Start importing Assets/TextMesh Pro/Examples & Extras/Textures/Text Overflow - Linked Text Image 1.png using Guid(4ccf43d26c4748c792174516f4a8fcef) Importer(2089858483,192608db42251d675da83286b1cce702) (ScriptedImporter) -> (artifact id: '2f03fd5b01c54165014839c135dca60f') in 0.0166846 seconds
Number of updated asset objects reloaded before import = 0Number of asset objects unloaded after import = 1

========================================================================
Received Import Request.
  Time since last request: 0.000025 seconds.
  path: Assets/Samples/XR Interaction Toolkit/3.0.8/Hands Interaction Demo/AffordanceThemes/FingerColor.asset
  artifactKey: Guid(ec1df508c6fb9eb45ae9f181ff6bbe82) Importer(2089858483,192608db42251d675da83286b1cce702)
Start importing Assets/Samples/XR Interaction Toolkit/3.0.8/Hands Interaction Demo/AffordanceThemes/FingerColor.asset using Guid(ec1df508c6fb9eb45ae9f181ff6bbe82) Importer(2089858483,192608db42251d675da83286b1cce702) (ScriptedImporter) -> (artifact id: '36777c3b763c460921f8643cb8568476') in 0.0095411 seconds
Number of updated asset objects reloaded before import = 0Number of asset objects unloaded after import = 1

========================================================================
Received Import Request.
  Time since last request: 0.000064 seconds.
  path: Assets/Samples/XR Interaction Toolkit/3.0.8/Starter Assets/DemoSceneAssets/Prefabs/Interactables/Blaser-Long.prefab
  artifactKey: Guid(fe7fcf44eedd467489de26ce92577bc3) Importer(2089858483,192608db42251d675da83286b1cce702)
Start importing Assets/Samples/XR Interaction Toolkit/3.0.8/Starter Assets/DemoSceneAssets/Prefabs/Interactables/Blaser-Long.prefab using Guid(fe7fcf44eedd467489de26ce92577bc3) Importer(2089858483,192608db42251d675da83286b1cce702) (ScriptedImporter) -> (artifact id: '0c0debd92c2271e40d69d9053b10884d') in 0.0314669 seconds
Number of updated asset objects reloaded before import = 0Number of asset objects unloaded after import = 33

========================================================================
Received Import Request.
  Time since last request: 0.000023 seconds.
  path: Assets/Samples/XR Interaction Toolkit/3.0.8/Hands Interaction Demo/HandsDemoSceneAssets/Models/Primitives/Cylinder.fbx
  artifactKey: Guid(bf65382e5e6d14e7f8140e4204ce07e2) Importer(2089858483,192608db42251d675da83286b1cce702)
Start importing Assets/Samples/XR Interaction Toolkit/3.0.8/Hands Interaction Demo/HandsDemoSceneAssets/Models/Primitives/Cylinder.fbx using Guid(bf65382e5e6d14e7f8140e4204ce07e2) Importer(2089858483,192608db42251d675da83286b1cce702) (ScriptedImporter) -> (artifact id: '2ef7db657576122ec29f3ac20887d315') in 0.0157233 seconds
Number of updated asset objects reloaded before import = 0Number of asset objects unloaded after import = 8

========================================================================
Received Import Request.
  Time since last request: 0.000016 seconds.
  path: Assets/Samples/XR Interaction Toolkit/3.0.8/Hands Interaction Demo/HandsDemoSceneAssets/Prefabs/UI/ScrollHandMenu.prefab
  artifactKey: Guid(30194602712a0eb4980318e2379d1bb8) Importer(2089858483,192608db42251d675da83286b1cce702)
Start importing Assets/Samples/XR Interaction Toolkit/3.0.8/Hands Interaction Demo/HandsDemoSceneAssets/Prefabs/UI/ScrollHandMenu.prefab using Guid(30194602712a0eb4980318e2379d1bb8) Importer(2089858483,192608db42251d675da83286b1cce702) (ScriptedImporter) -> (artifact id: '50335abcfaab636f215cf1a791ba567b') in 0.0443198 seconds
Number of updated asset objects reloaded before import = 0Number of asset objects unloaded after import = 243

========================================================================
Received Import Request.
  Time since last request: 0.000029 seconds.
  path: Assets/Samples/XR Interaction Toolkit/3.0.8/Starter Assets/DemoSceneAssets/Prefabs/Climb/Multi Floor Ladder.prefab
  artifactKey: Guid(652585f331bff7e44afb8fe71ec2119f) Importer(2089858483,192608db42251d675da83286b1cce702)
Start importing Assets/Samples/XR Interaction Toolkit/3.0.8/Starter Assets/DemoSceneAssets/Prefabs/Climb/Multi Floor Ladder.prefab using Guid(652585f331bff7e44afb8fe71ec2119f) Importer(2089858483,192608db42251d675da83286b1cce702) (ScriptedImporter) -> (artifact id: 'ffbda3bd792570e729e4cb908c04ef7b') in 0.038247 seconds
Number of updated asset objects reloaded before import = 0Number of asset objects unloaded after import = 292

========================================================================
Received Import Request.
  Time since last request: 0.000041 seconds.
  path: Assets/Samples/XR Interaction Toolkit/3.0.8/Hands Interaction Demo/HandsDemoSceneAssets/Models/Primitives/Cone.fbx
  artifactKey: Guid(30ab630b2b7264c1c85cca8ce81b06c3) Importer(2089858483,192608db42251d675da83286b1cce702)
Start importing Assets/Samples/XR Interaction Toolkit/3.0.8/Hands Interaction Demo/HandsDemoSceneAssets/Models/Primitives/Cone.fbx using Guid(30ab630b2b7264c1c85cca8ce81b06c3) Importer(2089858483,192608db42251d675da83286b1cce702) (ScriptedImporter) -> (artifact id: 'c22e1a807f6248adc2914e1251c831f5') in 0.0165501 seconds
Number of updated asset objects reloaded before import = 0Number of asset objects unloaded after import = 8

========================================================================
Received Import Request.
  Time since last request: 0.000038 seconds.
  path: Assets/Samples/Meta XR Interaction ​SDK/74.0.1/Example Scenes/HandGrabUseExamples.unity
  artifactKey: Guid(509f8fa80c708b343a603a4771d35c85) Importer(2089858483,192608db42251d675da83286b1cce702)
Start importing Assets/Samples/Meta XR Interaction ​SDK/74.0.1/Example Scenes/HandGrabUseExamples.unity using Guid(509f8fa80c708b343a603a4771d35c85) Importer(2089858483,192608db42251d675da83286b1cce702) (ScriptedImporter) -> (artifact id: '4d7fa8520f62d7a0c530a92bf55111ed') in 0.0349325 seconds
Number of updated asset objects reloaded before import = 0Number of asset objects unloaded after import = 1

========================================================================
Received Import Request.
  Time since last request: 0.000040 seconds.
  path: Assets/Samples/XR Interaction Toolkit/3.0.8/Starter Assets/DemoSceneAssets/Prefabs/Interactables/Torus-Cut.prefab
  artifactKey: Guid(833cb867d186193418fc107735ae3139) Importer(2089858483,192608db42251d675da83286b1cce702)
Start importing Assets/Samples/XR Interaction Toolkit/3.0.8/Starter Assets/DemoSceneAssets/Prefabs/Interactables/Torus-Cut.prefab using Guid(833cb867d186193418fc107735ae3139) Importer(2089858483,192608db42251d675da83286b1cce702) (ScriptedImporter) -> (artifact id: 'd7224a63403fd02127a46343ff212a0e') in 0.0199155 seconds
Number of updated asset objects reloaded before import = 0Number of asset objects unloaded after import = 22

========================================================================
Received Import Request.
  Time since last request: 0.000036 seconds.
  path: Assets/Samples/XR Interaction Toolkit/3.0.8/Starter Assets/DemoSceneAssets/Prefabs/Interactables/Torus.prefab
  artifactKey: Guid(521327bdbcb341f782d36f02cab76cb0) Importer(2089858483,192608db42251d675da83286b1cce702)
Start importing Assets/Samples/XR Interaction Toolkit/3.0.8/Starter Assets/DemoSceneAssets/Prefabs/Interactables/Torus.prefab using Guid(521327bdbcb341f782d36f02cab76cb0) Importer(2089858483,192608db42251d675da83286b1cce702) (ScriptedImporter) -> (artifact id: '43343276ce9ea48e6470480db77703b7') in 0.0203703 seconds
Number of updated asset objects reloaded before import = 0Number of asset objects unloaded after import = 23

========================================================================
Received Import Request.
  Time since last request: 0.000024 seconds.
  path: Assets/Samples/XR Interaction Toolkit/3.0.8/Starter Assets/DemoSceneAssets/Prefabs/Interactables/Cube.prefab
  artifactKey: Guid(2e16046ebcbcb6742a86569d82e56cce) Importer(2089858483,192608db42251d675da83286b1cce702)
Start importing Assets/Samples/XR Interaction Toolkit/3.0.8/Starter Assets/DemoSceneAssets/Prefabs/Interactables/Cube.prefab using Guid(2e16046ebcbcb6742a86569d82e56cce) Importer(2089858483,192608db42251d675da83286b1cce702) (ScriptedImporter) -> (artifact id: 'e23285671cbfec9b6c586a41c116e748') in 0.0308632 seconds
Number of updated asset objects reloaded before import = 0Number of asset objects unloaded after import = 18

========================================================================
Received Import Request.
  Time since last request: 0.000025 seconds.
  path: Assets/Samples/XR Interaction Toolkit/3.0.8/Starter Assets/DemoSceneAssets/Prefabs/Teleport/Teleport Area.prefab
  artifactKey: Guid(beb4e2871579447497fe41dfb108e2cd) Importer(2089858483,192608db42251d675da83286b1cce702)
Start importing Assets/Samples/XR Interaction Toolkit/3.0.8/Starter Assets/DemoSceneAssets/Prefabs/Teleport/Teleport Area.prefab using Guid(beb4e2871579447497fe41dfb108e2cd) Importer(2089858483,192608db42251d675da83286b1cce702) (ScriptedImporter) -> (artifact id: '55038c0f48d0b2e16070ab93c907bdc5') in 0.0260422 seconds
Number of updated asset objects reloaded before import = 0Number of asset objects unloaded after import = 10

========================================================================
Received Import Request.
  Time since last request: 0.000039 seconds.
  path: Assets/Samples/XR Interaction Toolkit/3.0.8/Spatial Keyboard/Layouts/LayoutSymbols.asset
  artifactKey: Guid(846fe994ca156db429b72643cdf7c042) Importer(2089858483,192608db42251d675da83286b1cce702)
Start importing Assets/Samples/XR Interaction Toolkit/3.0.8/Spatial Keyboard/Layouts/LayoutSymbols.asset using Guid(846fe994ca156db429b72643cdf7c042) Importer(2089858483,192608db42251d675da83286b1cce702) (ScriptedImporter) -> (artifact id: '1d4755b1f7942aa2f2373595679a89ca') in 0.0143868 seconds
Number of updated asset objects reloaded before import = 0Number of asset objects unloaded after import = 10

========================================================================
Received Import Request.
  Time since last request: 0.000029 seconds.
  path: Assets/Samples/XR Interaction Toolkit/3.0.8/Starter Assets/DemoSceneAssets/Prefabs/UI/Text Toggle.prefab
  artifactKey: Guid(6a448845c7017044e8a9f3d711cfe825) Importer(2089858483,192608db42251d675da83286b1cce702)
Start importing Assets/Samples/XR Interaction Toolkit/3.0.8/Starter Assets/DemoSceneAssets/Prefabs/UI/Text Toggle.prefab using Guid(6a448845c7017044e8a9f3d711cfe825) Importer(2089858483,192608db42251d675da83286b1cce702) (ScriptedImporter) -> (artifact id: 'fea00b4cfee4e43465c050dffaa45a8a') in 0.0882895 seconds
Number of updated asset objects reloaded before import = 0Number of asset objects unloaded after import = 28

========================================================================
Received Import Request.
  Time since last request: 0.000025 seconds.
  path: Assets/Samples/XR Interaction Toolkit/3.0.8/Spatial Keyboard/Scripts/XRKeyboard.cs
  artifactKey: Guid(4f17a1b36fcb274449d030ef08f66941) Importer(2089858483,192608db42251d675da83286b1cce702)
Start importing Assets/Samples/XR Interaction Toolkit/3.0.8/Spatial Keyboard/Scripts/XRKeyboard.cs using Guid(4f17a1b36fcb274449d030ef08f66941) Importer(2089858483,192608db42251d675da83286b1cce702) (ScriptedImporter) -> (artifact id: '5117ffd157cf00a84d54541b81e36d6b') in 0.0074934 seconds
Number of updated asset objects reloaded before import = 0Number of asset objects unloaded after import = 0

========================================================================
Received Import Request.
  Time since last request: 0.000026 seconds.
  path: Assets/Samples/XR Interaction Toolkit/3.0.8/Spatial Keyboard/Models/CurvedHandle.fbx
  artifactKey: Guid(ae54ba12b7f49c840a53ce0b50b389b6) Importer(2089858483,192608db42251d675da83286b1cce702)
Start importing Assets/Samples/XR Interaction Toolkit/3.0.8/Spatial Keyboard/Models/CurvedHandle.fbx using Guid(ae54ba12b7f49c840a53ce0b50b389b6) Importer(2089858483,192608db42251d675da83286b1cce702) (ScriptedImporter) -> (artifact id: '8b5fab74716cca0dd3951db22d32da44') in 0.0144845 seconds
Number of updated asset objects reloaded before import = 0Number of asset objects unloaded after import = 7

========================================================================
Received Import Request.
  Time since last request: 0.000039 seconds.
  path: Assets/Samples/XR Interaction Toolkit/3.0.8/XR Device Simulator/UI/Hands/Hand_Thumb.png
  artifactKey: Guid(3b2e62babc5249f42921c2cd027852cd) Importer(2089858483,192608db42251d675da83286b1cce702)
Start importing Assets/Samples/XR Interaction Toolkit/3.0.8/XR Device Simulator/UI/Hands/Hand_Thumb.png using Guid(3b2e62babc5249f42921c2cd027852cd) Importer(2089858483,192608db42251d675da83286b1cce702) (ScriptedImporter) -> (artifact id: 'cc864eb87ad05c959d965bcf21cdbafd') in 0.0155261 seconds
Number of updated asset objects reloaded before import = 0Number of asset objects unloaded after import = 3

========================================================================
Received Import Request.
  Time since last request: 0.000021 seconds.
  path: Assets/Samples/Meta XR Interaction ​SDK/74.0.1/Example Scenes/ConcurrentHandsControllersExamples.unity
  artifactKey: Guid(10824ac1a08b9a0459de4c071e1db2aa) Importer(2089858483,192608db42251d675da83286b1cce702)
Start importing Assets/Samples/Meta XR Interaction ​SDK/74.0.1/Example Scenes/ConcurrentHandsControllersExamples.unity using Guid(10824ac1a08b9a0459de4c071e1db2aa) Importer(2089858483,192608db42251d675da83286b1cce702) (ScriptedImporter) -> (artifact id: '73cce4b64cbd52402059dbd3beb3cf51') in 0.030511 seconds
Number of updated asset objects reloaded before import = 0Number of asset objects unloaded after import = 1

========================================================================
Received Import Request.
  Time since last request: 0.000023 seconds.
  path: Assets/Samples/XR Interaction Toolkit/3.0.8/Starter Assets/DemoSceneAssets/Prefabs/UI/Interactive Controls.prefab
  artifactKey: Guid(7bbb1960bab3e75459304488d8d1ffba) Importer(2089858483,192608db42251d675da83286b1cce702)
Start importing Assets/Samples/XR Interaction Toolkit/3.0.8/Starter Assets/DemoSceneAssets/Prefabs/UI/Interactive Controls.prefab using Guid(7bbb1960bab3e75459304488d8d1ffba) Importer(2089858483,192608db42251d675da83286b1cce702) (ScriptedImporter) -> (artifact id: '5912357e049e5cc5c8eb53cf5c3ef524') in 0.0559023 seconds
Number of updated asset objects reloaded before import = 0Number of asset objects unloaded after import = 204

========================================================================
Received Import Request.
  Time since last request: 0.000055 seconds.
  path: Assets/MetaXR/MetaXRProjectSettings.asset
  artifactKey: Guid(716f98c0a8e0cf74cbfe588070df994f) Importer(2089858483,192608db42251d675da83286b1cce702)
Start importing Assets/MetaXR/MetaXRProjectSettings.asset using Guid(716f98c0a8e0cf74cbfe588070df994f) Importer(2089858483,192608db42251d675da83286b1cce702) (ScriptedImporter) -> (artifact id: '6e321e58fdf44ee113f6e5c3532fb744') in 0.0126363 seconds
Number of updated asset objects reloaded before import = 0Number of asset objects unloaded after import = 1

========================================================================
Received Import Request.
  Time since last request: 0.000041 seconds.
  path: Assets/PROYECTO/1_Material/agarres4.mat
  artifactKey: Guid(0612743e5c8fa0a42a577e8748259e97) Importer(2089858483,192608db42251d675da83286b1cce702)
Start importing Assets/PROYECTO/1_Material/agarres4.mat using Guid(0612743e5c8fa0a42a577e8748259e97) Importer(2089858483,192608db42251d675da83286b1cce702) (ScriptedImporter) -> (artifact id: 'd1ce2e9ded8797f1d16f07de1babc989') in 0.0124718 seconds
Number of updated asset objects reloaded before import = 0Number of asset objects unloaded after import = 6

========================================================================
Received Import Request.
  Time since last request: 0.000031 seconds.
  path: Assets/PROYECTO/0_Scenes/panel con webview multiple.unity
  artifactKey: Guid(eaf165f00ce64624d994a9eb0f40fd83) Importer(2089858483,192608db42251d675da83286b1cce702)
Start importing Assets/PROYECTO/0_Scenes/panel con webview multiple.unity using Guid(eaf165f00ce64624d994a9eb0f40fd83) Importer(2089858483,192608db42251d675da83286b1cce702) (ScriptedImporter) -> (artifact id: 'd71fabde44219010fa08a6f932cb13ca') in 0.0520852 seconds
Number of updated asset objects reloaded before import = 0Number of asset objects unloaded after import = 1

========================================================================
Received Import Request.
  Time since last request: 0.000024 seconds.
  path: Assets/TextMesh Pro/Examples & Extras/Scripts/TMP_TextEventCheck.cs
  artifactKey: Guid(d736ce056cf444ca96e424f4d9c42b76) Importer(2089858483,192608db42251d675da83286b1cce702)
Start importing Assets/TextMesh Pro/Examples & Extras/Scripts/TMP_TextEventCheck.cs using Guid(d736ce056cf444ca96e424f4d9c42b76) Importer(2089858483,192608db42251d675da83286b1cce702) (ScriptedImporter) -> (artifact id: '8565412ff2bcdfdc241e972d8a57d34d') in 0.0059904 seconds
Number of updated asset objects reloaded before import = 0Number of asset objects unloaded after import = 0

========================================================================
Received Import Request.
  Time since last request: 0.000031 seconds.
  path: Assets/Samples/XR Interaction Toolkit/3.0.8/XR Device Simulator/UI/ControllerDevice/ControllerLeft.png
  artifactKey: Guid(10abf1be8eef148d4aa4b96b2af7a9f0) Importer(2089858483,192608db42251d675da83286b1cce702)
Start importing Assets/Samples/XR Interaction Toolkit/3.0.8/XR Device Simulator/UI/ControllerDevice/ControllerLeft.png using Guid(10abf1be8eef148d4aa4b96b2af7a9f0) Importer(2089858483,192608db42251d675da83286b1cce702) (ScriptedImporter) -> (artifact id: 'd825c00e69b0b03f69b57c8e682a5220') in 0.0185415 seconds
Number of updated asset objects reloaded before import = 0Number of asset objects unloaded after import = 3

========================================================================
Received Import Request.
  Time since last request: 0.000029 seconds.
  path: Assets/Samples/XR Interaction Toolkit/3.0.8/Starter Assets/DemoSceneAssets/Settings/TeleportVolumeDestinationSettings.asset
  artifactKey: Guid(8d66c9762e1587643a1164368c8a2c58) Importer(2089858483,192608db42251d675da83286b1cce702)
Start importing Assets/Samples/XR Interaction Toolkit/3.0.8/Starter Assets/DemoSceneAssets/Settings/TeleportVolumeDestinationSettings.asset using Guid(8d66c9762e1587643a1164368c8a2c58) Importer(2089858483,192608db42251d675da83286b1cce702) (ScriptedImporter) -> (artifact id: 'cd59b51944a11abd5d9638ea29916447') in 0.0114544 seconds
Number of updated asset objects reloaded before import = 0Number of asset objects unloaded after import = 2

========================================================================
Received Import Request.
  Time since last request: 0.000027 seconds.
  path: Assets/Samples/XR Interaction Toolkit/3.0.8/Starter Assets/AffordanceThemes/HighlightInteractionColor.asset
  artifactKey: Guid(8b0b5aede76faac438e02d2a468f4805) Importer(2089858483,192608db42251d675da83286b1cce702)
Start importing Assets/Samples/XR Interaction Toolkit/3.0.8/Starter Assets/AffordanceThemes/HighlightInteractionColor.asset using Guid(8b0b5aede76faac438e02d2a468f4805) Importer(2089858483,192608db42251d675da83286b1cce702) (ScriptedImporter) -> (artifact id: 'c81e174d44784c514ac19c864374b8c8') in 0.0094121 seconds
Number of updated asset objects reloaded before import = 0Number of asset objects unloaded after import = 1

========================================================================
Received Import Request.
  Time since last request: 0.000021 seconds.
  path: Assets/Samples/Meta XR Core SDK/74.0.0/Sample Scenes/ControllerModels.unity
  artifactKey: Guid(39cfe7aa0a2d46c47994d8d0308ec663) Importer(2089858483,192608db42251d675da83286b1cce702)
Start importing Assets/Samples/Meta XR Core SDK/74.0.0/Sample Scenes/ControllerModels.unity using Guid(39cfe7aa0a2d46c47994d8d0308ec663) Importer(2089858483,192608db42251d675da83286b1cce702) (ScriptedImporter) -> (artifact id: 'de7bfd540983db0f1b51d0f07afb2928') in 0.012633 seconds
Number of updated asset objects reloaded before import = 0Number of asset objects unloaded after import = 1

========================================================================
Received Import Request.
  Time since last request: 0.000036 seconds.
  path: Assets/PROYECTO/1_Material/View material.mat
  artifactKey: Guid(8728a8f9caed716429cd73b264d4f23b) Importer(2089858483,192608db42251d675da83286b1cce702)
Start importing Assets/PROYECTO/1_Material/View material.mat using Guid(8728a8f9caed716429cd73b264d4f23b) Importer(2089858483,192608db42251d675da83286b1cce702) (ScriptedImporter) -> (artifact id: '894e6b5d07179fdf643f3469612216e3') in 0.0125397 seconds
Number of updated asset objects reloaded before import = 0Number of asset objects unloaded after import = 1

========================================================================
Received Import Request.
  Time since last request: 0.000018 seconds.
  path: Assets/PROYECTO/3_Sound/ButtonHover.wav
  artifactKey: Guid(0e50a76b0959e0347a99e9dded3108c6) Importer(2089858483,192608db42251d675da83286b1cce702)
Start importing Assets/PROYECTO/3_Sound/ButtonHover.wav using Guid(0e50a76b0959e0347a99e9dded3108c6) Importer(2089858483,192608db42251d675da83286b1cce702) (ScriptedImporter) -> (artifact id: 'd9cc9907b5813e58bf64130c77df91e4') in 0.0412513 seconds
Number of updated asset objects reloaded before import = 0Number of asset objects unloaded after import = 1

========================================================================
Received Import Request.
  Time since last request: 0.000024 seconds.
  path: Assets/Samples/TLabWebView/1.0.6/Sample Scenes/Mobile Sample.unity
  artifactKey: Guid(ac777b5d5c78b423ea90ad712f4f0288) Importer(2089858483,192608db42251d675da83286b1cce702)
Start importing Assets/Samples/TLabWebView/1.0.6/Sample Scenes/Mobile Sample.unity using Guid(ac777b5d5c78b423ea90ad712f4f0288) Importer(2089858483,192608db42251d675da83286b1cce702) (ScriptedImporter) -> (artifact id: '2885bdb432c0bda2bf381b6ddb6c0dc9') in 0.0124306 seconds
Number of updated asset objects reloaded before import = 0Number of asset objects unloaded after import = 1

========================================================================
Received Import Request.
  Time since last request: 0.000021 seconds.
  path: Assets/UI Toolkit/UnityThemes/UnityDefaultRuntimeTheme.tss
  artifactKey: Guid(a43f771b22d89fd49917e5c2559e58e6) Importer(2089858483,192608db42251d675da83286b1cce702)
Start importing Assets/UI Toolkit/UnityThemes/UnityDefaultRuntimeTheme.tss using Guid(a43f771b22d89fd49917e5c2559e58e6) Importer(2089858483,192608db42251d675da83286b1cce702) (ScriptedImporter) -> (artifact id: 'b776a925125d9a2ccf100bb60401098a') in 0.0610945 seconds
Number of updated asset objects reloaded before import = 0Number of asset objects unloaded after import = 25

========================================================================
Received Import Request.
  Time since last request: 0.000030 seconds.
  path: Assets/Samples/XR Interaction Toolkit/3.0.8/Starter Assets/DemoSceneAssets/Sprites/Circle_60x60 Outline 4.png
  artifactKey: Guid(2f8349570a152884fb6cf7ebdc8c18b3) Importer(2089858483,192608db42251d675da83286b1cce702)
Start importing Assets/Samples/XR Interaction Toolkit/3.0.8/Starter Assets/DemoSceneAssets/Sprites/Circle_60x60 Outline 4.png using Guid(2f8349570a152884fb6cf7ebdc8c18b3) Importer(2089858483,192608db42251d675da83286b1cce702) (ScriptedImporter) -> (artifact id: 'b0d44b0ed418639d04159f0af15e5c69') in 0.0195979 seconds
Number of updated asset objects reloaded before import = 0Number of asset objects unloaded after import = 3

========================================================================
Received Import Request.
  Time since last request: 0.000021 seconds.
  path: Assets/Samples/XR Interaction Toolkit/3.0.8/XR Device Simulator/UI/Mouse/MouseR.png
  artifactKey: Guid(14e910c1fb9c7514a8106ffd25f1d892) Importer(2089858483,192608db42251d675da83286b1cce702)
Start importing Assets/Samples/XR Interaction Toolkit/3.0.8/XR Device Simulator/UI/Mouse/MouseR.png using Guid(14e910c1fb9c7514a8106ffd25f1d892) Importer(2089858483,192608db42251d675da83286b1cce702) (ScriptedImporter) -> (artifact id: 'a410de14b0985e7957bc4498b0de1141') in 0.013467 seconds
Number of updated asset objects reloaded before import = 0Number of asset objects unloaded after import = 3

========================================================================
Received Import Request.
  Time since last request: 0.000019 seconds.
  path: Assets/Samples/XR Interaction Toolkit/3.0.8/Starter Assets/Prefabs/Interactors/Ray Interactor.prefab
  artifactKey: Guid(ad818c36731146e994540a1896ad8f24) Importer(2089858483,192608db42251d675da83286b1cce702)
Start importing Assets/Samples/XR Interaction Toolkit/3.0.8/Starter Assets/Prefabs/Interactors/Ray Interactor.prefab using Guid(ad818c36731146e994540a1896ad8f24) Importer(2089858483,192608db42251d675da83286b1cce702) (ScriptedImporter) -> (artifact id: '35edcf196aae30f695cb44c68e9f5c15') in 0.1132146 seconds
Number of updated asset objects reloaded before import = 0Number of asset objects unloaded after import = 10

========================================================================
Received Import Request.
  Time since last request: 0.000025 seconds.
  path: Assets/Samples/XR Interaction Toolkit/3.0.8/AR Starter Assets/Editor/Scripts/ARStarterAssetsSampleProjectValidation.cs
  artifactKey: Guid(afbe50d4e50722e49a3d6d61e82f8750) Importer(2089858483,192608db42251d675da83286b1cce702)
Start importing Assets/Samples/XR Interaction Toolkit/3.0.8/AR Starter Assets/Editor/Scripts/ARStarterAssetsSampleProjectValidation.cs using Guid(afbe50d4e50722e49a3d6d61e82f8750) Importer(2089858483,192608db42251d675da83286b1cce702) (ScriptedImporter) -> (artifact id: 'fb1a5b2159f1dbcfdc294ddf7d6af801') in 0.0092791 seconds
Number of updated asset objects reloaded before import = 0Number of asset objects unloaded after import = 0

========================================================================
Received Import Request.
  Time since last request: 0.000036 seconds.
  path: Assets/Samples/XR Interaction Toolkit/3.0.8/Starter Assets/Shaders/BiRP_Fresnel.shader
  artifactKey: Guid(b24c216c4acb0094c892a61dfbbb76b4) Importer(2089858483,192608db42251d675da83286b1cce702)
Start importing Assets/Samples/XR Interaction Toolkit/3.0.8/Starter Assets/Shaders/BiRP_Fresnel.shader using Guid(b24c216c4acb0094c892a61dfbbb76b4) Importer(2089858483,192608db42251d675da83286b1cce702) (ScriptedImporter) -> (artifact id: '7eec99e9425d0844cec907fac73dfd74') in 0.0097846 seconds
Number of updated asset objects reloaded before import = 0Number of asset objects unloaded after import = 1

========================================================================
Received Import Request.
  Time since last request: 0.000021 seconds.
  path: Assets/Samples/XR Interaction Toolkit/3.0.8/XR Device Simulator/UI/Hands/Hand_Open.png
  artifactKey: Guid(ceccab26080354140af21950c6d338d5) Importer(2089858483,192608db42251d675da83286b1cce702)
Start importing Assets/Samples/XR Interaction Toolkit/3.0.8/XR Device Simulator/UI/Hands/Hand_Open.png using Guid(ceccab26080354140af21950c6d338d5) Importer(2089858483,192608db42251d675da83286b1cce702) (ScriptedImporter) -> (artifact id: '0751a9bab9744f672b075e9b734426b6') in 0.0193424 seconds
Number of updated asset objects reloaded before import = 0Number of asset objects unloaded after import = 3

========================================================================
Received Import Request.
  Time since last request: 0.000039 seconds.
  path: Assets/TextMesh Pro/Sprites/EmojiOne Attribution.txt
  artifactKey: Guid(381dcb09d5029d14897e55f98031fca5) Importer(2089858483,192608db42251d675da83286b1cce702)
Start importing Assets/TextMesh Pro/Sprites/EmojiOne Attribution.txt using Guid(381dcb09d5029d14897e55f98031fca5) Importer(2089858483,192608db42251d675da83286b1cce702) (ScriptedImporter) -> (artifact id: 'd9356003a1be5788273efa3be40bbb6a') in 0.0073388 seconds
Number of updated asset objects reloaded before import = 0Number of asset objects unloaded after import = 1

========================================================================
Received Import Request.
  Time since last request: 0.000036 seconds.
  path: Assets/Samples/XR Interaction Toolkit/3.0.8/Hands Interaction Demo/HandsDemoSceneAssets/Prefabs/PokeButton.prefab
  artifactKey: Guid(d661f645c81f29b4aa596207971ae441) Importer(2089858483,192608db42251d675da83286b1cce702)
Start importing Assets/Samples/XR Interaction Toolkit/3.0.8/Hands Interaction Demo/HandsDemoSceneAssets/Prefabs/PokeButton.prefab using Guid(d661f645c81f29b4aa596207971ae441) Importer(2089858483,192608db42251d675da83286b1cce702) (ScriptedImporter) -> (artifact id: 'fe295dad197922cd2a77ef85e4f771ad') in 0.0414791 seconds
Number of updated asset objects reloaded before import = 0Number of asset objects unloaded after import = 46

========================================================================
Received Import Request.
  Time since last request: 0.000033 seconds.
  path: Assets/TextMesh Pro/Examples & Extras/Textures/Small Crate_diffuse.jpg
  artifactKey: Guid(602cb87b6a29443b8636370ea0751574) Importer(2089858483,192608db42251d675da83286b1cce702)
Start importing Assets/TextMesh Pro/Examples & Extras/Textures/Small Crate_diffuse.jpg using Guid(602cb87b6a29443b8636370ea0751574) Importer(2089858483,192608db42251d675da83286b1cce702) (ScriptedImporter) -> (artifact id: 'ca3570ef3113a5eb8b909623dc782675') in 0.0189159 seconds
Number of updated asset objects reloaded before import = 0Number of asset objects unloaded after import = 1

========================================================================
Received Import Request.
  Time since last request: 0.000037 seconds.
  path: Assets/Samples/XR Interaction Toolkit/3.0.8/Starter Assets/Scripts/XRPokeFollowAffordance.cs
  artifactKey: Guid(07b3638c2f5db5b479ff24c2859713d4) Importer(2089858483,192608db42251d675da83286b1cce702)
Start importing Assets/Samples/XR Interaction Toolkit/3.0.8/Starter Assets/Scripts/XRPokeFollowAffordance.cs using Guid(07b3638c2f5db5b479ff24c2859713d4) Importer(2089858483,192608db42251d675da83286b1cce702) (ScriptedImporter) -> (artifact id: '3136cd0d3e4f7c1946e5936a3afd277b') in 0.0070396 seconds
Number of updated asset objects reloaded before import = 0Number of asset objects unloaded after import = 0

========================================================================
Received Import Request.
  Time since last request: 0.000028 seconds.
  path: Assets/TextMesh Pro/Shaders/TMPro_Surface.cginc
  artifactKey: Guid(d930090c0cd643c7b55f19a38538c162) Importer(2089858483,192608db42251d675da83286b1cce702)
Start importing Assets/TextMesh Pro/Shaders/TMPro_Surface.cginc using Guid(d930090c0cd643c7b55f19a38538c162) Importer(2089858483,192608db42251d675da83286b1cce702) (ScriptedImporter) -> (artifact id: 'ede4b8a9cb6193a68ce33a1242dd222c') in 0.0102432 seconds
Number of updated asset objects reloaded before import = 0Number of asset objects unloaded after import = 1

========================================================================
Received Import Request.
  Time since last request: 568.485623 seconds.
  path: Assets/PROYECTO/Tipografias
  artifactKey: Guid(f39994a1487b7784cb4c1e93dd94a821) Importer(815301076,1909f56bfc062723c751e8b465ee728b)
Start importing Assets/PROYECTO/Tipografias using Guid(f39994a1487b7784cb4c1e93dd94a821) Importer(815301076,1909f56bfc062723c751e8b465ee728b) (PreviewImporter) -> (artifact id: 'b5c8c577744b3f4e97c754e8267a06cd') in 0.0011087 seconds
Number of updated asset objects reloaded before import = 0Number of asset objects unloaded after import = 0

========================================================================
Received Import Request.
  Time since last request: 30.333640 seconds.
  path: Assets/PROYECTO/Tipografias/Montserrat-SemiBold.ttf
  artifactKey: Guid(c557d0e0f175f1243a6e35c1b29ae3bb) Importer(815301076,1909f56bfc062723c751e8b465ee728b)
Start importing Assets/PROYECTO/Tipografias/Montserrat-SemiBold.ttf using Guid(c557d0e0f175f1243a6e35c1b29ae3bb) Importer(815301076,1909f56bfc062723c751e8b465ee728b) (PreviewImporter) -> (artifact id: 'ff2df8443ab55bddab4eb32a1c0e6dd2') in 0.4391453 seconds
Number of updated asset objects reloaded before import = 0Number of asset objects unloaded after import = 4

========================================================================
Received Prepare
Begin MonoManager ReloadAssembly
- Loaded All Assemblies, in  1.490 seconds
Script 'CharacterController' has the same name as built-in Unity component.
AddComponent and GetComponent will not work with this script.
'Packages/com.meta.xr.sdk.core/Editor/BuildingBlocks/BlocksWindow.cs' contains partial class of Unity.Object, exactly 1 of the partial classes needs to be in a file with the same filename. This is to know the one that can be referenced from ie. GameObjects
'Packages/com.meta.xr.sdk.core/Editor/BuildingBlocks/BlocksWindowDetailsExtension.cs' contains partial class of Unity.Object, exactly 1 of the partial classes needs to be in a file with the same filename. This is to know the one that can be referenced from ie. GameObjects
'Packages/com.meta.xr.sdk.core/Editor/BuildingBlocks/BlocksWindowCollectionsPageExtension.cs' contains partial class of Unity.Object, exactly 1 of the partial classes needs to be in a file with the same filename. This is to know the one that can be referenced from ie. GameObjects
Refreshing native plugins compatible for Editor in 22.83 ms, found 14 plugins.
Assertion failed on expression: 'pred(*previous, *i)'
Assertion failed on expression: 'pred(*previous, *i)'
Assertion failed on expression: 'pred(*previous, *i)'
Assertion failed on expression: 'pred(*previous, *i)'
Assertion failed on expression: 'pred(*previous, *i)'
Native extension for Android target not found
Native extension for UWP target not found
Native extension for WindowsStandalone target not found
[Package Manager] Failed to launch server process. Reason: Unity was launched with the -noUpm command-line argument
[Package Manager] Unable to send message (not connected to server process).
[Package Manager] Cannot connect to Unity Package Manager local server
[Package Manager] Failed to launch server process. Reason: Unity was launched with the -noUpm command-line argument
[Package Manager] Unable to send message (not connected to server process).
[Package Manager] Cannot connect to Unity Package Manager local server
Refreshing native plugins compatible for Editor in 24.77 ms, found 14 plugins.
[Package Manager] Failed to launch server process. Reason: Unity was launched with the -noUpm command-line argument
[Package Manager] Unable to send message (not connected to server process).
[Package Manager] Cannot connect to Unity Package Manager local server
System.Reflection.TargetInvocationException: Exception has been thrown by the target of an invocation. ---> System.TypeInitializationException: The type initializer for 'UnityEditor.XR.Interaction.Toolkit.Samples.SpatialKeyboard.Editor.SpatialKeyboardSampleProjectValidation' threw an exception. ---> System.NullReferenceException: Object reference not set to an instance of an object
  at Unity.XR.CoreUtils.Editor.PackageVersionUtility.UpdatePackageVersions () [0x00034] in .\Library\PackageCache\com.unity.xr.core-utils@c0df0dd5bced\Editor\ProjectValidation\PackageVersionUtility.cs:46 
  at Unity.XR.CoreUtils.Editor.PackageVersionUtility.GetPackageVersion (System.String packageName) [0x00011] in .\Library\PackageCache\com.unity.xr.core-utils@c0df0dd5bced\Editor\ProjectValidation\PackageVersionUtility.cs:67 
  at UnityEditor.XR.Interaction.Toolkit.Samples.SpatialKeyboard.Editor.SpatialKeyboardSampleProjectValidation..cctor () [0x00023] in D:\Carpetas del sistema NO BORRAR\GITHUB DESKTOP REPO\RealidadMixta_Iot_pruebas\Industria_IOT_MR_unity6\Assets\Samples\XR Interaction Toolkit\3.0.8\Spatial Keyboard\Editor\Scripts\SpatialKeyboardSampleProjectValidation.cs:39 
   --- End of inner exception stack trace ---
  at (wrapper managed-to-native) System.Object.__icall_wrapper_mono_gc_wbarrier_generic_nostore_internal(intptr)
  at (wrapper write-barrier) System.Object.wbarrier_conc(intptr)
  at (wrapper managed-to-native) System.Reflection.RuntimeMethodInfo.InternalInvoke(System.Reflection.RuntimeMethodInfo,object,object[],System.Exception&)
  at System.Reflection.RuntimeMethodInfo.Invoke (System.Object obj, System.Reflection.BindingFlags invokeAttr, System.Reflection.Binder binder, System.Object[] parameters, System.Globalization.CultureInfo culture) [0x0006a] in <191a1970a53948f9819ac1d2e4f5c72e>:0 
   --- End of inner exception stack trace ---
  at System.Reflection.RuntimeMethodInfo.Invoke (System.Object obj, System.Reflection.BindingFlags invokeAttr, System.Reflection.Binder binder, System.Object[] parameters, System.Globalization.CultureInfo culture) [0x00083] in <191a1970a53948f9819ac1d2e4f5c72e>:0 
  at System.Reflection.MethodBase.Invoke (System.Object obj, System.Object[] parameters) [0x00000] in <191a1970a53948f9819ac1d2e4f5c72e>:0 
  at UnityEditor.EditorAssemblies.ProcessInitializeOnLoadMethodAttributes () [0x00056] in <2f9d421960d84dffaa88793de0f4b5f3>:0 
UnityEngine.Debug:ExtractStackTraceNoAlloc (byte*,int,string)
UnityEngine.StackTraceUtility:ExtractStackTrace ()
UnityEngine.DebugLogHandler:Internal_Log (UnityEngine.LogType,UnityEngine.LogOption,string,UnityEngine.Object)
UnityEngine.DebugLogHandler:LogFormat (UnityEngine.LogType,UnityEngine.Object,string,object[])
UnityEngine.Logger:Log (UnityEngine.LogType,object)
UnityEngine.Debug:LogError (object)
UnityEditor.EditorAssemblies:ProcessInitializeOnLoadMethodAttributes ()

Mono: successfully reloaded assembly
[Package Manager] Failed to launch server process. Reason: Unity was launched with the -noUpm command-line argument
[Package Manager] Unable to send message (not connected to server process).
[Package Manager] Cannot connect to Unity Package Manager local server
- Finished resetting the current domain, in  1.557 seconds
Domain Reload Profiling: 3020ms
	BeginReloadAssembly (433ms)
		ExecutionOrderSort (0ms)
		DisableScriptedObjects (32ms)
		BackupInstance (0ms)
		ReleaseScriptingObjects (0ms)
		CreateAndSetChildDomain (154ms)
	RebuildCommonClasses (49ms)
	RebuildNativeTypeToScriptingClass (16ms)
	initialDomainReloadingComplete (52ms)
	LoadAllAssembliesAndSetupDomain (913ms)
		LoadAssemblies (749ms)
		RebuildTransferFunctionScriptingTraits (0ms)
		AnalyzeDomain (315ms)
			TypeCache.Refresh (12ms)
				TypeCache.ScanAssembly (0ms)
			BuildScriptInfoCaches (271ms)
			ResolveRequiredComponents (26ms)
	FinalizeReload (1558ms)
		ReleaseScriptCaches (0ms)
		RebuildScriptCaches (0ms)
		SetupLoadedEditorAssemblies (1244ms)
			LogAssemblyErrors (0ms)
			InitializePlatformSupportModulesInManaged (17ms)
			SetLoadedEditorAssemblies (10ms)
			BeforeProcessingInitializeOnLoad (275ms)
			ProcessInitializeOnLoadAttributes (707ms)
			ProcessInitializeOnLoadMethodAttributes (220ms)
			AfterProcessingInitializeOnLoad (14ms)
			EditorAssembliesLoaded (1ms)
		ExecutionOrderSort2 (0ms)
		AwakeInstancesAfterBackupRestoration (13ms)
Shader 'Oculus/OVRMRCameraFrameLit': fallback shader 'Alpha-Diffuse' not found
Refreshing native plugins compatible for Editor in 44.46 ms, found 14 plugins.
Preloading 0 native plugins for Editor in 0.00 ms.
Unloading 54 Unused Serialized files (Serialized files now loaded: 0)
Unloading 9227 unused Assets / (6.7 MB). Loaded Objects now: 10132.
Memory consumption went from 252.6 MB to 246.0 MB.
Total: 38.879800 ms (FindLiveObjects: 3.838000 ms CreateObjectMapping: 2.623300 ms MarkObjects: 20.355700 ms  DeleteObjects: 12.059300 ms)

Prepare: number of updated asset objects reloaded= 0
========================================================================
Received Import Request.
  Time since last request: 1748.548491 seconds.
  path: Assets/Settings/Mobile_RPAsset.asset
  artifactKey: Guid(5e6cbd92db86f4b18aec3ed561671858) Importer(815301076,1909f56bfc062723c751e8b465ee728b)
Start importing Assets/Settings/Mobile_RPAsset.asset using Guid(5e6cbd92db86f4b18aec3ed561671858) Importer(815301076,1909f56bfc062723c751e8b465ee728b) (PreviewImporter) -> (artifact id: '1e18e98cff3383903d94455bdfc1cf7e') in 0.035439 seconds
Number of updated asset objects reloaded before import = 0Number of asset objects unloaded after import = 0

========================================================================
Received Import Request.
  Time since last request: 57.886429 seconds.
  path: Assets/Settings/DefaultVolumeProfile.asset
  artifactKey: Guid(ab09877e2e707104187f6f83e2f62510) Importer(815301076,1909f56bfc062723c751e8b465ee728b)
Start importing Assets/Settings/DefaultVolumeProfile.asset using Guid(ab09877e2e707104187f6f83e2f62510) Importer(815301076,1909f56bfc062723c751e8b465ee728b) (PreviewImporter) -> (artifact id: '61fcaba4c9b0d250dacfd92b45729ef9') in 0.0014586 seconds
Number of updated asset objects reloaded before import = 1Number of asset objects unloaded after import = 0

